PROJECT_ID,PROJECT_NAME,PROJECT_CUSTOMER,PROJECT_VERTICAL,PROJECT_EXECUTION_UNIT,PROJECT_TYPE,PROJECT_STATUS,PROJECT_MANAGER_ID,PROJECT_MANAGER_NAME,ASDM_NUMBER,ASDM_NAME,PM_STATUS,BILLING_CYCLE_START_DATE,BILLING_CYCLE_END_DATE,Vertical,Unit,Commercial Model
PID_01,PRJ_01,CUST_01,PRJ_Vert_01,PRJ_Exec_01,Standard Billable,Active,PM_01,Project_Manager_01,ASDM_01,Account_Service_Delivery_Manager_01,Confirmed,01-03-2026,31-03-2026,Vertical_01,Unit_01,Commercial_Model_01
PID_02,PRJ_02,CUST_02,PRJ_Vert_02,PRJ_Exec_02,Standard Billable,Active,PM_02,Project_Manager_02,ASDM_02,Account_Service_Delivery_Manager_02,Confirmed,01-03-2026,31-03-2026,Vertical_02,Unit_01,Commercial_Model_02
PID_03,PRJ_03,CUST_03,PRJ_Vert_03,PRJ_Exec_03,Standard Billable,Active,PM_03,Project_Manager_03,ASDM_03,Account_Service_Delivery_Manager_03,Confirmed,01-03-2026,31-03-2026,Vertical_03,Unit_01,Commercial_Model_03
PID_04,PRJ_04,CUST_04,PRJ_Vert_04,PRJ_Exec_04,Standard Billable,Active,PM_04,Project_Manager_04,ASDM_04,Account_Service_Delivery_Manager_04,Confirmed,01-03-2026,31-03-2026,Vertical_04,Unit_01,Commercial_Model_04
PID_08,PRJ_08,CUST_08,PRJ_Vert_02,PRJ_Exec_07,Standard Billable,Active,PM_08,Project_Manager_08,ASDM_08,Account_Service_Delivery_Manager_08,Confirmed,01-03-2026,31-03-2026,Vertical_02,Unit_02,Commercial_Model_03
PID_09,PRJ_09,CUST_09,PRJ_Vert_04,PRJ_Exec_08,Standard Billable,Active,PM_09,Project_Manager_09,ASDM_09,Account_Service_Delivery_Manager_09,Yet to be confirmed,01-03-2026,31-03-2026,Vertical_04,Unit_01,Commercial_Model_04
PID_10,PRJ_10,CUST_10,PRJ_Vert_04,PRJ_Exec_08,Standard Billable,Active,PM_10,Project_Manager_10,ASDM_10,Account_Service_Delivery_Manager_10,Yet to be confirmed,01-03-2026,31-03-2026,Vertical_04,Unit_01,Commercial_Model_01
PID_11,PRJ_11,CUST_11,PRJ_Vert_05,PRJ_Exec_09,Standard Billable,Active,PM_11,Project_Manager_11,ASDM_11,Account_Service_Delivery_Manager_11,Confirmed,01-03-2026,31-03-2026,Vertical_05,Unit_01,Commercial_Model_04
PID_12,PRJ_12,CUST_12,PRJ_Vert_03,PRJ_Exec_10,Standard Billable,Active,PM_12,Project_Manager_12,ASDM_12,Account_Service_Delivery_Manager_12,Yet to be confirmed,01-03-2026,31-03-2026,Vertical_03,Unit_02,Commercial_Model_02
PID_13,PRJ_13,CUST_13,PRJ_Vert_06,PRJ_Exec_11,Standard Billable,Active,PM_13,Project_Manager_13,ASDM_13,Account_Service_Delivery_Manager_13,Yet to be confirmed,01-03-2026,31-03-2026,Vertical_06,Unit_01,Commercial_Model_04
PID_14,PRJ_14,CUST_14,PRJ_Vert_06,PRJ_Exec_12,Standard Billable,Active,PM_14,Project_Manager_14,ASDM_14,Account_Service_Delivery_Manager_14,Confirmed,01-03-2026,31-03-2026,Vertical_06,Unit_01,Commercial_Model_02
PID_15,PRJ_15,CUST_15,PRJ_Vert_01,PRJ_Exec_13,Standard Billable,Active,PM_15,Project_Manager_15,ASDM_15,Account_Service_Delivery_Manager_15,Confirmed,01-03-2026,31-03-2026,Vertical_01,Unit_02,Commercial_Model_03
PID_16,PRJ_16,CUST_16,PRJ_Vert_07,PRJ_Exec_05,Standard Billable,Active,PM_16,Project_Manager_16,ASDM_16,Account_Service_Delivery_Manager_16,Confirmed,01-03-2026,31-03-2026,Vertical_07,Unit_01,Commercial_Model_02
PID_17,PRJ_17,CUST_12,PRJ_Vert_03,PRJ_Exec_10,Standard Billable,Active,PM_12,Project_Manager_12,ASDM_12,Account_Service_Delivery_Manager_12,Yet to be confirmed,01-03-2026,31-03-2026,Vertical_03,Unit_02,Commercial_Model_02
PID_18,PRJ_18,CUST_17,PRJ_Vert_04,PRJ_Exec_14,Standard Billable,Active,PM_17,Project_Manager_17,ASDM_17,Account_Service_Delivery_Manager_17,Yet to be confirmed,01-03-2026,31-03-2026,Vertical_04,Unit_02,Commercial_Model_03
PID_19,PRJ_19,CUST_18,PRJ_Vert_01,PRJ_Exec_05,Standard Billable,Active,PM_18,Project_Manager_18,ASDM_18,Account_Service_Delivery_Manager_18,Yet to be confirmed,01-03-2026,31-03-2026,Vertical_01,Unit_01,Commercial_Model_01
PID_1029,PRJ_1029,CUST_27,PRJ_Vert_03,PRJ_Exec_10,Standard Billable,Active,PM_174,Project_Manager_174,ASDM_27,Account_Service_Delivery_Manager_27,Confirmed,01-03-2026,31-03-2026,Vertical_03,Unit_02,Commercial_Model_02
PID_20,PRJ_20,CUST_19,PRJ_Vert_04,PRJ_Exec_08,Standard Billable,Active,PM_19,Project_Manager_19,ASDM_19,Account_Service_Delivery_Manager_19,Yet to be confirmed,01-03-2026,31-03-2026,Vertical_04,Unit_01,Commercial_Model_04
PID_22,PRJ_22,CUST_21,PRJ_Vert_02,PRJ_Exec_15,Standard Billable,Active,PM_21,Project_Manager_21,ASDM_21,Account_Service_Delivery_Manager_21,Yet to be confirmed,01-03-2026,31-03-2026,Vertical_02,Unit_01,Commercial_Model_02
PID_23,PRJ_23,CUST_22,PRJ_Vert_02,PRJ_Exec_16,Standard Billable,Active,PM_22,Project_Manager_22,ASDM_22,Account_Service_Delivery_Manager_22,Yet to be confirmed,01-03-2026,31-03-2026,Vertical_02,Unit_01,Commercial_Model_02
PID_24,PRJ_24,CUST_23,PRJ_Vert_04,PRJ_Exec_13,Standard Billable,Active,PM_23,Project_Manager_23,ASDM_23,Account_Service_Delivery_Manager_23,Yet to be confirmed,01-03-2026,31-03-2026,Vertical_04,Unit_02,Commercial_Model_03
PID_25,PRJ_25,CUST_24,PRJ_Vert_01,PRJ_Exec_13,Standard Billable,Active,PM_24,Project_Manager_24,ASDM_24,Account_Service_Delivery_Manager_24,Confirmed,01-03-2026,31-03-2026,Vertical_01,Unit_02,Commercial_Model_02
PID_26,PRJ_26,CUST_25,PRJ_Vert_01,PRJ_Exec_17,Standard Billable,Active,PM_25,Project_Manager_25,ASDM_25,Account_Service_Delivery_Manager_25,Confirmed,01-03-2026,31-03-2026,Vertical_01,Unit_02,Commercial_Model_02
PID_27,PRJ_27,CUST_26,PRJ_Vert_02,PRJ_Exec_15,Standard Billable,Active,PM_26,Project_Manager_26,ASDM_26,Account_Service_Delivery_Manager_26,Confirmed,01-03-2026,31-03-2026,Vertical_02,Unit_01,Commercial_Model_02
PID_28,PRJ_28,CUST_27,PRJ_Vert_03,PRJ_Exec_03,Standard Billable,Active,PM_27,Project_Manager_27,ASDM_27,Account_Service_Delivery_Manager_27,Yet to be confirmed,01-03-2026,31-03-2026,Vertical_03,Unit_01,Commercial_Model_04
PID_768,PRJ_768,CUST_282,PRJ_Vert_01,PRJ_Exec_05,Standard Billable,Active,PM_222,Project_Manager_222,ASDM_64,Account_Service_Delivery_Manager_63,Confirmed,01-03-2026,31-03-2026,Vertical_01,Unit_01,Commercial_Model_02
PID_256,PRJ_256,CUST_69,PRJ_Vert_05,PRJ_Exec_09,Standard Billable,Active,PM_71,Project_Manager_71,ASDM_58,Account_Service_Delivery_Manager_50,Confirmed,01-03-2026,31-03-2026,Vertical_05,Unit_01,Commercial_Model_02
PID_29,PRJ_29,CUST_20,PRJ_Vert_03,PRJ_Exec_03,Standard Billable,Active,PM_28,Project_Manager_28,ASDM_20,Account_Service_Delivery_Manager_20,Yet to be confirmed,01-03-2026,31-03-2026,Vertical_03,Unit_01,Commercial_Model_04
PID_30,PRJ_30,CUST_28,PRJ_Vert_01,PRJ_Exec_05,Standard Billable,Active,PM_29,Project_Manager_29,ASDM_28,Account_Service_Delivery_Manager_28,Yet to be confirmed,01-03-2026,31-03-2026,Vertical_01,Unit_01,Commercial_Model_02
PID_1816,PRJ_1816,CUST_27,PRJ_Vert_03,PRJ_Exec_10,Standard Billable,Active,PM_174,Project_Manager_174,ASDM_27,Account_Service_Delivery_Manager_27,Confirmed,01-03-2026,31-03-2026,Vertical_03,Unit_02,Commercial_Model_02
PID_31,PRJ_31,CUST_13,PRJ_Vert_06,PRJ_Exec_18,Standard Billable,Active,PM_30,Project_Manager_30,ASDM_29,Account_Service_Delivery_Manager_29,Confirmed,01-03-2026,31-03-2026,Vertical_06,Unit_01,Commercial_Model_04
PID_23,PRJ_23,CUST_22,PRJ_Vert_02,PRJ_Exec_31,Standard Billable,Active,PM_22,Project_Manager_22,ASDM_22,Account_Service_Delivery_Manager_22,Yet to be confirmed,01-03-2026,31-03-2026,Vertical_02,Unit_01,Commercial_Model_02
PID_32,PRJ_32,CUST_03,PRJ_Vert_03,PRJ_Exec_03,Standard Billable,Active,PM_03,Project_Manager_03,ASDM_03,Account_Service_Delivery_Manager_03,Confirmed,01-03-2026,31-03-2026,Vertical_03,Unit_01,Commercial_Model_03
PID_33,PRJ_33,CUST_29,PRJ_Vert_02,PRJ_Exec_19,Standard Billable,Active,PM_31,Project_Manager_31,ASDM_30,Account_Service_Delivery_Manager_30,Yet to be confirmed,01-03-2026,31-03-2026,Vertical_02,Unit_01,Commercial_Model_02
PID_36,PRJ_36,CUST_04,PRJ_Vert_04,PRJ_Exec_04,Standard Billable,Active,PM_34,Project_Manager_34,ASDM_04,Account_Service_Delivery_Manager_04,Confirmed,01-03-2026,31-03-2026,Vertical_04,Unit_01,Commercial_Model_04
PID_37,PRJ_37,CUST_32,PRJ_Vert_05,PRJ_Exec_09,Standard Billable,Active,PM_35,Project_Manager_35,ASDM_33,Account_Service_Delivery_Manager_33,Confirmed,01-03-2026,31-03-2026,Vertical_05,Unit_01,Commercial_Model_04
PID_268,PRJ_268,CUST_49,PRJ_Vert_03,PRJ_Exec_03,Standard Billable,Active,PM_53,Project_Manager_53,ASDM_46,Account_Service_Delivery_Manager_46,Confirmed,01-03-2026,31-03-2026,Vertical_03,Unit_01,Commercial_Model_04
PID_38,PRJ_38,CUST_33,PRJ_Vert_02,PRJ_Exec_16,Standard Billable,Active,PM_36,Project_Manager_36,ASDM_34,Account_Service_Delivery_Manager_34,Confirmed,01-03-2026,31-03-2026,Vertical_02,Unit_01,Commercial_Model_01
PID_39,PRJ_39,CUST_12,PRJ_Vert_03,PRJ_Exec_10,Standard Billable,Active,PM_12,Project_Manager_12,ASDM_12,Account_Service_Delivery_Manager_12,Yet to be confirmed,01-03-2026,31-03-2026,Vertical_03,Unit_02,Commercial_Model_02
PID_40,PRJ_40,CUST_34,PRJ_Vert_06,PRJ_Exec_07,Standard Billable,Active,PM_37,Project_Manager_37,ASDM_35,Account_Service_Delivery_Manager_35,Confirmed,01-03-2026,31-03-2026,Vertical_06,Unit_02,Commercial_Model_03
PID_41,PRJ_41,CUST_13,PRJ_Vert_06,PRJ_Exec_21,Standard Billable,Active,PM_38,Project_Manager_38,ASDM_36,Account_Service_Delivery_Manager_36,Confirmed,01-03-2026,31-03-2026,Vertical_06,Unit_01,Commercial_Model_01
PID_42,PRJ_42,CUST_35,PRJ_Vert_01,PRJ_Exec_22,Standard Billable,Active,PM_39,Project_Manager_39,ASDM_37,Account_Service_Delivery_Manager_37,Yet to be confirmed,01-03-2026,31-03-2026,Vertical_01,Unit_01,Commercial_Model_04
PID_43,PRJ_43,CUST_36,PRJ_Vert_02,PRJ_Exec_23,Standard Billable,Active,PM_40,Project_Manager_40,ASDM_38,Account_Service_Delivery_Manager_38,Yet to be confirmed,01-03-2026,31-03-2026,Vertical_02,Unit_01,Commercial_Model_05
PID_1600,PRJ_1600,CUST_121,PRJ_Vert_01,PRJ_Exec_24,Standard Billable,Active,PM_146,Project_Manager_146,ASDM_81,Account_Service_Delivery_Manager_80,Confirmed,01-03-2026,31-03-2026,Vertical_01,Unit_01,Commercial_Model_01
PID_44,PRJ_44,CUST_37,PRJ_Vert_01,PRJ_Exec_24,Standard Billable,Active,PM_41,Project_Manager_41,ASDM_39,Account_Service_Delivery_Manager_39,Confirmed,01-03-2026,31-03-2026,Vertical_01,Unit_01,Commercial_Model_04
PID_161,PRJ_161,CUST_40,PRJ_Vert_01,PRJ_Exec_05,Standard Billable,Active,PM_130,Project_Manager_130,ASDM_41,Account_Service_Delivery_Manager_41,Confirmed,01-03-2026,31-03-2026,Vertical_01,Unit_01,Commercial_Model_02
PID_46,PRJ_46,CUST_13,PRJ_Vert_06,PRJ_Exec_25,Standard Billable,Active,PM_43,Project_Manager_43,ASDM_36,Account_Service_Delivery_Manager_36,Yet to be confirmed,01-03-2026,31-03-2026,Vertical_06,Unit_01,Commercial_Model_01
PID_47,PRJ_47,CUST_07,PRJ_Vert_03,PRJ_Exec_03,Standard Billable,Active,PM_07,Project_Manager_07,ASDM_07,Account_Service_Delivery_Manager_07,Confirmed,01-03-2026,31-03-2026,Vertical_03,Unit_01,Commercial_Model_05
PID_48,PRJ_48,CUST_39,PRJ_Vert_01,PRJ_Exec_05,Standard Billable,Active,PM_44,Project_Manager_44,ASDM_41,Account_Service_Delivery_Manager_41,Confirmed,01-03-2026,31-03-2026,Vertical_01,Unit_01,Commercial_Model_02
PID_49,PRJ_49,CUST_40,PRJ_Vert_01,PRJ_Exec_05,Standard Billable,Active,PM_45,Project_Manager_45,ASDM_41,Account_Service_Delivery_Manager_41,Confirmed,01-03-2026,31-03-2026,Vertical_01,Unit_01,Commercial_Model_02
PID_50,PRJ_50,CUST_41,PRJ_Vert_02,PRJ_Exec_26,Standard Billable,Active,PM_46,Project_Manager_46,ASDM_02,Account_Service_Delivery_Manager_02,Confirmed,01-03-2026,31-03-2026,Vertical_02,Unit_02,Commercial_Model_02
PID_51,PRJ_51,CUST_42,PRJ_Vert_05,PRJ_Exec_09,Standard Billable,Active,PM_47,Project_Manager_47,ASDM_42,Account_Service_Delivery_Manager_42,Yet to be confirmed,01-03-2026,31-03-2026,Vertical_05,Unit_01,Commercial_Model_04
PID_52,PRJ_52,CUST_43,PRJ_Vert_02,PRJ_Exec_06,Standard Billable,Active,PM_48,Project_Manager_48,ASDM_06,Account_Service_Delivery_Manager_06,Yet to be confirmed,01-03-2026,31-03-2026,Vertical_02,Unit_01,Commercial_Model_04
PID_54,PRJ_54,CUST_45,PRJ_Vert_02,PRJ_Exec_17,Standard Billable,Active,PM_50,Project_Manager_50,ASDM_25,Account_Service_Delivery_Manager_25,Confirmed,01-03-2026,31-03-2026,Vertical_02,Unit_02,Commercial_Model_02
PID_55,PRJ_55,CUST_10,PRJ_Vert_04,PRJ_Exec_08,Standard Billable,Active,PM_10,Project_Manager_10,ASDM_10,Account_Service_Delivery_Manager_10,Yet to be confirmed,01-03-2026,31-03-2026,Vertical_04,Unit_01,Commercial_Model_02
PID_56,PRJ_56,CUST_46,PRJ_Vert_02,PRJ_Exec_27,Standard Billable,Active,PM_07,Project_Manager_07,ASDM_44,Account_Service_Delivery_Manager_44,Confirmed,01-03-2026,31-03-2026,Vertical_02,Unit_01,Commercial_Model_01
PID_57,PRJ_57,CUST_47,PRJ_Vert_01,PRJ_Exec_24,Standard Billable,Active,PM_51,Project_Manager_51,ASDM_45,Account_Service_Delivery_Manager_45,Yet to be confirmed,01-03-2026,31-03-2026,Vertical_01,Unit_01,Commercial_Model_04
PID_58,PRJ_58,CUST_03,PRJ_Vert_03,PRJ_Exec_03,Standard Billable,Active,PM_03,Project_Manager_03,ASDM_03,Account_Service_Delivery_Manager_03,Confirmed,01-03-2026,31-03-2026,Vertical_03,Unit_01,Commercial_Model_01
PID_59,PRJ_59,CUST_12,PRJ_Vert_03,PRJ_Exec_10,Standard Billable,Active,PM_12,Project_Manager_12,ASDM_12,Account_Service_Delivery_Manager_12,Yet to be confirmed,01-03-2026,31-03-2026,Vertical_03,Unit_02,Commercial_Model_02
PID_60,PRJ_60,CUST_48,PRJ_Vert_02,PRJ_Exec_19,Standard Billable,Active,PM_52,Project_Manager_52,ASDM_30,Account_Service_Delivery_Manager_30,Confirmed,01-03-2026,31-03-2026,Vertical_02,Unit_01,Commercial_Model_04
PID_61,PRJ_61,CUST_03,PRJ_Vert_03,PRJ_Exec_03,Standard Billable,Active,PM_03,Project_Manager_03,ASDM_03,Account_Service_Delivery_Manager_03,Confirmed,01-03-2026,31-03-2026,Vertical_03,Unit_01,Commercial_Model_01
PID_63,PRJ_63,CUST_50,PRJ_Vert_02,PRJ_Exec_07,Standard Billable,Active,PM_54,Project_Manager_54,ASDM_08,Account_Service_Delivery_Manager_08,Confirmed,01-03-2026,31-03-2026,Vertical_02,Unit_02,Commercial_Model_03
PID_531,PRJ_531,CUST_226,PRJ_Vert_03,PRJ_Exec_10,Standard Billable,Active,PM_312,Project_Manager_312,,Account_Service_Delivery_Manager_117,Confirmed,01-03-2026,31-03-2026,Vertical_03,Unit_02,Commercial_Model_04
PID_64,PRJ_64,CUST_51,PRJ_Vert_01,PRJ_Exec_01,Standard Billable,Active,PM_55,Project_Manager_55,ASDM_47,Account_Service_Delivery_Manager_47,Confirmed,01-03-2026,31-03-2026,Vertical_01,Unit_01,Commercial_Model_04
PID_65,PRJ_65,CUST_52,PRJ_Vert_02,PRJ_Exec_07,Standard Billable,Active,PM_56,Project_Manager_56,ASDM_08,Account_Service_Delivery_Manager_08,Confirmed,01-03-2026,31-03-2026,Vertical_02,Unit_02,Commercial_Model_03
PID_66,PRJ_66,CUST_13,PRJ_Vert_06,PRJ_Exec_28,Standard Billable,Active,PM_57,Project_Manager_57,ASDM_48,Account_Service_Delivery_Manager_48,Confirmed,01-03-2026,31-03-2026,Vertical_06,Unit_01,Commercial_Model_04
PID_67,PRJ_67,CUST_12,PRJ_Vert_03,PRJ_Exec_10,Standard Billable,Active,PM_12,Project_Manager_12,ASDM_12,Account_Service_Delivery_Manager_12,Yet to be confirmed,01-03-2026,31-03-2026,Vertical_03,Unit_02,Commercial_Model_02
PID_68,PRJ_68,CUST_53,PRJ_Vert_06,PRJ_Exec_29,Standard Billable,Active,PM_58,Project_Manager_58,ASDM_49,Account_Service_Delivery_Manager_49,Confirmed,01-03-2026,31-03-2026,Vertical_06,Unit_01,Commercial_Model_04
PID_1617,PRJ_1617,CUST_154,PRJ_Vert_03,PRJ_Exec_03,Customer Non Billable,Active,PM_294,Project_Manager_294,ASDM_131,Account_Service_Delivery_Manager_130,Confirmed,01-03-2026,31-03-2026,Vertical_03,Unit_01,Commercial_Model_05
PID_69,PRJ_69,CUST_13,PRJ_Vert_06,PRJ_Exec_11,Standard Billable,Active,PM_59,Project_Manager_59,ASDM_13,Account_Service_Delivery_Manager_13,Confirmed,01-03-2026,31-03-2026,Vertical_06,Unit_01,Commercial_Model_04
PID_70,PRJ_70,CUST_44,PRJ_Vert_03,PRJ_Exec_03,Standard Billable,Active,PM_60,Project_Manager_60,ASDM_43,Account_Service_Delivery_Manager_43,Confirmed,01-03-2026,31-03-2026,Vertical_03,Unit_01,Commercial_Model_04
PID_72,PRJ_72,CUST_55,PRJ_Vert_03,PRJ_Exec_03,Standard Billable,Active,PM_62,Project_Manager_62,ASDM_07,Account_Service_Delivery_Manager_07,Confirmed,01-03-2026,31-03-2026,Vertical_03,Unit_01,Commercial_Model_04
PID_73,PRJ_73,CUST_56,PRJ_Vert_05,PRJ_Exec_30,Standard Billable,Active,PM_63,Project_Manager_63,ASDM_51,Account_Service_Delivery_Manager_51,Confirmed,01-03-2026,31-03-2026,Vertical_05,Unit_02,Commercial_Model_02
PID_74,PRJ_74,CUST_12,PRJ_Vert_03,PRJ_Exec_10,Standard Billable,Active,PM_12,Project_Manager_12,ASDM_12,Account_Service_Delivery_Manager_12,Yet to be confirmed,01-03-2026,31-03-2026,Vertical_03,Unit_02,Commercial_Model_02
PID_75,PRJ_75,CUST_57,PRJ_Vert_01,PRJ_Exec_01,Standard Billable,Active,PM_64,Project_Manager_64,ASDM_52,Account_Service_Delivery_Manager_52,Confirmed,01-03-2026,31-03-2026,Vertical_01,Unit_01,Commercial_Model_02
PID_76,PRJ_76,CUST_58,PRJ_Vert_01,PRJ_Exec_05,Standard Billable,Active,PM_65,Project_Manager_65,ASDM_53,Account_Service_Delivery_Manager_53,Yet to be confirmed,01-03-2026,31-03-2026,Vertical_01,Unit_01,Commercial_Model_01
PID_77,PRJ_77,CUST_59,PRJ_Vert_08,PRJ_Exec_05,Standard Billable,Active,PM_66,Project_Manager_66,ASDM_54,Account_Service_Delivery_Manager_54,Yet to be confirmed,01-03-2026,31-03-2026,Vertical_08,Unit_01,Commercial_Model_02
PID_1626,PRJ_1626,CUST_44,PRJ_Vert_03,PRJ_Exec_03,Standard Billable,Active,PM_635,Project_Manager_634,ASDM_43,Account_Service_Delivery_Manager_43,Confirmed,01-03-2026,31-03-2026,Vertical_03,Unit_01,Commercial_Model_04
PID_549,PRJ_549,CUST_154,PRJ_Vert_03,PRJ_Exec_17,Standard Billable,Active,PM_321,Project_Manager_321,ASDM_95,Account_Service_Delivery_Manager_94,Confirmed,01-03-2026,31-03-2026,Vertical_03,Unit_02,Commercial_Model_03
PID_80,PRJ_80,CUST_62,PRJ_Vert_06,PRJ_Exec_32,Standard Billable,Active,PM_69,Project_Manager_69,ASDM_56,Account_Service_Delivery_Manager_56,Confirmed,01-03-2026,31-03-2026,Vertical_06,Unit_01,Commercial_Model_01
PID_81,PRJ_81,CUST_63,PRJ_Vert_01,PRJ_Exec_20,Standard Billable,Active,PM_70,Project_Manager_70,ASDM_57,Account_Service_Delivery_Manager_57,Confirmed,01-03-2026,31-03-2026,Vertical_01,Unit_01,Commercial_Model_02
PID_82,PRJ_82,CUST_54,PRJ_Vert_02,PRJ_Exec_19,Standard Billable,Active,PM_71,Project_Manager_71,ASDM_58,Account_Service_Delivery_Manager_50,Confirmed,01-03-2026,31-03-2026,Vertical_02,Unit_01,Commercial_Model_02
PID_83,PRJ_83,CUST_64,PRJ_Vert_01,PRJ_Exec_31,Standard Billable,Active,PM_72,Project_Manager_72,ASDM_55,Account_Service_Delivery_Manager_55,Confirmed,01-03-2026,31-03-2026,Vertical_01,Unit_01,Commercial_Model_02
PID_84,PRJ_84,CUST_27,PRJ_Vert_03,PRJ_Exec_03,Standard Billable,Active,PM_73,Project_Manager_73,ASDM_27,Account_Service_Delivery_Manager_27,Yet to be confirmed,01-03-2026,31-03-2026,Vertical_03,Unit_01,Commercial_Model_04
PID_85,PRJ_85,CUST_13,PRJ_Vert_06,PRJ_Exec_18,Standard Billable,Active,PM_74,Project_Manager_74,ASDM_29,Account_Service_Delivery_Manager_29,Confirmed,01-03-2026,31-03-2026,Vertical_06,Unit_01,Commercial_Model_04
PID_86,PRJ_86,CUST_65,PRJ_Vert_01,PRJ_Exec_33,Standard Billable,Active,PM_75,Project_Manager_75,ASDM_39,Account_Service_Delivery_Manager_39,Confirmed,01-03-2026,31-03-2026,Vertical_01,Unit_01,Commercial_Model_04
PID_558,PRJ_558,CUST_200,PRJ_Vert_01,PRJ_Exec_20,Standard Billable,Active,PM_263,Project_Manager_263,ASDM_31,Account_Service_Delivery_Manager_31,Confirmed,01-03-2026,31-03-2026,Vertical_01,Unit_01,Commercial_Model_04
PID_87,PRJ_87,CUST_27,PRJ_Vert_03,PRJ_Exec_03,Standard Billable,Active,PM_76,Project_Manager_76,ASDM_27,Account_Service_Delivery_Manager_27,Confirmed,01-03-2026,31-03-2026,Vertical_03,Unit_01,Commercial_Model_04
PID_88,PRJ_88,CUST_12,PRJ_Vert_03,PRJ_Exec_10,Standard Billable,Active,PM_12,Project_Manager_12,ASDM_12,Account_Service_Delivery_Manager_12,Yet to be confirmed,01-03-2026,31-03-2026,Vertical_03,Unit_02,Commercial_Model_02
PID_90,PRJ_90,CUST_67,PRJ_Vert_02,PRJ_Exec_23,Standard Billable,Active,PM_78,Project_Manager_78,ASDM_59,Account_Service_Delivery_Manager_58,Confirmed,01-03-2026,31-03-2026,Vertical_02,Unit_01,Commercial_Model_02
PID_91,PRJ_91,CUST_42,PRJ_Vert_05,PRJ_Exec_09,Standard Billable,Active,PM_79,Project_Manager_79,ASDM_42,Account_Service_Delivery_Manager_42,Yet to be confirmed,01-03-2026,31-03-2026,Vertical_05,Unit_01,Commercial_Model_04
PID_92,PRJ_92,CUST_68,PRJ_Vert_05,PRJ_Exec_05,Standard Billable,Active,PM_80,Project_Manager_80,ASDM_11,Account_Service_Delivery_Manager_11,Confirmed,01-03-2026,31-03-2026,Vertical_05,Unit_01,Commercial_Model_02
PID_93,PRJ_93,CUST_27,PRJ_Vert_03,PRJ_Exec_03,Standard Billable,Active,PM_81,Project_Manager_81,ASDM_27,Account_Service_Delivery_Manager_27,Yet to be confirmed,01-03-2026,31-03-2026,Vertical_03,Unit_01,Commercial_Model_04
PID_94,PRJ_94,CUST_69,PRJ_Vert_05,PRJ_Exec_09,Standard Billable,Active,PM_71,Project_Manager_71,ASDM_58,Account_Service_Delivery_Manager_50,Confirmed,01-03-2026,31-03-2026,Vertical_05,Unit_01,Commercial_Model_02
PID_95,PRJ_95,CUST_70,PRJ_Vert_01,PRJ_Exec_01,Standard Billable,Active,PM_82,Project_Manager_82,ASDM_52,Account_Service_Delivery_Manager_52,Yet to be confirmed,01-03-2026,31-03-2026,Vertical_01,Unit_01,Commercial_Model_04
PID_96,PRJ_96,CUST_71,PRJ_Vert_02,PRJ_Exec_23,Standard Billable,Active,PM_83,Project_Manager_83,ASDM_60,Account_Service_Delivery_Manager_59,Yet to be confirmed,01-03-2026,31-03-2026,Vertical_02,Unit_01,Commercial_Model_01
PID_97,PRJ_97,CUST_27,PRJ_Vert_03,PRJ_Exec_03,Standard Billable,Active,PM_84,Project_Manager_84,ASDM_27,Account_Service_Delivery_Manager_27,Confirmed,01-03-2026,31-03-2026,Vertical_03,Unit_01,Commercial_Model_04
PID_98,PRJ_98,CUST_10,PRJ_Vert_04,PRJ_Exec_08,Standard Billable,Active,PM_10,Project_Manager_10,ASDM_10,Account_Service_Delivery_Manager_10,Confirmed,01-03-2026,31-03-2026,Vertical_04,Unit_01,Commercial_Model_01
PID_99,PRJ_99,CUST_68,PRJ_Vert_05,PRJ_Exec_16,Standard Billable,Active,PM_85,Project_Manager_85,ASDM_11,Account_Service_Delivery_Manager_11,Confirmed,01-03-2026,31-03-2026,Vertical_05,Unit_01,Commercial_Model_02
PID_857,PRJ_857,CUST_13,PRJ_Vert_06,PRJ_Exec_31,Standard Billable,Active,PM_423,Project_Manager_423,ASDM_36,Account_Service_Delivery_Manager_36,Confirmed,01-03-2026,31-03-2026,Vertical_06,Unit_01,Commercial_Model_01
PID_100,PRJ_100,CUST_72,PRJ_Vert_01,PRJ_Exec_01,Standard Billable,Active,PM_86,Project_Manager_86,ASDM_55,Account_Service_Delivery_Manager_55,Confirmed,01-03-2026,31-03-2026,Vertical_01,Unit_01,Commercial_Model_04
PID_101,PRJ_101,CUST_73,PRJ_Vert_02,PRJ_Exec_15,Standard Billable,Active,PM_87,Project_Manager_87,ASDM_26,Account_Service_Delivery_Manager_26,Confirmed,01-03-2026,31-03-2026,Vertical_02,Unit_01,Commercial_Model_01
PID_102,PRJ_102,CUST_68,PRJ_Vert_05,PRJ_Exec_16,Standard Billable,Active,PM_88,Project_Manager_88,ASDM_11,Account_Service_Delivery_Manager_11,Confirmed,01-03-2026,31-03-2026,Vertical_05,Unit_01,Commercial_Model_01
PID_105,PRJ_105,CUST_75,PRJ_Vert_01,PRJ_Exec_24,Standard Billable,Active,PM_91,Project_Manager_91,ASDM_62,Account_Service_Delivery_Manager_61,Confirmed,01-03-2026,31-03-2026,Vertical_01,Unit_01,Commercial_Model_01
PID_107,PRJ_107,CUST_49,PRJ_Vert_03,PRJ_Exec_03,Standard Billable,Active,PM_93,Project_Manager_93,ASDM_46,Account_Service_Delivery_Manager_46,Confirmed,01-03-2026,31-03-2026,Vertical_03,Unit_01,Commercial_Model_04
PID_108,PRJ_108,CUST_77,PRJ_Vert_01,PRJ_Exec_35,Standard Billable,Active,PM_94,Project_Manager_94,ASDM_64,Account_Service_Delivery_Manager_63,Yet to be confirmed,01-03-2026,31-03-2026,Vertical_01,Unit_01,Commercial_Model_05
PID_109,PRJ_109,CUST_78,PRJ_Vert_01,PRJ_Exec_22,Standard Billable,Active,PM_95,Project_Manager_95,ASDM_65,Account_Service_Delivery_Manager_64,Confirmed,01-03-2026,31-03-2026,Vertical_01,Unit_01,Commercial_Model_01
PID_110,PRJ_110,CUST_79,PRJ_Vert_03,PRJ_Exec_03,Standard Billable,Active,PM_93,Project_Manager_93,ASDM_46,Account_Service_Delivery_Manager_46,Confirmed,01-03-2026,31-03-2026,Vertical_03,Unit_01,Commercial_Model_05
PID_111,PRJ_111,CUST_80,PRJ_Vert_02,PRJ_Exec_06,Standard Billable,Active,PM_96,Project_Manager_96,ASDM_06,Account_Service_Delivery_Manager_06,Yet to be confirmed,01-03-2026,31-03-2026,Vertical_02,Unit_01,Commercial_Model_04
PID_112,PRJ_112,CUST_81,PRJ_Vert_05,PRJ_Exec_09,Standard Billable,Active,PM_97,Project_Manager_97,ASDM_33,Account_Service_Delivery_Manager_33,Confirmed,01-03-2026,31-03-2026,Vertical_05,Unit_01,Commercial_Model_04
PID_113,PRJ_113,CUST_82,PRJ_Vert_06,PRJ_Exec_29,Standard Billable,Active,PM_98,Project_Manager_98,ASDM_66,Account_Service_Delivery_Manager_65,Confirmed,01-03-2026,31-03-2026,Vertical_06,Unit_01,Commercial_Model_01
PID_114,PRJ_114,CUST_22,PRJ_Vert_02,PRJ_Exec_15,Standard Billable,Active,PM_99,Project_Manager_99,ASDM_22,Account_Service_Delivery_Manager_22,Confirmed,01-03-2026,31-03-2026,Vertical_02,Unit_01,Commercial_Model_02
PID_115,PRJ_115,CUST_83,PRJ_Vert_01,PRJ_Exec_22,Standard Billable,Active,PM_95,Project_Manager_95,ASDM_65,Account_Service_Delivery_Manager_64,Confirmed,01-03-2026,31-03-2026,Vertical_01,Unit_01,Commercial_Model_01
PID_116,PRJ_116,CUST_84,PRJ_Vert_08,PRJ_Exec_36,Standard Billable,Active,PM_92,Project_Manager_92,ASDM_67,Account_Service_Delivery_Manager_66,Confirmed,01-03-2026,31-03-2026,Vertical_08,Unit_01,Commercial_Model_04
PID_117,PRJ_117,CUST_85,PRJ_Vert_06,PRJ_Exec_37,Standard Billable,Active,PM_100,Project_Manager_100,ASDM_68,Account_Service_Delivery_Manager_67,Confirmed,01-03-2026,31-03-2026,Vertical_06,Unit_01,Commercial_Model_01
PID_604,PRJ_604,CUST_243,PRJ_Vert_02,PRJ_Exec_05,Standard Billable,Active,PM_344,Project_Manager_344,ASDM_84,Account_Service_Delivery_Manager_83,Confirmed,01-03-2026,31-03-2026,Vertical_02,Unit_01,Commercial_Model_01
PID_118,PRJ_118,CUST_11,PRJ_Vert_05,PRJ_Exec_09,Standard Billable,Active,PM_11,Project_Manager_11,ASDM_11,Account_Service_Delivery_Manager_11,Confirmed,01-03-2026,31-03-2026,Vertical_05,Unit_01,Commercial_Model_04
PID_1158,PRJ_1158,CUST_120,PRJ_Vert_02,PRJ_Exec_23,Standard Billable,Active,PM_301,Project_Manager_301,ASDM_60,Account_Service_Delivery_Manager_59,Confirmed,01-03-2026,31-03-2026,Vertical_02,Unit_01,Commercial_Model_02
PID_120,PRJ_120,CUST_32,PRJ_Vert_05,PRJ_Exec_09,Standard Billable,Active,PM_102,Project_Manager_102,ASDM_33,Account_Service_Delivery_Manager_33,Confirmed,01-03-2026,31-03-2026,Vertical_05,Unit_01,Commercial_Model_04
PID_121,PRJ_121,CUST_87,PRJ_Vert_03,PRJ_Exec_05,Standard Billable,Active,PM_103,Project_Manager_103,ASDM_69,Account_Service_Delivery_Manager_68,Confirmed,01-03-2026,31-03-2026,Vertical_03,Unit_01,Commercial_Model_02
PID_122,PRJ_122,CUST_88,PRJ_Vert_06,PRJ_Exec_16,Standard Billable,Active,PM_104,Project_Manager_104,ASDM_49,Account_Service_Delivery_Manager_49,Confirmed,01-03-2026,31-03-2026,Vertical_06,Unit_01,Commercial_Model_01
PID_123,PRJ_123,CUST_89,PRJ_Vert_03,PRJ_Exec_16,Standard Billable,Active,PM_105,Project_Manager_105,ASDM_70,Account_Service_Delivery_Manager_69,Confirmed,01-03-2026,31-03-2026,Vertical_03,Unit_01,Commercial_Model_04
PID_124,PRJ_124,CUST_90,PRJ_Vert_01,PRJ_Exec_05,Standard Billable,Active,PM_106,Project_Manager_106,ASDM_71,Account_Service_Delivery_Manager_70,Confirmed,01-03-2026,31-03-2026,Vertical_01,Unit_01,Commercial_Model_02
PID_125,PRJ_125,CUST_91,PRJ_Vert_02,PRJ_Exec_19,Standard Billable,Active,PM_107,Project_Manager_107,ASDM_58,Account_Service_Delivery_Manager_50,Confirmed,01-03-2026,31-03-2026,Vertical_02,Unit_01,Commercial_Model_02
PID_127,PRJ_127,CUST_73,PRJ_Vert_02,PRJ_Exec_15,Standard Billable,Active,PM_87,Project_Manager_87,ASDM_26,Account_Service_Delivery_Manager_26,Confirmed,01-03-2026,31-03-2026,Vertical_02,Unit_01,Commercial_Model_04
PID_128,PRJ_128,CUST_82,PRJ_Vert_06,PRJ_Exec_29,Standard Billable,Active,PM_108,Project_Manager_108,ASDM_66,Account_Service_Delivery_Manager_65,Confirmed,01-03-2026,31-03-2026,Vertical_06,Unit_01,Commercial_Model_01
PID_130,PRJ_130,CUST_93,PRJ_Vert_07,PRJ_Exec_17,Standard Billable,Active,PM_110,Project_Manager_110,ASDM_72,Account_Service_Delivery_Manager_71,Confirmed,01-03-2026,31-03-2026,Vertical_07,Unit_02,Commercial_Model_03
PID_131,PRJ_131,CUST_31,PRJ_Vert_02,PRJ_Exec_05,Standard Billable,Active,PM_111,Project_Manager_111,ASDM_73,Account_Service_Delivery_Manager_72,Yet to be confirmed,01-03-2026,31-03-2026,Vertical_02,Unit_01,Commercial_Model_04
PID_132,PRJ_132,CUST_94,PRJ_Vert_01,PRJ_Exec_05,Standard Billable,Active,PM_112,Project_Manager_112,ASDM_45,Account_Service_Delivery_Manager_45,Yet to be confirmed,01-03-2026,31-03-2026,Vertical_01,Unit_01,Commercial_Model_04
PID_133,PRJ_133,CUST_95,PRJ_Vert_01,PRJ_Exec_01,Standard Billable,Active,PM_113,Project_Manager_113,ASDM_74,Account_Service_Delivery_Manager_73,Confirmed,01-03-2026,31-03-2026,Vertical_01,Unit_01,Commercial_Model_04
PID_134,PRJ_134,CUST_96,PRJ_Vert_03,PRJ_Exec_05,Standard Billable,Active,PM_114,Project_Manager_114,ASDM_64,Account_Service_Delivery_Manager_63,Yet to be confirmed,01-03-2026,31-03-2026,Vertical_03,Unit_01,Commercial_Model_04
PID_135,PRJ_135,CUST_12,PRJ_Vert_03,PRJ_Exec_10,Standard Billable,Active,PM_12,Project_Manager_12,ASDM_12,Account_Service_Delivery_Manager_12,Yet to be confirmed,01-03-2026,31-03-2026,Vertical_03,Unit_02,Commercial_Model_02
PID_136,PRJ_136,CUST_13,PRJ_Vert_06,PRJ_Exec_28,Standard Billable,Active,PM_115,Project_Manager_115,ASDM_48,Account_Service_Delivery_Manager_48,Yet to be confirmed,01-03-2026,31-03-2026,Vertical_06,Unit_01,Commercial_Model_04
PID_138,PRJ_138,CUST_98,PRJ_Vert_04,PRJ_Exec_13,Standard Billable,Active,PM_117,Project_Manager_117,ASDM_23,Account_Service_Delivery_Manager_23,Yet to be confirmed,01-03-2026,31-03-2026,Vertical_04,Unit_02,Commercial_Model_03
PID_139,PRJ_139,CUST_99,PRJ_Vert_05,PRJ_Exec_09,Standard Billable,Active,PM_118,Project_Manager_118,ASDM_75,Account_Service_Delivery_Manager_74,Confirmed,01-03-2026,31-03-2026,Vertical_05,Unit_01,Commercial_Model_04
PID_140,PRJ_140,CUST_73,PRJ_Vert_02,PRJ_Exec_16,Standard Billable,Active,PM_87,Project_Manager_87,ASDM_26,Account_Service_Delivery_Manager_26,Confirmed,01-03-2026,31-03-2026,Vertical_02,Unit_01,Commercial_Model_05
PID_1192,PRJ_1192,CUST_167,PRJ_Vert_02,PRJ_Exec_02,Standard Billable,Active,PM_144,Project_Manager_144,,,Yet to be confirmed,01-03-2026,31-03-2026,Vertical_02,Unit_01,Commercial_Model_01
PID_141,PRJ_141,CUST_100,PRJ_Vert_06,PRJ_Exec_12,Standard Billable,Active,PM_119,Project_Manager_119,ASDM_14,Account_Service_Delivery_Manager_14,Confirmed,01-03-2026,31-03-2026,Vertical_06,Unit_01,Commercial_Model_04
PID_142,PRJ_142,CUST_54,PRJ_Vert_02,PRJ_Exec_19,Standard Billable,Active,PM_120,Project_Manager_120,ASDM_58,Account_Service_Delivery_Manager_50,Confirmed,01-03-2026,31-03-2026,Vertical_02,Unit_01,Commercial_Model_05
PID_143,PRJ_143,CUST_101,PRJ_Vert_02,PRJ_Exec_23,Standard Billable,Active,PM_121,Project_Manager_121,ASDM_60,Account_Service_Delivery_Manager_59,Yet to be confirmed,01-03-2026,31-03-2026,Vertical_02,Unit_01,Commercial_Model_01
PID_637,PRJ_637,CUST_123,PRJ_Vert_04,PRJ_Exec_05,Standard Billable,Active,PM_355,Project_Manager_355,ASDM_82,Account_Service_Delivery_Manager_81,Yet to be confirmed,01-03-2026,31-03-2026,Vertical_04,Unit_01,Commercial_Model_02
PID_144,PRJ_144,CUST_68,PRJ_Vert_05,PRJ_Exec_09,Standard Billable,Active,PM_122,Project_Manager_122,ASDM_11,Account_Service_Delivery_Manager_11,Confirmed,01-03-2026,31-03-2026,Vertical_05,Unit_01,Commercial_Model_02
PID_145,PRJ_145,CUST_99,PRJ_Vert_05,PRJ_Exec_09,Standard Billable,Active,PM_123,Project_Manager_123,ASDM_75,Account_Service_Delivery_Manager_74,Confirmed,01-03-2026,31-03-2026,Vertical_05,Unit_01,Commercial_Model_04
PID_146,PRJ_146,CUST_102,PRJ_Vert_05,PRJ_Exec_09,Standard Billable,Active,PM_124,Project_Manager_124,ASDM_11,Account_Service_Delivery_Manager_11,Yet to be confirmed,01-03-2026,31-03-2026,Vertical_05,Unit_01,Commercial_Model_02
PID_147,PRJ_147,CUST_37,PRJ_Vert_01,PRJ_Exec_24,Standard Billable,Active,PM_125,Project_Manager_125,ASDM_39,Account_Service_Delivery_Manager_39,Yet to be confirmed,01-03-2026,31-03-2026,Vertical_01,Unit_01,Commercial_Model_04
PID_148,PRJ_148,CUST_43,PRJ_Vert_02,PRJ_Exec_06,Standard Billable,Active,PM_48,Project_Manager_48,ASDM_06,Account_Service_Delivery_Manager_06,Yet to be confirmed,01-03-2026,31-03-2026,Vertical_02,Unit_01,Commercial_Model_04
PID_149,PRJ_149,CUST_103,PRJ_Vert_02,PRJ_Exec_02,Standard Billable,Active,PM_126,Project_Manager_126,ASDM_02,Account_Service_Delivery_Manager_02,Yet to be confirmed,01-03-2026,31-03-2026,Vertical_02,Unit_01,Commercial_Model_01
PID_150,PRJ_150,CUST_16,PRJ_Vert_07,PRJ_Exec_05,Standard Billable,Active,PM_16,Project_Manager_16,ASDM_16,Account_Service_Delivery_Manager_16,Confirmed,01-03-2026,31-03-2026,Vertical_07,Unit_01,Commercial_Model_02
PID_151,PRJ_151,CUST_104,PRJ_Vert_05,PRJ_Exec_09,Standard Billable,Active,PM_127,Project_Manager_127,ASDM_76,Account_Service_Delivery_Manager_75,Yet to be confirmed,01-03-2026,31-03-2026,Vertical_05,Unit_01,Commercial_Model_04
PID_152,PRJ_152,CUST_47,PRJ_Vert_01,PRJ_Exec_05,Standard Billable,Active,PM_128,Project_Manager_128,ASDM_45,Account_Service_Delivery_Manager_45,Yet to be confirmed,01-03-2026,31-03-2026,Vertical_01,Unit_01,Commercial_Model_01
PID_153,PRJ_153,CUST_73,PRJ_Vert_02,PRJ_Exec_15,Standard Billable,Active,PM_87,Project_Manager_87,ASDM_26,Account_Service_Delivery_Manager_26,Confirmed,01-03-2026,31-03-2026,Vertical_02,Unit_01,Commercial_Model_04
PID_154,PRJ_154,CUST_105,PRJ_Vert_01,PRJ_Exec_24,Standard Billable,Active,PM_91,Project_Manager_91,ASDM_62,Account_Service_Delivery_Manager_61,Confirmed,01-03-2026,31-03-2026,Vertical_01,Unit_01,Commercial_Model_02
PID_155,PRJ_155,CUST_43,PRJ_Vert_02,PRJ_Exec_06,Standard Billable,Active,PM_48,Project_Manager_48,ASDM_06,Account_Service_Delivery_Manager_06,Yet to be confirmed,01-03-2026,31-03-2026,Vertical_02,Unit_01,Commercial_Model_04
PID_156,PRJ_156,CUST_04,PRJ_Vert_04,PRJ_Exec_08,Standard Billable,Active,PM_04,Project_Manager_04,ASDM_04,Account_Service_Delivery_Manager_04,Confirmed,01-03-2026,31-03-2026,Vertical_04,Unit_01,Commercial_Model_04
PID_157,PRJ_157,CUST_106,PRJ_Vert_06,PRJ_Exec_12,Standard Billable,Active,PM_129,Project_Manager_129,ASDM_14,Account_Service_Delivery_Manager_14,Confirmed,01-03-2026,31-03-2026,Vertical_06,Unit_01,Commercial_Model_04
PID_158,PRJ_158,CUST_78,PRJ_Vert_01,PRJ_Exec_22,Standard Billable,Active,PM_95,Project_Manager_95,ASDM_65,Account_Service_Delivery_Manager_64,Confirmed,01-03-2026,31-03-2026,Vertical_01,Unit_01,Commercial_Model_04
PID_159,PRJ_159,CUST_13,PRJ_Vert_06,PRJ_Exec_18,Standard Billable,Active,PM_74,Project_Manager_74,ASDM_29,Account_Service_Delivery_Manager_29,Confirmed,01-03-2026,31-03-2026,Vertical_06,Unit_01,Commercial_Model_04
PID_160,PRJ_160,CUST_107,PRJ_Vert_02,PRJ_Exec_19,Standard Billable,Active,PM_48,Project_Manager_48,ASDM_38,Account_Service_Delivery_Manager_38,Yet to be confirmed,01-03-2026,31-03-2026,Vertical_02,Unit_01,Commercial_Model_04
PID_162,PRJ_162,CUST_47,PRJ_Vert_01,PRJ_Exec_24,Standard Billable,Active,PM_131,Project_Manager_131,ASDM_45,Account_Service_Delivery_Manager_45,Yet to be confirmed,01-03-2026,31-03-2026,Vertical_01,Unit_01,Commercial_Model_04
PID_163,PRJ_163,CUST_108,PRJ_Vert_02,PRJ_Exec_15,Standard Billable,Active,PM_132,Project_Manager_132,ASDM_21,Account_Service_Delivery_Manager_21,Yet to be confirmed,01-03-2026,31-03-2026,Vertical_02,Unit_01,Commercial_Model_01
PID_164,PRJ_164,CUST_52,PRJ_Vert_02,PRJ_Exec_07,Standard Billable,Active,PM_133,Project_Manager_133,ASDM_08,Account_Service_Delivery_Manager_08,Confirmed,01-03-2026,31-03-2026,Vertical_02,Unit_02,Commercial_Model_03
PID_166,PRJ_166,CUST_110,PRJ_Vert_02,PRJ_Exec_15,Standard Billable,Active,PM_135,Project_Manager_135,ASDM_77,Account_Service_Delivery_Manager_76,Yet to be confirmed,01-03-2026,31-03-2026,Vertical_02,Unit_01,Commercial_Model_02
PID_167,PRJ_167,CUST_12,PRJ_Vert_03,PRJ_Exec_10,Standard Billable,Active,PM_12,Project_Manager_12,ASDM_12,Account_Service_Delivery_Manager_12,Yet to be confirmed,01-03-2026,31-03-2026,Vertical_03,Unit_02,Commercial_Model_02
PID_168,PRJ_168,CUST_111,PRJ_Vert_04,PRJ_Exec_38,Standard Billable,Active,PM_136,Project_Manager_136,ASDM_78,Account_Service_Delivery_Manager_77,Confirmed,01-03-2026,31-03-2026,Vertical_04,Unit_01,Commercial_Model_02
PID_169,PRJ_169,CUST_91,PRJ_Vert_02,PRJ_Exec_19,Standard Billable,Active,PM_61,Project_Manager_61,ASDM_58,Account_Service_Delivery_Manager_50,Yet to be confirmed,01-03-2026,31-03-2026,Vertical_02,Unit_01,Commercial_Model_02
PID_1624,PRJ_1624,CUST_44,PRJ_Vert_03,PRJ_Exec_03,Standard Billable,Active,PM_505,Project_Manager_505,ASDM_43,Account_Service_Delivery_Manager_43,Confirmed,01-03-2026,31-03-2026,Vertical_03,Unit_01,Commercial_Model_04
PID_1493,PRJ_1493,CUST_378,PRJ_Vert_03,PRJ_Exec_03,Standard Billable,Active,PM_116,Project_Manager_116,ASDM_43,Account_Service_Delivery_Manager_43,Confirmed,01-03-2026,31-03-2026,Vertical_03,Unit_01,Commercial_Model_04
PID_170,PRJ_170,CUST_112,PRJ_Vert_07,PRJ_Exec_39,Standard Billable,Active,PM_137,Project_Manager_137,ASDM_16,Account_Service_Delivery_Manager_16,Confirmed,01-03-2026,31-03-2026,Vertical_07,Unit_01,Commercial_Model_01
PID_171,PRJ_171,CUST_113,PRJ_Vert_01,PRJ_Exec_01,Standard Billable,Active,PM_138,Project_Manager_138,ASDM_79,Account_Service_Delivery_Manager_78,Confirmed,01-03-2026,31-03-2026,Vertical_01,Unit_01,Commercial_Model_04
PID_172,PRJ_172,CUST_62,PRJ_Vert_06,PRJ_Exec_32,Standard Billable,Active,PM_139,Project_Manager_139,ASDM_56,Account_Service_Delivery_Manager_56,Confirmed,01-03-2026,31-03-2026,Vertical_06,Unit_01,Commercial_Model_02
PID_173,PRJ_173,CUST_104,PRJ_Vert_05,PRJ_Exec_31,Standard Billable,Active,PM_127,Project_Manager_127,ASDM_76,Account_Service_Delivery_Manager_75,Yet to be confirmed,01-03-2026,31-03-2026,Vertical_05,Unit_01,Commercial_Model_04
PID_174,PRJ_174,CUST_113,PRJ_Vert_01,PRJ_Exec_01,Standard Billable,Active,PM_138,Project_Manager_138,ASDM_79,Account_Service_Delivery_Manager_78,Confirmed,01-03-2026,31-03-2026,Vertical_01,Unit_01,Commercial_Model_04
PID_175,PRJ_175,CUST_40,PRJ_Vert_01,PRJ_Exec_05,Standard Billable,Active,PM_130,Project_Manager_130,ASDM_41,Account_Service_Delivery_Manager_41,Confirmed,01-03-2026,31-03-2026,Vertical_01,Unit_01,Commercial_Model_02
PID_176,PRJ_176,CUST_114,PRJ_Vert_04,PRJ_Exec_08,Standard Billable,Active,PM_140,Project_Manager_140,ASDM_80,Account_Service_Delivery_Manager_79,Confirmed,01-03-2026,31-03-2026,Vertical_04,Unit_01,Commercial_Model_04
PID_177,PRJ_177,CUST_115,PRJ_Vert_01,PRJ_Exec_33,Standard Billable,Active,PM_141,Project_Manager_141,ASDM_62,Account_Service_Delivery_Manager_61,Confirmed,01-03-2026,31-03-2026,Vertical_01,Unit_01,Commercial_Model_01
PID_178,PRJ_178,CUST_116,PRJ_Vert_03,PRJ_Exec_05,Standard Billable,Active,PM_142,Project_Manager_142,ASDM_46,Account_Service_Delivery_Manager_46,Confirmed,01-03-2026,31-03-2026,Vertical_03,Unit_01,Commercial_Model_02
PID_179,PRJ_179,CUST_117,PRJ_Vert_08,PRJ_Exec_36,Standard Billable,Active,PM_92,Project_Manager_92,ASDM_67,Account_Service_Delivery_Manager_66,Confirmed,01-03-2026,31-03-2026,Vertical_08,Unit_01,Commercial_Model_04
PID_1224,PRJ_1224,CUST_44,PRJ_Vert_03,PRJ_Exec_03,Standard Billable,Active,PM_319,Project_Manager_319,ASDM_43,Account_Service_Delivery_Manager_43,Confirmed,01-03-2026,31-03-2026,Vertical_03,Unit_01,Commercial_Model_04
PID_180,PRJ_180,CUST_118,PRJ_Vert_07,PRJ_Exec_39,Standard Billable,Active,PM_143,Project_Manager_143,ASDM_72,Account_Service_Delivery_Manager_71,Confirmed,01-03-2026,31-03-2026,Vertical_07,Unit_01,Commercial_Model_04
PID_182,PRJ_182,CUST_120,PRJ_Vert_02,PRJ_Exec_23,Standard Billable,Active,PM_83,Project_Manager_83,ASDM_60,Account_Service_Delivery_Manager_59,Yet to be confirmed,01-03-2026,31-03-2026,Vertical_02,Unit_01,Commercial_Model_01
PID_183,PRJ_183,CUST_113,PRJ_Vert_01,PRJ_Exec_01,Standard Billable,Active,PM_138,Project_Manager_138,ASDM_79,Account_Service_Delivery_Manager_78,Confirmed,01-03-2026,31-03-2026,Vertical_01,Unit_01,Commercial_Model_04
PID_184,PRJ_184,CUST_96,PRJ_Vert_03,PRJ_Exec_05,Standard Billable,Active,PM_145,Project_Manager_145,ASDM_64,Account_Service_Delivery_Manager_63,Yet to be confirmed,01-03-2026,31-03-2026,Vertical_03,Unit_01,Commercial_Model_01
PID_186,PRJ_186,CUST_122,PRJ_Vert_01,PRJ_Exec_01,Standard Billable,Active,PM_72,Project_Manager_72,ASDM_55,Account_Service_Delivery_Manager_55,Confirmed,01-03-2026,31-03-2026,Vertical_01,Unit_01,Commercial_Model_02
PID_954,PRJ_954,CUST_242,PRJ_Vert_03,PRJ_Exec_03,Standard Billable,Active,PM_442,Project_Manager_442,ASDM_46,Account_Service_Delivery_Manager_46,Confirmed,01-03-2026,31-03-2026,Vertical_03,Unit_01,Commercial_Model_01
PID_187,PRJ_187,CUST_13,PRJ_Vert_06,PRJ_Exec_28,Standard Billable,Active,PM_57,Project_Manager_57,ASDM_48,Account_Service_Delivery_Manager_48,Confirmed,01-03-2026,31-03-2026,Vertical_06,Unit_01,Commercial_Model_04
PID_189,PRJ_189,CUST_42,PRJ_Vert_05,PRJ_Exec_09,Standard Billable,Active,PM_79,Project_Manager_79,ASDM_42,Account_Service_Delivery_Manager_42,Yet to be confirmed,01-03-2026,31-03-2026,Vertical_05,Unit_01,Commercial_Model_04
PID_191,PRJ_191,CUST_113,PRJ_Vert_01,PRJ_Exec_01,Standard Billable,Active,PM_138,Project_Manager_138,ASDM_79,Account_Service_Delivery_Manager_78,Confirmed,01-03-2026,31-03-2026,Vertical_01,Unit_01,Commercial_Model_04
PID_192,PRJ_192,CUST_115,PRJ_Vert_01,PRJ_Exec_33,Standard Billable,Active,PM_141,Project_Manager_141,ASDM_62,Account_Service_Delivery_Manager_61,Confirmed,01-03-2026,31-03-2026,Vertical_01,Unit_01,Commercial_Model_02
PID_193,PRJ_193,CUST_125,PRJ_Vert_04,PRJ_Exec_31,Standard Billable,Active,PM_136,Project_Manager_136,ASDM_78,Account_Service_Delivery_Manager_77,Confirmed,01-03-2026,31-03-2026,Vertical_04,Unit_01,Commercial_Model_02
PID_194,PRJ_194,CUST_126,PRJ_Vert_04,PRJ_Exec_40,Standard Billable,Active,PM_149,Project_Manager_149,ASDM_10,Account_Service_Delivery_Manager_10,Confirmed,01-03-2026,31-03-2026,Vertical_04,Unit_01,Commercial_Model_04
PID_195,PRJ_195,CUST_71,PRJ_Vert_02,PRJ_Exec_23,Standard Billable,Active,PM_150,Project_Manager_150,ASDM_60,Account_Service_Delivery_Manager_59,Yet to be confirmed,01-03-2026,31-03-2026,Vertical_02,Unit_01,Commercial_Model_01
PID_1521,PRJ_1521,CUST_200,PRJ_Vert_01,PRJ_Exec_20,Standard Billable,Active,PM_263,Project_Manager_263,ASDM_31,Account_Service_Delivery_Manager_31,Confirmed,01-03-2026,31-03-2026,Vertical_01,Unit_01,Commercial_Model_01
PID_1244,PRJ_1244,CUST_231,PRJ_Vert_01,PRJ_Exec_01,Standard Billable,Active,PM_322,Project_Manager_322,ASDM_52,Account_Service_Delivery_Manager_52,Confirmed,01-03-2026,31-03-2026,Vertical_01,Unit_01,Commercial_Model_04
PID_198,PRJ_198,CUST_111,PRJ_Vert_04,PRJ_Exec_38,Standard Billable,Active,PM_136,Project_Manager_136,ASDM_78,Account_Service_Delivery_Manager_77,Confirmed,01-03-2026,31-03-2026,Vertical_04,Unit_01,Commercial_Model_02
PID_200,PRJ_200,CUST_128,PRJ_Vert_01,PRJ_Exec_01,Standard Billable,Active,PM_01,Project_Manager_01,ASDM_01,Account_Service_Delivery_Manager_01,Confirmed,01-03-2026,31-03-2026,Vertical_01,Unit_01,Commercial_Model_04
PID_201,PRJ_201,CUST_108,PRJ_Vert_02,PRJ_Exec_15,Standard Billable,Active,PM_153,Project_Manager_153,ASDM_21,Account_Service_Delivery_Manager_21,Yet to be confirmed,01-03-2026,31-03-2026,Vertical_02,Unit_01,Commercial_Model_01
PID_202,PRJ_202,CUST_38,PRJ_Vert_03,PRJ_Exec_03,Standard Billable,Active,PM_42,Project_Manager_42,ASDM_40,Account_Service_Delivery_Manager_40,Confirmed,01-03-2026,31-03-2026,Vertical_03,Unit_01,Commercial_Model_01
PID_203,PRJ_203,CUST_129,PRJ_Vert_02,PRJ_Exec_15,Standard Billable,Active,PM_154,Project_Manager_154,ASDM_84,Account_Service_Delivery_Manager_83,Yet to be confirmed,01-03-2026,31-03-2026,Vertical_02,Unit_01,Commercial_Model_01
PID_204,PRJ_204,CUST_108,PRJ_Vert_02,PRJ_Exec_15,Standard Billable,Active,PM_155,Project_Manager_155,ASDM_21,Account_Service_Delivery_Manager_21,Yet to be confirmed,01-03-2026,31-03-2026,Vertical_02,Unit_01,Commercial_Model_01
PID_188,PRJ_188,CUST_123,PRJ_Vert_04,PRJ_Exec_05,Standard Billable,Active,PM_147,Project_Manager_147,ASDM_82,Account_Service_Delivery_Manager_81,Yet to be confirmed,01-03-2026,31-03-2026,Vertical_04,Unit_01,Commercial_Model_01
PID_205,PRJ_205,CUST_130,PRJ_Vert_02,PRJ_Exec_19,Standard Billable,Active,PM_71,Project_Manager_71,ASDM_85,Account_Service_Delivery_Manager_84,Confirmed,01-03-2026,31-03-2026,Vertical_02,Unit_01,Commercial_Model_01
PID_199,PRJ_199,CUST_108,PRJ_Vert_02,PRJ_Exec_15,Standard Billable,Active,PM_152,Project_Manager_152,ASDM_21,Account_Service_Delivery_Manager_21,Yet to be confirmed,01-03-2026,31-03-2026,Vertical_02,Unit_01,Commercial_Model_01
PID_207,PRJ_207,CUST_106,PRJ_Vert_06,PRJ_Exec_12,Standard Billable,Active,PM_129,Project_Manager_129,ASDM_14,Account_Service_Delivery_Manager_14,Confirmed,01-03-2026,31-03-2026,Vertical_06,Unit_01,Commercial_Model_01
PID_208,PRJ_208,CUST_131,PRJ_Vert_05,PRJ_Exec_16,Standard Billable,Active,PM_156,Project_Manager_156,ASDM_86,Account_Service_Delivery_Manager_85,Confirmed,01-03-2026,31-03-2026,Vertical_05,Unit_01,Commercial_Model_01
PID_209,PRJ_209,CUST_13,PRJ_Vert_06,PRJ_Exec_25,Standard Billable,Active,PM_157,Project_Manager_157,ASDM_36,Account_Service_Delivery_Manager_36,Confirmed,01-03-2026,31-03-2026,Vertical_06,Unit_01,Commercial_Model_01
PID_210,PRJ_210,CUST_132,PRJ_Vert_01,PRJ_Exec_24,Standard Billable,Active,PM_158,Project_Manager_158,ASDM_87,Account_Service_Delivery_Manager_86,Confirmed,01-03-2026,31-03-2026,Vertical_01,Unit_01,Commercial_Model_01
PID_211,PRJ_211,CUST_47,PRJ_Vert_01,PRJ_Exec_24,Standard Billable,Active,PM_159,Project_Manager_159,ASDM_45,Account_Service_Delivery_Manager_45,Yet to be confirmed,01-03-2026,31-03-2026,Vertical_01,Unit_01,Commercial_Model_04
PID_212,PRJ_212,CUST_132,PRJ_Vert_01,PRJ_Exec_24,Standard Billable,Active,PM_158,Project_Manager_158,ASDM_87,Account_Service_Delivery_Manager_86,Confirmed,01-03-2026,31-03-2026,Vertical_01,Unit_01,Commercial_Model_01
PID_213,PRJ_213,CUST_133,PRJ_Vert_05,PRJ_Exec_09,Standard Billable,Active,PM_127,Project_Manager_127,ASDM_76,Account_Service_Delivery_Manager_75,Yet to be confirmed,01-03-2026,31-03-2026,Vertical_05,Unit_01,Commercial_Model_04
PID_214,PRJ_214,CUST_134,PRJ_Vert_03,PRJ_Exec_03,Standard Billable,Active,PM_160,Project_Manager_160,ASDM_88,Account_Service_Delivery_Manager_87,Confirmed,01-03-2026,31-03-2026,Vertical_03,Unit_01,Commercial_Model_01
PID_215,PRJ_215,CUST_11,PRJ_Vert_05,PRJ_Exec_09,Standard Billable,Active,PM_11,Project_Manager_11,ASDM_11,Account_Service_Delivery_Manager_11,Confirmed,01-03-2026,31-03-2026,Vertical_05,Unit_01,Commercial_Model_04
PID_216,PRJ_216,CUST_121,PRJ_Vert_01,PRJ_Exec_41,Standard Billable,Active,PM_161,Project_Manager_161,ASDM_81,Account_Service_Delivery_Manager_80,Confirmed,01-03-2026,31-03-2026,Vertical_01,Unit_02,Commercial_Model_05
PID_217,PRJ_217,CUST_108,PRJ_Vert_02,PRJ_Exec_15,Standard Billable,Active,PM_153,Project_Manager_153,ASDM_21,Account_Service_Delivery_Manager_21,Yet to be confirmed,01-03-2026,31-03-2026,Vertical_02,Unit_01,Commercial_Model_01
PID_218,PRJ_218,CUST_108,PRJ_Vert_02,PRJ_Exec_15,Standard Billable,Active,PM_153,Project_Manager_153,ASDM_21,Account_Service_Delivery_Manager_21,Yet to be confirmed,01-03-2026,31-03-2026,Vertical_02,Unit_01,Commercial_Model_01
PID_219,PRJ_219,CUST_108,PRJ_Vert_02,PRJ_Exec_15,Standard Billable,Active,PM_153,Project_Manager_153,ASDM_21,Account_Service_Delivery_Manager_21,Yet to be confirmed,01-03-2026,31-03-2026,Vertical_02,Unit_01,Commercial_Model_02
PID_220,PRJ_220,CUST_05,PRJ_Vert_01,PRJ_Exec_20,Standard Billable,Active,PM_162,Project_Manager_162,ASDM_05,Account_Service_Delivery_Manager_05,Confirmed,01-03-2026,31-03-2026,Vertical_01,Unit_01,Commercial_Model_04
PID_221,PRJ_221,CUST_108,PRJ_Vert_02,PRJ_Exec_42,Standard Billable,Active,PM_153,Project_Manager_153,ASDM_21,Account_Service_Delivery_Manager_21,Yet to be confirmed,01-03-2026,31-03-2026,Vertical_02,Unit_01,Commercial_Model_01
PID_222,PRJ_222,CUST_135,PRJ_Vert_06,PRJ_Exec_29,Standard Billable,Active,PM_163,Project_Manager_163,ASDM_66,Account_Service_Delivery_Manager_65,Confirmed,01-03-2026,31-03-2026,Vertical_06,Unit_01,Commercial_Model_02
PID_223,PRJ_223,CUST_108,PRJ_Vert_02,PRJ_Exec_15,Standard Billable,Active,PM_164,Project_Manager_164,ASDM_21,Account_Service_Delivery_Manager_21,Yet to be confirmed,01-03-2026,31-03-2026,Vertical_02,Unit_01,Commercial_Model_01
PID_224,PRJ_224,CUST_120,PRJ_Vert_02,PRJ_Exec_23,Standard Billable,Active,PM_150,Project_Manager_150,ASDM_60,Account_Service_Delivery_Manager_59,Yet to be confirmed,01-03-2026,31-03-2026,Vertical_02,Unit_01,Commercial_Model_05
PID_225,PRJ_225,CUST_108,PRJ_Vert_02,PRJ_Exec_15,Standard Billable,Active,PM_164,Project_Manager_164,ASDM_21,Account_Service_Delivery_Manager_21,Yet to be confirmed,01-03-2026,31-03-2026,Vertical_02,Unit_01,Commercial_Model_01
PID_226,PRJ_226,CUST_47,PRJ_Vert_01,PRJ_Exec_35,Standard Billable,Active,PM_165,Project_Manager_165,ASDM_45,Account_Service_Delivery_Manager_45,Confirmed,01-03-2026,31-03-2026,Vertical_01,Unit_01,Commercial_Model_04
PID_227,PRJ_227,CUST_31,PRJ_Vert_02,PRJ_Exec_05,Standard Billable,Active,PM_33,Project_Manager_33,ASDM_73,Account_Service_Delivery_Manager_72,Yet to be confirmed,01-03-2026,31-03-2026,Vertical_02,Unit_01,Commercial_Model_04
PID_228,PRJ_228,CUST_05,PRJ_Vert_01,PRJ_Exec_20,Standard Billable,Active,PM_162,Project_Manager_162,ASDM_05,Account_Service_Delivery_Manager_05,Confirmed,01-03-2026,31-03-2026,Vertical_01,Unit_01,Commercial_Model_02
PID_1551,PRJ_1551,CUST_42,PRJ_Vert_05,PRJ_Exec_09,Standard Billable,Active,PM_01,Project_Manager_01,ASDM_42,Account_Service_Delivery_Manager_42,Yet to be confirmed,01-03-2026,31-03-2026,Vertical_05,Unit_01,Commercial_Model_05
PID_229,PRJ_229,CUST_07,PRJ_Vert_03,PRJ_Exec_03,Standard Billable,Active,PM_07,Project_Manager_07,ASDM_07,Account_Service_Delivery_Manager_07,Confirmed,01-03-2026,31-03-2026,Vertical_03,Unit_01,Commercial_Model_04
PID_231,PRJ_231,CUST_136,PRJ_Vert_01,PRJ_Exec_16,Standard Billable,Active,PM_166,Project_Manager_166,ASDM_52,Account_Service_Delivery_Manager_52,Yet to be confirmed,01-03-2026,31-03-2026,Vertical_01,Unit_01,Commercial_Model_04
PID_232,PRJ_232,CUST_42,PRJ_Vert_05,PRJ_Exec_09,Standard Billable,Active,PM_79,Project_Manager_79,ASDM_42,Account_Service_Delivery_Manager_42,Yet to be confirmed,01-03-2026,31-03-2026,Vertical_05,Unit_01,Commercial_Model_04
PID_233,PRJ_233,CUST_113,PRJ_Vert_01,PRJ_Exec_01,Standard Billable,Active,PM_138,Project_Manager_138,ASDM_79,Account_Service_Delivery_Manager_78,Confirmed,01-03-2026,31-03-2026,Vertical_01,Unit_01,Commercial_Model_04
PID_234,PRJ_234,CUST_137,PRJ_Vert_05,PRJ_Exec_16,Standard Billable,Active,PM_167,Project_Manager_167,ASDM_89,Account_Service_Delivery_Manager_88,Confirmed,01-03-2026,31-03-2026,Vertical_05,Unit_01,Commercial_Model_04
PID_235,PRJ_235,CUST_138,PRJ_Vert_01,PRJ_Exec_24,Standard Billable,Active,PM_141,Project_Manager_141,ASDM_62,Account_Service_Delivery_Manager_61,Confirmed,01-03-2026,31-03-2026,Vertical_01,Unit_01,Commercial_Model_01
PID_236,PRJ_236,CUST_139,PRJ_Vert_02,PRJ_Exec_16,Standard Billable,Active,PM_168,Project_Manager_168,ASDM_38,Account_Service_Delivery_Manager_38,Yet to be confirmed,01-03-2026,31-03-2026,Vertical_02,Unit_01,Commercial_Model_02
PID_237,PRJ_237,CUST_140,PRJ_Vert_08,PRJ_Exec_36,Standard Billable,Active,PM_169,Project_Manager_169,ASDM_67,Account_Service_Delivery_Manager_66,Confirmed,01-03-2026,31-03-2026,Vertical_08,Unit_01,Commercial_Model_04
PID_238,PRJ_238,CUST_33,PRJ_Vert_02,PRJ_Exec_23,Standard Billable,Active,PM_170,Project_Manager_170,ASDM_34,Account_Service_Delivery_Manager_34,Confirmed,01-03-2026,31-03-2026,Vertical_02,Unit_01,Commercial_Model_01
PID_1255,PRJ_1255,CUST_119,PRJ_Vert_02,PRJ_Exec_05,Standard Billable,Active,PM_144,Project_Manager_144,ASDM_59,Account_Service_Delivery_Manager_58,Yet to be confirmed,01-03-2026,31-03-2026,Vertical_02,Unit_01,Commercial_Model_01
PID_240,PRJ_240,CUST_134,PRJ_Vert_03,PRJ_Exec_03,Standard Billable,Active,PM_172,Project_Manager_172,ASDM_88,Account_Service_Delivery_Manager_87,Confirmed,01-03-2026,31-03-2026,Vertical_03,Unit_01,Commercial_Model_01
PID_241,PRJ_241,CUST_108,PRJ_Vert_02,PRJ_Exec_15,Standard Billable,Active,PM_173,Project_Manager_173,ASDM_21,Account_Service_Delivery_Manager_21,Yet to be confirmed,01-03-2026,31-03-2026,Vertical_02,Unit_01,Commercial_Model_05
PID_242,PRJ_242,CUST_104,PRJ_Vert_05,PRJ_Exec_09,Standard Billable,Active,PM_127,Project_Manager_127,ASDM_76,Account_Service_Delivery_Manager_75,Yet to be confirmed,01-03-2026,31-03-2026,Vertical_05,Unit_01,Commercial_Model_04
PID_243,PRJ_243,CUST_12,PRJ_Vert_03,PRJ_Exec_10,Standard Billable,Active,PM_12,Project_Manager_12,ASDM_12,Account_Service_Delivery_Manager_12,Yet to be confirmed,01-03-2026,31-03-2026,Vertical_03,Unit_02,Commercial_Model_02
PID_245,PRJ_245,CUST_142,PRJ_Vert_01,PRJ_Exec_43,Standard Billable,Active,PM_175,Project_Manager_175,ASDM_91,Account_Service_Delivery_Manager_90,Confirmed,01-03-2026,31-03-2026,Vertical_01,Unit_02,Commercial_Model_02
PID_246,PRJ_246,CUST_143,PRJ_Vert_04,PRJ_Exec_13,Standard Billable,Active,PM_23,Project_Manager_23,ASDM_23,Account_Service_Delivery_Manager_23,Yet to be confirmed,01-03-2026,31-03-2026,Vertical_04,Unit_02,Commercial_Model_03
PID_247,PRJ_247,CUST_95,PRJ_Vert_01,PRJ_Exec_01,Standard Billable,Active,PM_113,Project_Manager_113,ASDM_74,Account_Service_Delivery_Manager_73,Confirmed,01-03-2026,31-03-2026,Vertical_01,Unit_01,Commercial_Model_04
PID_248,PRJ_248,CUST_143,PRJ_Vert_04,PRJ_Exec_13,Standard Billable,Active,PM_176,Project_Manager_176,ASDM_23,Account_Service_Delivery_Manager_23,Yet to be confirmed,01-03-2026,31-03-2026,Vertical_04,Unit_02,Commercial_Model_03
PID_249,PRJ_249,CUST_144,PRJ_Vert_05,PRJ_Exec_09,Standard Billable,Active,PM_177,Project_Manager_177,ASDM_42,Account_Service_Delivery_Manager_42,Confirmed,01-03-2026,31-03-2026,Vertical_05,Unit_01,Commercial_Model_04
PID_250,PRJ_250,CUST_18,PRJ_Vert_01,PRJ_Exec_05,Standard Billable,Active,PM_178,Project_Manager_178,ASDM_18,Account_Service_Delivery_Manager_18,Confirmed,01-03-2026,31-03-2026,Vertical_01,Unit_01,Commercial_Model_03
PID_251,PRJ_251,CUST_145,PRJ_Vert_02,PRJ_Exec_19,Standard Billable,Active,PM_179,Project_Manager_179,ASDM_85,Account_Service_Delivery_Manager_84,Yet to be confirmed,01-03-2026,31-03-2026,Vertical_02,Unit_01,Commercial_Model_04
PID_252,PRJ_252,CUST_68,PRJ_Vert_05,PRJ_Exec_16,Standard Billable,Active,PM_85,Project_Manager_85,ASDM_11,Account_Service_Delivery_Manager_11,Confirmed,01-03-2026,31-03-2026,Vertical_05,Unit_01,Commercial_Model_04
PID_253,PRJ_253,CUST_13,PRJ_Vert_06,PRJ_Exec_21,Standard Billable,Active,PM_180,Project_Manager_180,ASDM_36,Account_Service_Delivery_Manager_36,Confirmed,01-03-2026,31-03-2026,Vertical_06,Unit_01,Commercial_Model_01
PID_254,PRJ_254,CUST_80,PRJ_Vert_02,PRJ_Exec_06,Standard Billable,Active,PM_96,Project_Manager_96,ASDM_06,Account_Service_Delivery_Manager_06,Yet to be confirmed,01-03-2026,31-03-2026,Vertical_02,Unit_01,Commercial_Model_04
PID_497,PRJ_497,CUST_90,PRJ_Vert_01,PRJ_Exec_05,Standard Billable,Active,PM_106,Project_Manager_106,ASDM_31,Account_Service_Delivery_Manager_31,Confirmed,01-03-2026,31-03-2026,Vertical_01,Unit_01,Commercial_Model_02
PID_255,PRJ_255,CUST_27,PRJ_Vert_03,PRJ_Exec_03,Standard Billable,Active,PM_181,Project_Manager_181,ASDM_27,Account_Service_Delivery_Manager_27,Yet to be confirmed,01-03-2026,31-03-2026,Vertical_03,Unit_01,Commercial_Model_05
PID_1328,PRJ_1328,CUST_242,PRJ_Vert_03,PRJ_Exec_03,Standard Billable,Active,PM_442,Project_Manager_442,ASDM_46,Account_Service_Delivery_Manager_46,Confirmed,01-03-2026,31-03-2026,Vertical_03,Unit_01,Commercial_Model_04
PID_257,PRJ_257,CUST_39,PRJ_Vert_01,PRJ_Exec_43,Standard Billable,Active,PM_182,Project_Manager_182,ASDM_92,Account_Service_Delivery_Manager_91,Confirmed,01-03-2026,31-03-2026,Vertical_01,Unit_02,Commercial_Model_03
PID_258,PRJ_258,CUST_120,PRJ_Vert_02,PRJ_Exec_23,Standard Billable,Active,PM_183,Project_Manager_183,ASDM_60,Account_Service_Delivery_Manager_59,Yet to be confirmed,01-03-2026,31-03-2026,Vertical_02,Unit_01,Commercial_Model_02
PID_260,PRJ_260,CUST_147,PRJ_Vert_03,PRJ_Exec_03,Standard Billable,Active,PM_184,Project_Manager_184,ASDM_88,Account_Service_Delivery_Manager_87,Confirmed,01-03-2026,31-03-2026,Vertical_03,Unit_01,Commercial_Model_04
PID_261,PRJ_261,CUST_53,PRJ_Vert_06,PRJ_Exec_31,Standard Billable,Active,PM_185,Project_Manager_185,ASDM_49,Account_Service_Delivery_Manager_49,Confirmed,01-03-2026,31-03-2026,Vertical_06,Unit_01,Commercial_Model_01
PID_263,PRJ_263,CUST_38,PRJ_Vert_03,PRJ_Exec_03,Standard Billable,Active,PM_42,Project_Manager_42,ASDM_40,Account_Service_Delivery_Manager_40,Confirmed,01-03-2026,31-03-2026,Vertical_03,Unit_01,Commercial_Model_04
PID_264,PRJ_264,CUST_148,PRJ_Vert_02,PRJ_Exec_15,Standard Billable,Active,PM_186,Project_Manager_186,ASDM_77,Account_Service_Delivery_Manager_76,Confirmed,01-03-2026,31-03-2026,Vertical_02,Unit_01,Commercial_Model_02
PID_265,PRJ_265,CUST_149,PRJ_Vert_02,PRJ_Exec_16,Standard Billable,Active,PM_187,Project_Manager_187,ASDM_93,Account_Service_Delivery_Manager_92,Yet to be confirmed,01-03-2026,31-03-2026,Vertical_02,Unit_01,Commercial_Model_01
PID_266,PRJ_266,CUST_13,PRJ_Vert_06,PRJ_Exec_18,Standard Billable,Active,PM_188,Project_Manager_188,ASDM_29,Account_Service_Delivery_Manager_29,Confirmed,01-03-2026,31-03-2026,Vertical_06,Unit_01,Commercial_Model_01
PID_267,PRJ_267,CUST_01,PRJ_Vert_01,PRJ_Exec_16,Standard Billable,Active,PM_01,Project_Manager_01,ASDM_01,Account_Service_Delivery_Manager_01,Confirmed,01-03-2026,31-03-2026,Vertical_01,Unit_01,Commercial_Model_04
PID_1052,PRJ_1052,CUST_44,PRJ_Vert_03,PRJ_Exec_03,Standard Billable,Active,PM_471,Project_Manager_471,ASDM_43,Account_Service_Delivery_Manager_43,Confirmed,01-03-2026,31-03-2026,Vertical_03,Unit_01,Commercial_Model_04
PID_511,PRJ_511,CUST_189,PRJ_Vert_03,PRJ_Exec_03,Standard Billable,Active,PM_302,Project_Manager_302,ASDM_46,Account_Service_Delivery_Manager_46,Confirmed,01-03-2026,31-03-2026,Vertical_03,Unit_01,Commercial_Model_04
PID_269,PRJ_269,CUST_08,PRJ_Vert_02,PRJ_Exec_07,Standard Billable,Active,PM_56,Project_Manager_56,ASDM_08,Account_Service_Delivery_Manager_08,Confirmed,01-03-2026,31-03-2026,Vertical_02,Unit_02,Commercial_Model_03
PID_271,PRJ_271,CUST_13,PRJ_Vert_06,PRJ_Exec_21,Standard Billable,Active,PM_180,Project_Manager_180,ASDM_36,Account_Service_Delivery_Manager_36,Confirmed,01-03-2026,31-03-2026,Vertical_06,Unit_01,Commercial_Model_01
PID_272,PRJ_272,CUST_151,PRJ_Vert_03,PRJ_Exec_03,Standard Billable,Active,PM_190,Project_Manager_190,ASDM_07,Account_Service_Delivery_Manager_07,Yet to be confirmed,01-03-2026,31-03-2026,Vertical_03,Unit_01,Commercial_Model_04
PID_273,PRJ_273,CUST_47,PRJ_Vert_01,PRJ_Exec_31,Standard Billable,Active,PM_191,Project_Manager_191,ASDM_45,Account_Service_Delivery_Manager_45,Confirmed,01-03-2026,31-03-2026,Vertical_01,Unit_01,Commercial_Model_04
PID_275,PRJ_275,CUST_152,PRJ_Vert_02,PRJ_Exec_44,Standard Billable,Active,PM_193,Project_Manager_193,ASDM_94,Account_Service_Delivery_Manager_93,Yet to be confirmed,01-03-2026,31-03-2026,Vertical_03,Unit_02,Commercial_Model_03
PID_277,PRJ_277,CUST_116,PRJ_Vert_03,PRJ_Exec_05,Standard Billable,Active,PM_142,Project_Manager_142,ASDM_46,Account_Service_Delivery_Manager_46,Confirmed,01-03-2026,31-03-2026,Vertical_03,Unit_01,Commercial_Model_02
PID_279,PRJ_279,CUST_54,PRJ_Vert_02,PRJ_Exec_19,Standard Billable,Active,PM_61,Project_Manager_61,ASDM_58,Account_Service_Delivery_Manager_50,Yet to be confirmed,01-03-2026,31-03-2026,Vertical_02,Unit_01,Commercial_Model_02
PID_281,PRJ_281,CUST_03,PRJ_Vert_03,PRJ_Exec_03,Standard Billable,Active,PM_03,Project_Manager_03,ASDM_03,Account_Service_Delivery_Manager_03,Confirmed,01-03-2026,31-03-2026,Vertical_03,Unit_01,Commercial_Model_03
PID_282,PRJ_282,CUST_155,PRJ_Vert_02,PRJ_Exec_26,Standard Billable,Active,PM_196,Project_Manager_196,ASDM_84,Account_Service_Delivery_Manager_83,Confirmed,01-03-2026,31-03-2026,Vertical_02,Unit_02,Commercial_Model_02
PID_1350,PRJ_1350,CUST_362,PRJ_Vert_03,PRJ_Exec_03,Customer Non Billable,Active,PM_560,Project_Manager_560,ASDM_131,Account_Service_Delivery_Manager_130,Confirmed,01-03-2026,31-03-2026,Vertical_03,Unit_01,Commercial_Model_05
PID_283,PRJ_283,CUST_40,PRJ_Vert_01,PRJ_Exec_43,Standard Billable,Active,PM_197,Project_Manager_197,ASDM_96,Account_Service_Delivery_Manager_95,Confirmed,01-03-2026,31-03-2026,Vertical_01,Unit_02,Commercial_Model_01
PID_284,PRJ_284,CUST_156,PRJ_Vert_03,PRJ_Exec_16,Standard Billable,Active,PM_198,Project_Manager_198,ASDM_07,Account_Service_Delivery_Manager_07,Confirmed,01-03-2026,31-03-2026,Vertical_03,Unit_01,Commercial_Model_04
PID_285,PRJ_285,CUST_19,PRJ_Vert_04,PRJ_Exec_08,Standard Billable,Active,PM_19,Project_Manager_19,ASDM_19,Account_Service_Delivery_Manager_19,Yet to be confirmed,01-03-2026,31-03-2026,Vertical_04,Unit_01,Commercial_Model_04
PID_287,PRJ_287,CUST_157,PRJ_Vert_05,PRJ_Exec_27,Standard Billable,Active,PM_200,Project_Manager_200,ASDM_97,Account_Service_Delivery_Manager_96,Confirmed,01-03-2026,31-03-2026,Vertical_05,Unit_01,Commercial_Model_04
PID_288,PRJ_288,CUST_158,PRJ_Vert_05,PRJ_Exec_30,Standard Billable,Active,PM_201,Project_Manager_201,ASDM_98,Account_Service_Delivery_Manager_97,Confirmed,01-03-2026,31-03-2026,Vertical_05,Unit_02,Commercial_Model_02
PID_289,PRJ_289,CUST_159,PRJ_Vert_02,PRJ_Exec_31,Standard Billable,Active,PM_202,Project_Manager_202,ASDM_30,Account_Service_Delivery_Manager_30,Confirmed,01-03-2026,31-03-2026,Vertical_02,Unit_01,Commercial_Model_01
PID_302,PRJ_302,CUST_119,PRJ_Vert_02,PRJ_Exec_02,Standard Billable,Active,PM_211,Project_Manager_211,ASDM_59,Account_Service_Delivery_Manager_58,Yet to be confirmed,01-03-2026,31-03-2026,Vertical_02,Unit_01,Commercial_Model_02
PID_291,PRJ_291,CUST_42,PRJ_Vert_05,PRJ_Exec_09,Standard Billable,Active,PM_79,Project_Manager_79,ASDM_42,Account_Service_Delivery_Manager_42,Yet to be confirmed,01-03-2026,31-03-2026,Vertical_05,Unit_01,Commercial_Model_05
PID_292,PRJ_292,CUST_27,PRJ_Vert_03,PRJ_Exec_03,Standard Billable,Active,PM_204,Project_Manager_204,ASDM_27,Account_Service_Delivery_Manager_27,Confirmed,01-03-2026,31-03-2026,Vertical_03,Unit_01,Commercial_Model_04
PID_293,PRJ_293,CUST_99,PRJ_Vert_05,PRJ_Exec_09,Standard Billable,Active,PM_205,Project_Manager_205,ASDM_75,Account_Service_Delivery_Manager_74,Confirmed,01-03-2026,31-03-2026,Vertical_05,Unit_01,Commercial_Model_02
PID_294,PRJ_294,CUST_03,PRJ_Vert_03,PRJ_Exec_03,Standard Billable,Active,PM_206,Project_Manager_206,ASDM_03,Account_Service_Delivery_Manager_03,Confirmed,01-03-2026,31-03-2026,Vertical_03,Unit_01,Commercial_Model_03
PID_295,PRJ_295,CUST_161,PRJ_Vert_05,PRJ_Exec_09,Standard Billable,Active,PM_207,Project_Manager_207,ASDM_99,Account_Service_Delivery_Manager_98,Confirmed,01-03-2026,31-03-2026,Vertical_05,Unit_01,Commercial_Model_01
PID_296,PRJ_296,CUST_111,PRJ_Vert_04,PRJ_Exec_04,Standard Billable,Active,PM_136,Project_Manager_136,ASDM_78,Account_Service_Delivery_Manager_77,Confirmed,01-03-2026,31-03-2026,Vertical_04,Unit_01,Commercial_Model_02
PID_297,PRJ_297,CUST_138,PRJ_Vert_01,PRJ_Exec_24,Standard Billable,Active,PM_141,Project_Manager_141,ASDM_62,Account_Service_Delivery_Manager_61,Confirmed,01-03-2026,31-03-2026,Vertical_01,Unit_01,Commercial_Model_01
PID_298,PRJ_298,CUST_147,PRJ_Vert_03,PRJ_Exec_03,Standard Billable,Active,PM_199,Project_Manager_199,ASDM_88,Account_Service_Delivery_Manager_87,Yet to be confirmed,01-03-2026,31-03-2026,Vertical_03,Unit_01,Commercial_Model_04
PID_299,PRJ_299,CUST_81,PRJ_Vert_05,PRJ_Exec_09,Standard Billable,Active,PM_208,Project_Manager_208,ASDM_33,Account_Service_Delivery_Manager_33,Confirmed,01-03-2026,31-03-2026,Vertical_05,Unit_01,Commercial_Model_04
PID_300,PRJ_300,CUST_162,PRJ_Vert_01,PRJ_Exec_16,Standard Billable,Active,PM_209,Project_Manager_209,ASDM_47,Account_Service_Delivery_Manager_47,Confirmed,01-03-2026,31-03-2026,Vertical_01,Unit_01,Commercial_Model_01
PID_71,PRJ_71,CUST_54,PRJ_Vert_02,PRJ_Exec_19,Standard Billable,Active,PM_61,Project_Manager_61,ASDM_58,Account_Service_Delivery_Manager_50,Yet to be confirmed,01-03-2026,31-03-2026,Vertical_02,Unit_01,Commercial_Model_02
PID_301,PRJ_301,CUST_33,PRJ_Vert_02,PRJ_Exec_23,Standard Billable,Active,PM_210,Project_Manager_210,ASDM_34,Account_Service_Delivery_Manager_34,Yet to be confirmed,01-03-2026,31-03-2026,Vertical_02,Unit_01,Commercial_Model_01
PID_303,PRJ_303,CUST_164,PRJ_Vert_03,PRJ_Exec_03,Standard Billable,Active,PM_171,Project_Manager_171,ASDM_20,Account_Service_Delivery_Manager_20,Confirmed,01-03-2026,31-03-2026,Vertical_03,Unit_01,Commercial_Model_01
PID_1090,PRJ_1090,CUST_330,PRJ_Vert_07,PRJ_Exec_17,Standard Billable,Active,PM_110,Project_Manager_110,ASDM_83,Account_Service_Delivery_Manager_82,Confirmed,01-03-2026,31-03-2026,Vertical_07,Unit_02,Commercial_Model_02
PID_305,PRJ_305,CUST_165,PRJ_Vert_02,PRJ_Exec_07,Standard Billable,Active,PM_37,Project_Manager_37,ASDM_35,Account_Service_Delivery_Manager_35,Confirmed,01-03-2026,31-03-2026,Vertical_02,Unit_02,Commercial_Model_03
PID_307,PRJ_307,CUST_166,PRJ_Vert_02,PRJ_Exec_15,Standard Billable,Active,PM_196,Project_Manager_196,ASDM_84,Account_Service_Delivery_Manager_83,Confirmed,01-03-2026,31-03-2026,Vertical_02,Unit_01,Commercial_Model_01
PID_78,PRJ_78,CUST_60,PRJ_Vert_01,PRJ_Exec_31,Standard Billable,Active,PM_67,Project_Manager_67,ASDM_55,Account_Service_Delivery_Manager_55,Confirmed,01-03-2026,31-03-2026,Vertical_01,Unit_01,Commercial_Model_05
PID_309,PRJ_309,CUST_137,PRJ_Vert_05,PRJ_Exec_31,Standard Billable,Active,PM_167,Project_Manager_167,ASDM_89,Account_Service_Delivery_Manager_88,Yet to be confirmed,01-03-2026,31-03-2026,Vertical_05,Unit_01,Commercial_Model_04
PID_825,PRJ_825,CUST_200,PRJ_Vert_01,PRJ_Exec_20,Standard Billable,Active,PM_263,Project_Manager_263,ASDM_31,Account_Service_Delivery_Manager_31,Confirmed,01-03-2026,31-03-2026,Vertical_01,Unit_01,Commercial_Model_02
PID_311,PRJ_311,CUST_168,PRJ_Vert_02,PRJ_Exec_02,Standard Billable,Active,PM_214,Project_Manager_214,ASDM_02,Account_Service_Delivery_Manager_02,Yet to be confirmed,01-03-2026,31-03-2026,Vertical_02,Unit_01,Commercial_Model_02
PID_312,PRJ_312,CUST_120,PRJ_Vert_02,PRJ_Exec_23,Standard Billable,Active,PM_121,Project_Manager_121,ASDM_60,Account_Service_Delivery_Manager_59,Yet to be confirmed,01-03-2026,31-03-2026,Vertical_02,Unit_01,Commercial_Model_01
PID_313,PRJ_313,CUST_12,PRJ_Vert_03,PRJ_Exec_10,Standard Billable,Active,PM_12,Project_Manager_12,ASDM_12,Account_Service_Delivery_Manager_12,Yet to be confirmed,01-03-2026,31-03-2026,Vertical_03,Unit_02,Commercial_Model_02
PID_315,PRJ_315,CUST_147,PRJ_Vert_03,PRJ_Exec_31,Standard Billable,Active,PM_184,Project_Manager_184,ASDM_88,Account_Service_Delivery_Manager_87,Confirmed,01-03-2026,31-03-2026,Vertical_03,Unit_01,Commercial_Model_04
PID_316,PRJ_316,CUST_27,PRJ_Vert_03,PRJ_Exec_03,Standard Billable,Active,PM_216,Project_Manager_216,ASDM_27,Account_Service_Delivery_Manager_27,Confirmed,01-03-2026,31-03-2026,Vertical_03,Unit_01,Commercial_Model_04
PID_1104,PRJ_1104,CUST_121,PRJ_Vert_01,PRJ_Exec_24,Standard Billable,Active,PM_146,Project_Manager_146,ASDM_81,Account_Service_Delivery_Manager_80,Confirmed,01-03-2026,31-03-2026,Vertical_01,Unit_01,Commercial_Model_01
PID_317,PRJ_317,CUST_169,PRJ_Vert_07,PRJ_Exec_27,Standard Billable,Active,PM_217,Project_Manager_217,ASDM_16,Account_Service_Delivery_Manager_16,Confirmed,01-03-2026,31-03-2026,Vertical_07,Unit_01,Commercial_Model_01
PID_318,PRJ_318,CUST_09,PRJ_Vert_04,PRJ_Exec_08,Standard Billable,Active,PM_09,Project_Manager_09,ASDM_09,Account_Service_Delivery_Manager_09,Yet to be confirmed,01-03-2026,31-03-2026,Vertical_04,Unit_01,Commercial_Model_04
PID_319,PRJ_319,CUST_27,PRJ_Vert_03,PRJ_Exec_03,Standard Billable,Active,PM_218,Project_Manager_218,ASDM_27,Account_Service_Delivery_Manager_27,Confirmed,01-03-2026,31-03-2026,Vertical_03,Unit_01,Commercial_Model_04
PID_320,PRJ_320,CUST_170,PRJ_Vert_05,PRJ_Exec_30,Standard Billable,Active,PM_219,Project_Manager_219,ASDM_98,Account_Service_Delivery_Manager_97,Confirmed,01-03-2026,31-03-2026,Vertical_05,Unit_02,Commercial_Model_02
PID_321,PRJ_321,CUST_171,PRJ_Vert_06,PRJ_Exec_12,Standard Billable,Active,PM_119,Project_Manager_119,ASDM_14,Account_Service_Delivery_Manager_14,Confirmed,01-03-2026,31-03-2026,Vertical_06,Unit_01,Commercial_Model_02
PID_1113,PRJ_1113,CUST_79,PRJ_Vert_03,PRJ_Exec_03,Standard Billable,Active,PM_53,Project_Manager_53,ASDM_46,Account_Service_Delivery_Manager_46,Confirmed,01-03-2026,31-03-2026,Vertical_03,Unit_01,Commercial_Model_04
PID_322,PRJ_322,CUST_172,PRJ_Vert_01,PRJ_Exec_45,Standard Billable,Active,PM_220,Project_Manager_220,ASDM_28,Account_Service_Delivery_Manager_28,Confirmed,01-03-2026,31-03-2026,Vertical_01,Unit_01,Commercial_Model_04
PID_323,PRJ_323,CUST_81,PRJ_Vert_05,PRJ_Exec_09,Standard Billable,Active,PM_221,Project_Manager_221,ASDM_33,Account_Service_Delivery_Manager_33,Confirmed,01-03-2026,31-03-2026,Vertical_05,Unit_01,Commercial_Model_04
PID_324,PRJ_324,CUST_173,PRJ_Vert_06,PRJ_Exec_29,Standard Billable,Active,PM_108,Project_Manager_108,ASDM_66,Account_Service_Delivery_Manager_65,Confirmed,01-03-2026,31-03-2026,Vertical_06,Unit_01,Commercial_Model_04
PID_325,PRJ_325,CUST_154,PRJ_Vert_03,PRJ_Exec_03,Standard Billable,Active,PM_222,Project_Manager_222,ASDM_95,Account_Service_Delivery_Manager_94,Confirmed,01-03-2026,31-03-2026,Vertical_03,Unit_01,Commercial_Model_01
PID_326,PRJ_326,CUST_174,PRJ_Vert_03,PRJ_Exec_03,Standard Billable,Active,PM_223,Project_Manager_223,ASDM_70,Account_Service_Delivery_Manager_69,Confirmed,01-03-2026,31-03-2026,Vertical_03,Unit_01,Commercial_Model_04
PID_327,PRJ_327,CUST_175,PRJ_Vert_01,PRJ_Exec_26,Standard Billable,Active,PM_46,Project_Manager_46,ASDM_100,Account_Service_Delivery_Manager_99,Confirmed,01-03-2026,31-03-2026,Vertical_01,Unit_02,Commercial_Model_02
PID_328,PRJ_328,CUST_176,PRJ_Vert_02,PRJ_Exec_02,Standard Billable,Active,PM_224,Project_Manager_224,ASDM_02,Account_Service_Delivery_Manager_02,Confirmed,01-03-2026,31-03-2026,Vertical_02,Unit_01,Commercial_Model_04
PID_329,PRJ_329,CUST_177,PRJ_Vert_02,PRJ_Exec_02,Standard Billable,Active,PM_07,Project_Manager_07,ASDM_44,Account_Service_Delivery_Manager_44,Confirmed,01-03-2026,31-03-2026,Vertical_02,Unit_01,Commercial_Model_04
PID_330,PRJ_330,CUST_03,PRJ_Vert_03,PRJ_Exec_03,Standard Billable,Active,PM_03,Project_Manager_03,ASDM_03,Account_Service_Delivery_Manager_03,Confirmed,01-03-2026,31-03-2026,Vertical_03,Unit_01,Commercial_Model_01
PID_331,PRJ_331,CUST_40,PRJ_Vert_01,PRJ_Exec_26,Standard Billable,Active,PM_225,Project_Manager_225,ASDM_101,Account_Service_Delivery_Manager_100,Confirmed,01-03-2026,31-03-2026,Vertical_01,Unit_02,Commercial_Model_04
PID_333,PRJ_333,CUST_12,PRJ_Vert_03,PRJ_Exec_10,Standard Billable,Active,PM_12,Project_Manager_12,ASDM_12,Account_Service_Delivery_Manager_12,Yet to be confirmed,01-03-2026,31-03-2026,Vertical_03,Unit_02,Commercial_Model_02
PID_334,PRJ_334,CUST_65,PRJ_Vert_01,PRJ_Exec_24,Standard Billable,Active,PM_75,Project_Manager_75,ASDM_39,Account_Service_Delivery_Manager_39,Confirmed,01-03-2026,31-03-2026,Vertical_01,Unit_01,Commercial_Model_02
PID_335,PRJ_335,CUST_64,PRJ_Vert_01,PRJ_Exec_16,Standard Billable,Active,PM_72,Project_Manager_72,ASDM_55,Account_Service_Delivery_Manager_55,Confirmed,01-03-2026,31-03-2026,Vertical_01,Unit_01,Commercial_Model_04
PID_336,PRJ_336,CUST_106,PRJ_Vert_06,PRJ_Exec_12,Standard Billable,Active,PM_129,Project_Manager_129,ASDM_14,Account_Service_Delivery_Manager_14,Confirmed,01-03-2026,31-03-2026,Vertical_06,Unit_01,Commercial_Model_02
PID_337,PRJ_337,CUST_178,PRJ_Vert_01,PRJ_Exec_01,Standard Billable,Active,PM_01,Project_Manager_01,ASDM_01,Account_Service_Delivery_Manager_01,Yet to be confirmed,01-03-2026,31-03-2026,Vertical_01,Unit_01,Commercial_Model_02
PID_338,PRJ_338,CUST_47,PRJ_Vert_01,PRJ_Exec_35,Standard Billable,Active,PM_165,Project_Manager_165,ASDM_45,Account_Service_Delivery_Manager_45,Confirmed,01-03-2026,31-03-2026,Vertical_01,Unit_01,Commercial_Model_04
PID_339,PRJ_339,CUST_179,PRJ_Vert_02,PRJ_Exec_05,Standard Billable,Active,PM_227,Project_Manager_227,ASDM_102,Account_Service_Delivery_Manager_101,Yet to be confirmed,01-03-2026,31-03-2026,Vertical_02,Unit_01,Commercial_Model_02
PID_340,PRJ_340,CUST_03,PRJ_Vert_03,PRJ_Exec_03,Standard Billable,Active,PM_206,Project_Manager_206,ASDM_03,Account_Service_Delivery_Manager_03,Confirmed,01-03-2026,31-03-2026,Vertical_03,Unit_01,Commercial_Model_03
PID_342,PRJ_342,CUST_180,PRJ_Vert_02,PRJ_Exec_06,Standard Billable,Active,PM_229,Project_Manager_229,ASDM_103,Account_Service_Delivery_Manager_102,Yet to be confirmed,01-03-2026,31-03-2026,Vertical_02,Unit_01,Commercial_Model_04
PID_1255,PRJ_1255,CUST_119,PRJ_Vert_02,PRJ_Exec_02,Standard Billable,Active,PM_144,Project_Manager_144,ASDM_59,Account_Service_Delivery_Manager_58,Yet to be confirmed,01-03-2026,31-03-2026,Vertical_02,Unit_01,Commercial_Model_01
PID_343,PRJ_343,CUST_181,PRJ_Vert_05,PRJ_Exec_27,Standard Billable,Active,PM_230,Project_Manager_230,ASDM_76,Account_Service_Delivery_Manager_75,Yet to be confirmed,01-03-2026,31-03-2026,Vertical_05,Unit_01,Commercial_Model_04
PID_344,PRJ_344,CUST_95,PRJ_Vert_01,PRJ_Exec_01,Standard Billable,Active,PM_113,Project_Manager_113,ASDM_74,Account_Service_Delivery_Manager_73,Confirmed,01-03-2026,31-03-2026,Vertical_01,Unit_01,Commercial_Model_04
PID_345,PRJ_345,CUST_182,PRJ_Vert_05,PRJ_Exec_30,Standard Billable,Active,PM_219,Project_Manager_219,ASDM_98,Account_Service_Delivery_Manager_97,Confirmed,01-03-2026,31-03-2026,Vertical_05,Unit_02,Commercial_Model_02
PID_346,PRJ_346,CUST_166,PRJ_Vert_02,PRJ_Exec_15,Standard Billable,Active,PM_231,Project_Manager_231,ASDM_84,Account_Service_Delivery_Manager_83,Confirmed,01-03-2026,31-03-2026,Vertical_02,Unit_01,Commercial_Model_02
PID_347,PRJ_347,CUST_47,PRJ_Vert_01,PRJ_Exec_05,Standard Billable,Active,PM_128,Project_Manager_128,ASDM_45,Account_Service_Delivery_Manager_45,Yet to be confirmed,01-03-2026,31-03-2026,Vertical_01,Unit_01,Commercial_Model_04
PID_348,PRJ_348,CUST_183,PRJ_Vert_06,PRJ_Exec_41,Standard Billable,Active,PM_232,Project_Manager_232,ASDM_104,Account_Service_Delivery_Manager_103,Confirmed,01-03-2026,31-03-2026,Vertical_06,Unit_02,Commercial_Model_03
PID_350,PRJ_350,CUST_13,PRJ_Vert_06,PRJ_Exec_11,Standard Billable,Active,PM_234,Project_Manager_234,ASDM_13,Account_Service_Delivery_Manager_13,Confirmed,01-03-2026,31-03-2026,Vertical_06,Unit_01,Commercial_Model_01
PID_351,PRJ_351,CUST_184,PRJ_Vert_03,PRJ_Exec_03,Standard Billable,Active,PM_235,Project_Manager_235,ASDM_07,Account_Service_Delivery_Manager_07,Confirmed,01-03-2026,31-03-2026,Vertical_03,Unit_01,Commercial_Model_04
PID_353,PRJ_353,CUST_89,PRJ_Vert_03,PRJ_Exec_03,Standard Billable,Active,PM_105,Project_Manager_105,ASDM_70,Account_Service_Delivery_Manager_69,Confirmed,01-03-2026,31-03-2026,Vertical_03,Unit_01,Commercial_Model_04
PID_354,PRJ_354,CUST_120,PRJ_Vert_02,PRJ_Exec_23,Standard Billable,Active,PM_121,Project_Manager_121,ASDM_60,Account_Service_Delivery_Manager_59,Yet to be confirmed,01-03-2026,31-03-2026,Vertical_02,Unit_01,Commercial_Model_01
PID_355,PRJ_355,CUST_81,PRJ_Vert_05,PRJ_Exec_09,Standard Billable,Active,PM_237,Project_Manager_237,ASDM_33,Account_Service_Delivery_Manager_33,Yet to be confirmed,01-03-2026,31-03-2026,Vertical_05,Unit_01,Commercial_Model_04
PID_357,PRJ_357,CUST_186,PRJ_Vert_04,PRJ_Exec_34,Standard Billable,Active,PM_239,Project_Manager_239,ASDM_10,Account_Service_Delivery_Manager_10,Confirmed,01-03-2026,31-03-2026,Vertical_04,Unit_01,Commercial_Model_02
PID_358,PRJ_358,CUST_47,PRJ_Vert_01,PRJ_Exec_16,Standard Billable,Active,PM_165,Project_Manager_165,ASDM_45,Account_Service_Delivery_Manager_45,Confirmed,01-03-2026,31-03-2026,Vertical_01,Unit_01,Commercial_Model_02
PID_286,PRJ_286,CUST_147,PRJ_Vert_03,PRJ_Exec_03,Standard Billable,Active,PM_199,Project_Manager_199,ASDM_88,Account_Service_Delivery_Manager_87,Yet to be confirmed,01-03-2026,31-03-2026,Vertical_03,Unit_01,Commercial_Model_04
PID_359,PRJ_359,CUST_187,PRJ_Vert_04,PRJ_Exec_08,Standard Billable,Active,PM_240,Project_Manager_240,ASDM_105,Account_Service_Delivery_Manager_104,Confirmed,01-03-2026,31-03-2026,Vertical_04,Unit_01,Commercial_Model_04
PID_361,PRJ_361,CUST_40,PRJ_Vert_01,PRJ_Exec_43,Standard Billable,Active,PM_242,Project_Manager_242,ASDM_96,Account_Service_Delivery_Manager_95,Confirmed,01-03-2026,31-03-2026,Vertical_01,Unit_02,Commercial_Model_03
PID_363,PRJ_363,CUST_78,PRJ_Vert_01,PRJ_Exec_22,Standard Billable,Active,PM_95,Project_Manager_95,ASDM_65,Account_Service_Delivery_Manager_64,Confirmed,01-03-2026,31-03-2026,Vertical_01,Unit_01,Commercial_Model_04
PID_364,PRJ_364,CUST_189,PRJ_Vert_03,PRJ_Exec_03,Standard Billable,Active,PM_243,Project_Manager_243,ASDM_46,Account_Service_Delivery_Manager_46,Confirmed,01-03-2026,31-03-2026,Vertical_03,Unit_01,Commercial_Model_04
PID_365,PRJ_365,CUST_190,PRJ_Vert_06,PRJ_Exec_12,Standard Billable,Active,PM_244,Project_Manager_244,ASDM_14,Account_Service_Delivery_Manager_14,Confirmed,01-03-2026,31-03-2026,Vertical_06,Unit_01,Commercial_Model_04
PID_891,PRJ_891,CUST_44,PRJ_Vert_03,PRJ_Exec_03,Standard Billable,Active,PM_432,Project_Manager_432,ASDM_43,Account_Service_Delivery_Manager_43,Confirmed,01-03-2026,31-03-2026,Vertical_03,Unit_01,Commercial_Model_04
PID_367,PRJ_367,CUST_136,PRJ_Vert_01,PRJ_Exec_16,Standard Billable,Active,PM_166,Project_Manager_166,ASDM_52,Account_Service_Delivery_Manager_52,Yet to be confirmed,01-03-2026,31-03-2026,Vertical_01,Unit_01,Commercial_Model_04
PID_368,PRJ_368,CUST_159,PRJ_Vert_02,PRJ_Exec_31,Standard Billable,Active,PM_202,Project_Manager_202,ASDM_30,Account_Service_Delivery_Manager_30,Confirmed,01-03-2026,31-03-2026,Vertical_02,Unit_01,Commercial_Model_02
PID_369,PRJ_369,CUST_37,PRJ_Vert_01,PRJ_Exec_24,Standard Billable,Active,PM_125,Project_Manager_125,ASDM_39,Account_Service_Delivery_Manager_39,Yet to be confirmed,01-03-2026,31-03-2026,Vertical_01,Unit_01,Commercial_Model_02
PID_371,PRJ_371,CUST_191,PRJ_Vert_04,PRJ_Exec_40,Standard Billable,Active,PM_246,Project_Manager_246,ASDM_106,Account_Service_Delivery_Manager_105,Confirmed,01-03-2026,31-03-2026,Vertical_04,Unit_01,Commercial_Model_02
PID_372,PRJ_372,CUST_159,PRJ_Vert_02,PRJ_Exec_19,Standard Billable,Active,PM_247,Project_Manager_247,ASDM_30,Account_Service_Delivery_Manager_30,Yet to be confirmed,01-03-2026,31-03-2026,Vertical_02,Unit_01,Commercial_Model_02
PID_373,PRJ_373,CUST_192,PRJ_Vert_04,PRJ_Exec_40,Standard Billable,Active,PM_246,Project_Manager_246,ASDM_106,Account_Service_Delivery_Manager_105,Confirmed,01-03-2026,31-03-2026,Vertical_04,Unit_01,Commercial_Model_04
PID_374,PRJ_374,CUST_89,PRJ_Vert_03,PRJ_Exec_03,Standard Billable,Active,PM_223,Project_Manager_223,ASDM_70,Account_Service_Delivery_Manager_69,Confirmed,01-03-2026,31-03-2026,Vertical_03,Unit_01,Commercial_Model_04
PID_375,PRJ_375,CUST_89,PRJ_Vert_03,PRJ_Exec_03,Standard Billable,Active,PM_248,Project_Manager_248,ASDM_70,Account_Service_Delivery_Manager_69,Confirmed,01-03-2026,31-03-2026,Vertical_03,Unit_01,Commercial_Model_04
PID_1466,PRJ_1466,CUST_119,PRJ_Vert_02,PRJ_Exec_02,Standard Billable,Active,PM_144,Project_Manager_144,ASDM_59,Account_Service_Delivery_Manager_58,Yet to be confirmed,01-03-2026,31-03-2026,Vertical_02,Unit_01,Commercial_Model_05
PID_376,PRJ_376,CUST_193,PRJ_Vert_07,PRJ_Exec_39,Standard Billable,Active,PM_137,Project_Manager_137,ASDM_16,Account_Service_Delivery_Manager_16,Confirmed,01-03-2026,31-03-2026,Vertical_07,Unit_01,Commercial_Model_01
PID_1702,PRJ_1702,CUST_133,PRJ_Vert_05,PRJ_Exec_17,Standard Billable,Active,PM_656,Project_Manager_655,ASDM_76,Account_Service_Delivery_Manager_75,Confirmed,01-03-2026,31-03-2026,Vertical_05,Unit_02,Commercial_Model_01
PID_906,PRJ_906,CUST_130,PRJ_Vert_02,PRJ_Exec_19,Standard Billable,Active,PM_71,Project_Manager_71,ASDM_85,Account_Service_Delivery_Manager_84,Confirmed,01-03-2026,31-03-2026,Vertical_02,Unit_01,Commercial_Model_02
PID_377,PRJ_377,CUST_162,PRJ_Vert_01,PRJ_Exec_47,Standard Billable,Active,PM_249,Project_Manager_249,ASDM_47,Account_Service_Delivery_Manager_47,Confirmed,01-03-2026,31-03-2026,Vertical_01,Unit_01,Commercial_Model_04
PID_910,PRJ_910,CUST_44,PRJ_Vert_03,PRJ_Exec_03,Standard Billable,Active,PM_432,Project_Manager_432,ASDM_43,Account_Service_Delivery_Manager_43,Confirmed,01-03-2026,31-03-2026,Vertical_03,Unit_01,Commercial_Model_04
PID_378,PRJ_378,CUST_89,PRJ_Vert_03,PRJ_Exec_03,Standard Billable,Active,PM_105,Project_Manager_105,ASDM_70,Account_Service_Delivery_Manager_69,Confirmed,01-03-2026,31-03-2026,Vertical_03,Unit_01,Commercial_Model_04
PID_379,PRJ_379,CUST_194,PRJ_Vert_02,PRJ_Exec_15,Standard Billable,Active,PM_250,Project_Manager_250,ASDM_77,Account_Service_Delivery_Manager_76,Confirmed,01-03-2026,31-03-2026,Vertical_02,Unit_01,Commercial_Model_02
PID_380,PRJ_380,CUST_92,PRJ_Vert_03,PRJ_Exec_03,Standard Billable,Active,PM_109,Project_Manager_109,ASDM_46,Account_Service_Delivery_Manager_46,Confirmed,01-03-2026,31-03-2026,Vertical_03,Unit_01,Commercial_Model_02
PID_381,PRJ_381,CUST_64,PRJ_Vert_01,PRJ_Exec_16,Standard Billable,Active,PM_72,Project_Manager_72,ASDM_55,Account_Service_Delivery_Manager_55,Confirmed,01-03-2026,31-03-2026,Vertical_01,Unit_01,Commercial_Model_05
PID_382,PRJ_382,CUST_161,PRJ_Vert_05,PRJ_Exec_09,Standard Billable,Active,PM_251,Project_Manager_251,ASDM_99,Account_Service_Delivery_Manager_98,Yet to be confirmed,01-03-2026,31-03-2026,Vertical_05,Unit_01,Commercial_Model_05
PID_383,PRJ_383,CUST_13,PRJ_Vert_06,PRJ_Exec_25,Standard Billable,Active,PM_157,Project_Manager_157,ASDM_36,Account_Service_Delivery_Manager_36,Confirmed,01-03-2026,31-03-2026,Vertical_06,Unit_01,Commercial_Model_01
PID_384,PRJ_384,CUST_12,PRJ_Vert_03,PRJ_Exec_10,Standard Billable,Active,PM_12,Project_Manager_12,ASDM_12,Account_Service_Delivery_Manager_12,Yet to be confirmed,01-03-2026,31-03-2026,Vertical_03,Unit_02,Commercial_Model_02
PID_385,PRJ_385,CUST_195,PRJ_Vert_05,PRJ_Exec_09,Standard Billable,Active,PM_252,Project_Manager_252,ASDM_76,Account_Service_Delivery_Manager_75,Yet to be confirmed,01-03-2026,31-03-2026,Vertical_05,Unit_01,Commercial_Model_04
PID_387,PRJ_387,CUST_67,PRJ_Vert_02,PRJ_Exec_23,Standard Billable,Active,PM_253,Project_Manager_253,ASDM_59,Account_Service_Delivery_Manager_58,Confirmed,01-03-2026,31-03-2026,Vertical_02,Unit_01,Commercial_Model_05
PID_388,PRJ_388,CUST_196,PRJ_Vert_01,PRJ_Exec_24,Standard Billable,Active,PM_254,Project_Manager_254,ASDM_81,Account_Service_Delivery_Manager_80,Confirmed,01-03-2026,31-03-2026,Vertical_01,Unit_01,Commercial_Model_02
PID_389,PRJ_389,CUST_89,PRJ_Vert_03,PRJ_Exec_03,Standard Billable,Active,PM_105,Project_Manager_105,ASDM_70,Account_Service_Delivery_Manager_69,Confirmed,01-03-2026,31-03-2026,Vertical_03,Unit_01,Commercial_Model_04
PID_390,PRJ_390,CUST_113,PRJ_Vert_01,PRJ_Exec_01,Standard Billable,Active,PM_138,Project_Manager_138,ASDM_79,Account_Service_Delivery_Manager_78,Confirmed,01-03-2026,31-03-2026,Vertical_01,Unit_01,Commercial_Model_04
PID_391,PRJ_391,CUST_113,PRJ_Vert_01,PRJ_Exec_01,Standard Billable,Active,PM_138,Project_Manager_138,ASDM_79,Account_Service_Delivery_Manager_78,Confirmed,01-03-2026,31-03-2026,Vertical_01,Unit_01,Commercial_Model_04
PID_392,PRJ_392,CUST_197,PRJ_Vert_08,PRJ_Exec_36,Standard Billable,Active,PM_255,Project_Manager_255,ASDM_67,Account_Service_Delivery_Manager_66,Yet to be confirmed,01-03-2026,31-03-2026,Vertical_08,Unit_01,Commercial_Model_04
PID_393,PRJ_393,CUST_71,PRJ_Vert_02,PRJ_Exec_23,Standard Billable,Active,PM_150,Project_Manager_150,ASDM_60,Account_Service_Delivery_Manager_59,Yet to be confirmed,01-03-2026,31-03-2026,Vertical_02,Unit_01,Commercial_Model_01
PID_927,PRJ_927,CUST_05,PRJ_Vert_01,PRJ_Exec_20,Standard Billable,Active,PM_269,Project_Manager_269,ASDM_05,Account_Service_Delivery_Manager_05,Confirmed,01-03-2026,31-03-2026,Vertical_01,Unit_01,Commercial_Model_04
PID_394,PRJ_394,CUST_146,PRJ_Vert_03,PRJ_Exec_03,Standard Billable,Active,PM_62,Project_Manager_62,ASDM_07,Account_Service_Delivery_Manager_07,Confirmed,01-03-2026,31-03-2026,Vertical_03,Unit_01,Commercial_Model_04
PID_395,PRJ_395,CUST_171,PRJ_Vert_06,PRJ_Exec_12,Standard Billable,Active,PM_119,Project_Manager_119,ASDM_14,Account_Service_Delivery_Manager_14,Confirmed,01-03-2026,31-03-2026,Vertical_06,Unit_01,Commercial_Model_04
PID_396,PRJ_396,CUST_54,PRJ_Vert_02,PRJ_Exec_19,Standard Billable,Active,PM_71,Project_Manager_71,ASDM_58,Account_Service_Delivery_Manager_50,Confirmed,01-03-2026,31-03-2026,Vertical_02,Unit_01,Commercial_Model_02
PID_397,PRJ_397,CUST_33,PRJ_Vert_02,PRJ_Exec_23,Standard Billable,Active,PM_256,Project_Manager_256,ASDM_34,Account_Service_Delivery_Manager_34,Confirmed,01-03-2026,31-03-2026,Vertical_02,Unit_01,Commercial_Model_01
PID_398,PRJ_398,CUST_12,PRJ_Vert_03,PRJ_Exec_10,Standard Billable,Active,PM_12,Project_Manager_12,ASDM_12,Account_Service_Delivery_Manager_12,Yet to be confirmed,01-03-2026,31-03-2026,Vertical_03,Unit_02,Commercial_Model_02
PID_1483,PRJ_1483,CUST_231,PRJ_Vert_01,PRJ_Exec_01,Standard Billable,Active,PM_322,Project_Manager_322,ASDM_52,Account_Service_Delivery_Manager_52,Confirmed,01-03-2026,31-03-2026,Vertical_01,Unit_01,Commercial_Model_04
PID_399,PRJ_399,CUST_01,PRJ_Vert_01,PRJ_Exec_01,Standard Billable,Active,PM_01,Project_Manager_01,ASDM_01,Account_Service_Delivery_Manager_01,Confirmed,01-03-2026,31-03-2026,Vertical_01,Unit_01,Commercial_Model_04
PID_400,PRJ_400,CUST_198,PRJ_Vert_05,PRJ_Exec_09,Standard Billable,Active,PM_257,Project_Manager_257,ASDM_75,Account_Service_Delivery_Manager_74,Confirmed,01-03-2026,31-03-2026,Vertical_05,Unit_01,Commercial_Model_04
PID_402,PRJ_402,CUST_94,PRJ_Vert_01,PRJ_Exec_16,Standard Billable,Active,PM_259,Project_Manager_259,ASDM_45,Account_Service_Delivery_Manager_45,Confirmed,01-03-2026,31-03-2026,Vertical_01,Unit_01,Commercial_Model_04
PID_403,PRJ_403,CUST_12,PRJ_Vert_03,PRJ_Exec_10,Standard Billable,Active,PM_12,Project_Manager_12,ASDM_12,Account_Service_Delivery_Manager_12,Yet to be confirmed,01-03-2026,31-03-2026,Vertical_03,Unit_02,Commercial_Model_02
PID_404,PRJ_404,CUST_155,PRJ_Vert_02,PRJ_Exec_15,Standard Billable,Active,PM_196,Project_Manager_196,ASDM_84,Account_Service_Delivery_Manager_83,Confirmed,01-03-2026,31-03-2026,Vertical_02,Unit_01,Commercial_Model_01
PID_405,PRJ_405,CUST_190,PRJ_Vert_06,PRJ_Exec_16,Standard Billable,Active,PM_260,Project_Manager_260,ASDM_14,Account_Service_Delivery_Manager_14,Confirmed,01-03-2026,31-03-2026,Vertical_06,Unit_01,Commercial_Model_02
PID_406,PRJ_406,CUST_57,PRJ_Vert_01,PRJ_Exec_01,Standard Billable,Active,PM_64,Project_Manager_64,ASDM_52,Account_Service_Delivery_Manager_52,Confirmed,01-03-2026,31-03-2026,Vertical_01,Unit_01,Commercial_Model_04
PID_942,PRJ_942,CUST_24,PRJ_Vert_01,PRJ_Exec_13,Standard Billable,Active,PM_24,Project_Manager_24,ASDM_127,Account_Service_Delivery_Manager_126,Confirmed,01-03-2026,31-03-2026,Vertical_01,Unit_02,Commercial_Model_04
PID_407,PRJ_407,CUST_32,PRJ_Vert_05,PRJ_Exec_09,Standard Billable,Active,PM_261,Project_Manager_261,ASDM_33,Account_Service_Delivery_Manager_33,Confirmed,01-03-2026,31-03-2026,Vertical_05,Unit_01,Commercial_Model_04
PID_671,PRJ_671,CUST_259,PRJ_Vert_01,PRJ_Exec_17,Standard Billable,Active,PM_151,Project_Manager_151,ASDM_83,Account_Service_Delivery_Manager_82,Confirmed,01-03-2026,31-03-2026,Vertical_01,Unit_02,Commercial_Model_03
PID_408,PRJ_408,CUST_89,PRJ_Vert_03,PRJ_Exec_16,Standard Billable,Active,PM_105,Project_Manager_105,ASDM_70,Account_Service_Delivery_Manager_69,Confirmed,01-03-2026,31-03-2026,Vertical_03,Unit_01,Commercial_Model_04
PID_943,PRJ_943,CUST_304,PRJ_Vert_01,PRJ_Exec_01,Standard Billable,Active,PM_01,Project_Manager_01,ASDM_52,Account_Service_Delivery_Manager_52,Confirmed,01-03-2026,31-03-2026,Vertical_01,Unit_01,Commercial_Model_04
PID_409,PRJ_409,CUST_92,PRJ_Vert_03,PRJ_Exec_03,Standard Billable,Active,PM_109,Project_Manager_109,ASDM_46,Account_Service_Delivery_Manager_46,Confirmed,01-03-2026,31-03-2026,Vertical_03,Unit_01,Commercial_Model_04
PID_411,PRJ_411,CUST_63,PRJ_Vert_01,PRJ_Exec_20,Standard Billable,Active,PM_70,Project_Manager_70,ASDM_57,Account_Service_Delivery_Manager_57,Confirmed,01-03-2026,31-03-2026,Vertical_01,Unit_01,Commercial_Model_04
PID_414,PRJ_414,CUST_95,PRJ_Vert_01,PRJ_Exec_01,Standard Billable,Active,PM_113,Project_Manager_113,ASDM_74,Account_Service_Delivery_Manager_73,Confirmed,01-03-2026,31-03-2026,Vertical_01,Unit_01,Commercial_Model_04
PID_415,PRJ_415,CUST_168,PRJ_Vert_02,PRJ_Exec_02,Standard Billable,Active,PM_264,Project_Manager_264,ASDM_02,Account_Service_Delivery_Manager_02,Yet to be confirmed,01-03-2026,31-03-2026,Vertical_02,Unit_01,Commercial_Model_04
PID_416,PRJ_416,CUST_113,PRJ_Vert_01,PRJ_Exec_01,Standard Billable,Active,PM_138,Project_Manager_138,ASDM_79,Account_Service_Delivery_Manager_78,Confirmed,01-03-2026,31-03-2026,Vertical_01,Unit_01,Commercial_Model_04
PID_417,PRJ_417,CUST_172,PRJ_Vert_01,PRJ_Exec_45,Standard Billable,Active,PM_220,Project_Manager_220,ASDM_28,Account_Service_Delivery_Manager_28,Confirmed,01-03-2026,31-03-2026,Vertical_01,Unit_01,Commercial_Model_04
PID_418,PRJ_418,CUST_185,PRJ_Vert_05,PRJ_Exec_16,Standard Billable,Active,PM_265,Project_Manager_265,ASDM_97,Account_Service_Delivery_Manager_96,Confirmed,01-03-2026,31-03-2026,Vertical_05,Unit_01,Commercial_Model_04
PID_419,PRJ_419,CUST_146,PRJ_Vert_03,PRJ_Exec_03,Standard Billable,Active,PM_62,Project_Manager_62,ASDM_07,Account_Service_Delivery_Manager_07,Confirmed,01-03-2026,31-03-2026,Vertical_03,Unit_01,Commercial_Model_04
PID_420,PRJ_420,CUST_113,PRJ_Vert_01,PRJ_Exec_01,Standard Billable,Active,PM_138,Project_Manager_138,ASDM_79,Account_Service_Delivery_Manager_78,Confirmed,01-03-2026,31-03-2026,Vertical_01,Unit_01,Commercial_Model_04
PID_421,PRJ_421,CUST_176,PRJ_Vert_02,PRJ_Exec_02,Standard Billable,Active,PM_266,Project_Manager_266,ASDM_02,Account_Service_Delivery_Manager_02,Yet to be confirmed,01-03-2026,31-03-2026,Vertical_02,Unit_01,Commercial_Model_04
PID_422,PRJ_422,CUST_81,PRJ_Vert_05,PRJ_Exec_09,Standard Billable,Active,PM_267,Project_Manager_267,ASDM_33,Account_Service_Delivery_Manager_33,Confirmed,01-03-2026,31-03-2026,Vertical_05,Unit_01,Commercial_Model_04
PID_423,PRJ_423,CUST_12,PRJ_Vert_03,PRJ_Exec_10,Standard Billable,Active,PM_12,Project_Manager_12,ASDM_12,Account_Service_Delivery_Manager_12,Yet to be confirmed,01-03-2026,31-03-2026,Vertical_03,Unit_02,Commercial_Model_02
PID_424,PRJ_424,CUST_201,PRJ_Vert_01,PRJ_Exec_01,Standard Billable,Active,PM_268,Project_Manager_268,ASDM_74,Account_Service_Delivery_Manager_73,Yet to be confirmed,01-03-2026,31-03-2026,Vertical_01,Unit_01,Commercial_Model_02
PID_425,PRJ_425,CUST_67,PRJ_Vert_02,PRJ_Exec_23,Standard Billable,Active,PM_253,Project_Manager_253,ASDM_59,Account_Service_Delivery_Manager_58,Confirmed,01-03-2026,31-03-2026,Vertical_02,Unit_01,Commercial_Model_04
PID_426,PRJ_426,CUST_63,PRJ_Vert_01,PRJ_Exec_20,Standard Billable,Active,PM_70,Project_Manager_70,ASDM_57,Account_Service_Delivery_Manager_57,Confirmed,01-03-2026,31-03-2026,Vertical_01,Unit_01,Commercial_Model_04
PID_427,PRJ_427,CUST_59,PRJ_Vert_08,PRJ_Exec_36,Standard Billable,Active,PM_92,Project_Manager_92,ASDM_67,Account_Service_Delivery_Manager_66,Confirmed,01-03-2026,31-03-2026,Vertical_08,Unit_01,Commercial_Model_05
PID_428,PRJ_428,CUST_05,PRJ_Vert_01,PRJ_Exec_20,Standard Billable,Active,PM_269,Project_Manager_269,ASDM_05,Account_Service_Delivery_Manager_05,Confirmed,01-03-2026,31-03-2026,Vertical_01,Unit_01,Commercial_Model_02
PID_429,PRJ_429,CUST_12,PRJ_Vert_03,PRJ_Exec_10,Standard Billable,Active,PM_12,Project_Manager_12,ASDM_12,Account_Service_Delivery_Manager_12,Yet to be confirmed,01-03-2026,31-03-2026,Vertical_03,Unit_02,Commercial_Model_02
PID_1990,PRJ_1990,CUST_27,PRJ_Vert_03,PRJ_Exec_03,Standard Billable,Active,PM_533,Project_Manager_533,ASDM_27,Account_Service_Delivery_Manager_27,Confirmed,01-03-2026,31-03-2026,Vertical_03,Unit_01,Commercial_Model_04
PID_432,PRJ_432,CUST_95,PRJ_Vert_01,PRJ_Exec_01,Standard Billable,Active,PM_113,Project_Manager_113,ASDM_74,Account_Service_Delivery_Manager_73,Confirmed,01-03-2026,31-03-2026,Vertical_01,Unit_01,Commercial_Model_04
PID_433,PRJ_433,CUST_104,PRJ_Vert_05,PRJ_Exec_09,Standard Billable,Active,PM_127,Project_Manager_127,ASDM_76,Account_Service_Delivery_Manager_75,Yet to be confirmed,01-03-2026,31-03-2026,Vertical_05,Unit_01,Commercial_Model_04
PID_434,PRJ_434,CUST_62,PRJ_Vert_06,PRJ_Exec_32,Standard Billable,Active,PM_270,Project_Manager_270,ASDM_56,Account_Service_Delivery_Manager_56,Confirmed,01-03-2026,31-03-2026,Vertical_06,Unit_01,Commercial_Model_01
PID_435,PRJ_435,CUST_38,PRJ_Vert_03,PRJ_Exec_03,Standard Billable,Active,PM_42,Project_Manager_42,ASDM_40,Account_Service_Delivery_Manager_40,Confirmed,01-03-2026,31-03-2026,Vertical_03,Unit_01,Commercial_Model_01
PID_436,PRJ_436,CUST_198,PRJ_Vert_05,PRJ_Exec_09,Standard Billable,Active,PM_257,Project_Manager_257,ASDM_75,Account_Service_Delivery_Manager_74,Confirmed,01-03-2026,31-03-2026,Vertical_05,Unit_01,Commercial_Model_04
PID_437,PRJ_437,CUST_38,PRJ_Vert_01,PRJ_Exec_24,Standard Billable,Active,PM_254,Project_Manager_254,ASDM_81,Account_Service_Delivery_Manager_80,Confirmed,01-03-2026,31-03-2026,Vertical_01,Unit_01,Commercial_Model_01
PID_439,PRJ_439,CUST_108,PRJ_Vert_02,PRJ_Exec_15,Standard Billable,Active,PM_153,Project_Manager_153,ASDM_21,Account_Service_Delivery_Manager_21,Yet to be confirmed,01-03-2026,31-03-2026,Vertical_02,Unit_01,Commercial_Model_01
PID_440,PRJ_440,CUST_95,PRJ_Vert_01,PRJ_Exec_01,Standard Billable,Active,PM_113,Project_Manager_113,ASDM_74,Account_Service_Delivery_Manager_73,Confirmed,01-03-2026,31-03-2026,Vertical_01,Unit_01,Commercial_Model_04
PID_441,PRJ_441,CUST_01,PRJ_Vert_01,PRJ_Exec_01,Standard Billable,Active,PM_01,Project_Manager_01,ASDM_01,Account_Service_Delivery_Manager_01,Confirmed,01-03-2026,31-03-2026,Vertical_01,Unit_01,Commercial_Model_01
PID_442,PRJ_442,CUST_202,PRJ_Vert_05,PRJ_Exec_09,Standard Billable,Active,PM_271,Project_Manager_271,ASDM_76,Account_Service_Delivery_Manager_75,Yet to be confirmed,01-03-2026,31-03-2026,Vertical_05,Unit_01,Commercial_Model_04
PID_443,PRJ_443,CUST_32,PRJ_Vert_05,PRJ_Exec_16,Standard Billable,Active,PM_198,Project_Manager_198,ASDM_33,Account_Service_Delivery_Manager_33,Yet to be confirmed,01-03-2026,31-03-2026,Vertical_05,Unit_01,Commercial_Model_01
PID_444,PRJ_444,CUST_203,PRJ_Vert_02,PRJ_Exec_16,Standard Billable,Active,PM_272,Project_Manager_272,ASDM_103,Account_Service_Delivery_Manager_102,Yet to be confirmed,01-03-2026,31-03-2026,Vertical_02,Unit_01,Commercial_Model_01
PID_445,PRJ_445,CUST_159,PRJ_Vert_02,PRJ_Exec_31,Standard Billable,Active,PM_202,Project_Manager_202,ASDM_30,Account_Service_Delivery_Manager_30,Confirmed,01-03-2026,31-03-2026,Vertical_02,Unit_01,Commercial_Model_01
PID_446,PRJ_446,CUST_91,PRJ_Vert_02,PRJ_Exec_46,Standard Billable,Active,PM_107,Project_Manager_107,ASDM_58,Account_Service_Delivery_Manager_50,Confirmed,01-03-2026,31-03-2026,Vertical_02,Unit_01,Commercial_Model_02
PID_448,PRJ_448,CUST_139,PRJ_Vert_02,PRJ_Exec_19,Standard Billable,Active,PM_179,Project_Manager_179,ASDM_38,Account_Service_Delivery_Manager_38,Confirmed,01-03-2026,31-03-2026,Vertical_02,Unit_01,Commercial_Model_01
PID_449,PRJ_449,CUST_179,PRJ_Vert_02,PRJ_Exec_05,Standard Billable,Active,PM_274,Project_Manager_274,ASDM_102,Account_Service_Delivery_Manager_101,Yet to be confirmed,01-03-2026,31-03-2026,Vertical_02,Unit_01,Commercial_Model_01
PID_447,PRJ_447,CUST_44,PRJ_Vert_03,PRJ_Exec_03,Standard Billable,Active,PM_273,Project_Manager_273,ASDM_43,Account_Service_Delivery_Manager_43,Confirmed,01-03-2026,31-03-2026,Vertical_03,Unit_01,Commercial_Model_04
PID_450,PRJ_450,CUST_202,PRJ_Vert_05,PRJ_Exec_09,Standard Billable,Active,PM_275,Project_Manager_275,ASDM_76,Account_Service_Delivery_Manager_75,Confirmed,01-03-2026,31-03-2026,Vertical_05,Unit_01,Commercial_Model_04
PID_451,PRJ_451,CUST_95,PRJ_Vert_01,PRJ_Exec_01,Standard Billable,Active,PM_113,Project_Manager_113,ASDM_74,Account_Service_Delivery_Manager_73,Confirmed,01-03-2026,31-03-2026,Vertical_01,Unit_01,Commercial_Model_04
PID_452,PRJ_452,CUST_38,PRJ_Vert_03,PRJ_Exec_03,Standard Billable,Active,PM_42,Project_Manager_42,ASDM_40,Account_Service_Delivery_Manager_40,Confirmed,01-03-2026,31-03-2026,Vertical_03,Unit_01,Commercial_Model_01
PID_453,PRJ_453,CUST_47,PRJ_Vert_01,PRJ_Exec_24,Standard Billable,Active,PM_131,Project_Manager_131,ASDM_45,Account_Service_Delivery_Manager_45,Yet to be confirmed,01-03-2026,31-03-2026,Vertical_01,Unit_01,Commercial_Model_04
PID_356,PRJ_356,CUST_180,PRJ_Vert_02,PRJ_Exec_06,Standard Billable,Active,PM_238,Project_Manager_238,ASDM_103,Account_Service_Delivery_Manager_102,Confirmed,01-03-2026,31-03-2026,Vertical_02,Unit_01,Commercial_Model_01
PID_1774,PRJ_1774,CUST_185,PRJ_Vert_05,PRJ_Exec_16,Standard Billable,Active,PM_236,Project_Manager_236,ASDM_97,Account_Service_Delivery_Manager_96,Confirmed,01-03-2026,31-03-2026,Vertical_05,Unit_01,Commercial_Model_04
PID_456,PRJ_456,CUST_47,PRJ_Vert_01,PRJ_Exec_31,Standard Billable,Active,PM_165,Project_Manager_165,ASDM_45,Account_Service_Delivery_Manager_45,Confirmed,01-03-2026,31-03-2026,Vertical_01,Unit_01,Commercial_Model_04
PID_719,PRJ_719,CUST_270,PRJ_Vert_08,PRJ_Exec_50,Standard Billable,Active,PM_373,Project_Manager_373,ASDM_67,Account_Service_Delivery_Manager_66,Confirmed,01-03-2026,31-03-2026,Vertical_08,Unit_01,Commercial_Model_02
PID_457,PRJ_457,CUST_01,PRJ_Vert_01,PRJ_Exec_01,Standard Billable,Active,PM_01,Project_Manager_01,ASDM_01,Account_Service_Delivery_Manager_01,Confirmed,01-03-2026,31-03-2026,Vertical_01,Unit_01,Commercial_Model_01
PID_460,PRJ_460,CUST_205,PRJ_Vert_01,PRJ_Exec_01,Standard Billable,Active,PM_01,Project_Manager_01,ASDM_01,Account_Service_Delivery_Manager_01,Confirmed,01-03-2026,31-03-2026,Vertical_01,Unit_01,Commercial_Model_04
PID_461,PRJ_461,CUST_206,PRJ_Vert_02,PRJ_Exec_48,Standard Billable,Active,PM_277,Project_Manager_277,ASDM_22,Account_Service_Delivery_Manager_22,Yet to be confirmed,01-03-2026,31-03-2026,Vertical_02,Unit_01,Commercial_Model_04
PID_462,PRJ_462,CUST_207,PRJ_Vert_01,PRJ_Exec_17,Standard Billable,Active,PM_110,Project_Manager_110,ASDM_107,Account_Service_Delivery_Manager_106,Confirmed,01-03-2026,31-03-2026,Vertical_01,Unit_02,Commercial_Model_03
PID_463,PRJ_463,CUST_208,PRJ_Vert_06,PRJ_Exec_12,Standard Billable,Active,PM_278,Project_Manager_278,ASDM_72,Account_Service_Delivery_Manager_71,Yet to be confirmed,01-03-2026,31-03-2026,Vertical_06,Unit_01,Commercial_Model_01
PID_464,PRJ_464,CUST_209,PRJ_Vert_08,PRJ_Exec_36,Customer Non Billable,Active,PM_92,Project_Manager_92,ASDM_108,Account_Service_Delivery_Manager_107,Confirmed,01-03-2026,31-03-2026,Vertical_08,Unit_01,Commercial_Model_05
PID_1012,PRJ_1012,CUST_123,PRJ_Vert_04,PRJ_Exec_05,Standard Billable,Active,PM_455,Project_Manager_455,ASDM_82,Account_Service_Delivery_Manager_81,Yet to be confirmed,01-03-2026,31-03-2026,Vertical_04,Unit_01,Commercial_Model_01
PID_466,PRJ_466,CUST_207,PRJ_Vert_01,PRJ_Exec_01,Standard Billable,Active,PM_280,Project_Manager_280,ASDM_107,Account_Service_Delivery_Manager_106,Confirmed,01-03-2026,31-03-2026,Vertical_01,Unit_01,Commercial_Model_05
PID_467,PRJ_467,CUST_38,PRJ_Vert_03,PRJ_Exec_03,Standard Billable,Active,PM_42,Project_Manager_42,ASDM_40,Account_Service_Delivery_Manager_40,Confirmed,01-03-2026,31-03-2026,Vertical_03,Unit_01,Commercial_Model_01
PID_468,PRJ_468,CUST_42,PRJ_Vert_05,PRJ_Exec_09,Standard Billable,Active,PM_47,Project_Manager_47,ASDM_42,Account_Service_Delivery_Manager_42,Yet to be confirmed,01-03-2026,31-03-2026,Vertical_05,Unit_01,Commercial_Model_05
PID_470,PRJ_470,CUST_108,PRJ_Vert_02,PRJ_Exec_15,Standard Billable,Active,PM_153,Project_Manager_153,ASDM_21,Account_Service_Delivery_Manager_21,Yet to be confirmed,01-03-2026,31-03-2026,Vertical_02,Unit_01,Commercial_Model_02
PID_471,PRJ_471,CUST_198,PRJ_Vert_05,PRJ_Exec_09,Standard Billable,Active,PM_257,Project_Manager_257,ASDM_75,Account_Service_Delivery_Manager_74,Confirmed,01-03-2026,31-03-2026,Vertical_05,Unit_01,Commercial_Model_04
PID_438,PRJ_438,CUST_108,PRJ_Vert_02,PRJ_Exec_15,Standard Billable,Active,PM_153,Project_Manager_153,ASDM_21,Account_Service_Delivery_Manager_21,Yet to be confirmed,01-03-2026,31-03-2026,Vertical_02,Unit_01,Commercial_Model_02
PID_472,PRJ_472,CUST_210,PRJ_Vert_04,PRJ_Exec_16,Standard Billable,Active,PM_240,Project_Manager_240,ASDM_105,Account_Service_Delivery_Manager_104,Confirmed,01-03-2026,31-03-2026,Vertical_04,Unit_01,Commercial_Model_01
PID_473,PRJ_473,CUST_99,PRJ_Vert_05,PRJ_Exec_09,Standard Billable,Active,PM_118,Project_Manager_118,ASDM_75,Account_Service_Delivery_Manager_74,Confirmed,01-03-2026,31-03-2026,Vertical_05,Unit_01,Commercial_Model_04
PID_475,PRJ_475,CUST_143,PRJ_Vert_04,PRJ_Exec_13,Standard Billable,Active,PM_282,Project_Manager_282,ASDM_23,Account_Service_Delivery_Manager_23,Yet to be confirmed,01-03-2026,31-03-2026,Vertical_04,Unit_02,Commercial_Model_03
PID_476,PRJ_476,CUST_38,PRJ_Vert_03,PRJ_Exec_03,Standard Billable,Active,PM_42,Project_Manager_42,ASDM_40,Account_Service_Delivery_Manager_40,Confirmed,01-03-2026,31-03-2026,Vertical_03,Unit_01,Commercial_Model_01
PID_239,PRJ_239,CUST_141,PRJ_Vert_03,PRJ_Exec_03,Standard Billable,Active,PM_171,Project_Manager_171,ASDM_20,Account_Service_Delivery_Manager_20,Confirmed,01-03-2026,31-03-2026,Vertical_03,Unit_01,Commercial_Model_04
PID_477,PRJ_477,CUST_211,PRJ_Vert_05,PRJ_Exec_09,Standard Billable,Active,PM_283,Project_Manager_283,ASDM_11,Account_Service_Delivery_Manager_11,Confirmed,01-03-2026,31-03-2026,Vertical_05,Unit_01,Commercial_Model_02
PID_478,PRJ_478,CUST_82,PRJ_Vert_06,PRJ_Exec_16,Standard Billable,Active,PM_108,Project_Manager_108,ASDM_66,Account_Service_Delivery_Manager_65,Confirmed,01-03-2026,31-03-2026,Vertical_06,Unit_01,Commercial_Model_01
PID_479,PRJ_479,CUST_45,PRJ_Vert_02,PRJ_Exec_15,Standard Billable,Active,PM_284,Project_Manager_284,ASDM_84,Account_Service_Delivery_Manager_83,Confirmed,01-03-2026,31-03-2026,Vertical_02,Unit_01,Commercial_Model_04
PID_480,PRJ_480,CUST_113,PRJ_Vert_01,PRJ_Exec_01,Standard Billable,Active,PM_138,Project_Manager_138,ASDM_79,Account_Service_Delivery_Manager_78,Confirmed,01-03-2026,31-03-2026,Vertical_01,Unit_01,Commercial_Model_04
PID_481,PRJ_481,CUST_212,PRJ_Vert_02,PRJ_Exec_46,Standard Billable,Active,PM_285,Project_Manager_285,ASDM_110,Account_Service_Delivery_Manager_109,Yet to be confirmed,01-03-2026,31-03-2026,Vertical_02,Unit_01,Commercial_Model_04
PID_483,PRJ_483,CUST_213,PRJ_Vert_02,PRJ_Exec_19,Standard Billable,Active,PM_202,Project_Manager_202,ASDM_30,Account_Service_Delivery_Manager_30,Confirmed,01-03-2026,31-03-2026,Vertical_02,Unit_01,Commercial_Model_04
PID_484,PRJ_484,CUST_27,PRJ_Vert_03,PRJ_Exec_03,Standard Billable,Active,PM_286,Project_Manager_286,ASDM_27,Account_Service_Delivery_Manager_27,Confirmed,01-03-2026,31-03-2026,Vertical_03,Unit_01,Commercial_Model_04
PID_750,PRJ_750,CUST_24,PRJ_Vert_01,PRJ_Exec_13,Standard Billable,Active,PM_24,Project_Manager_24,ASDM_127,Account_Service_Delivery_Manager_126,Confirmed,01-03-2026,31-03-2026,Vertical_01,Unit_02,Commercial_Model_02
PID_486,PRJ_486,CUST_50,PRJ_Vert_02,PRJ_Exec_07,Standard Billable,Active,PM_288,Project_Manager_288,ASDM_08,Account_Service_Delivery_Manager_08,Confirmed,01-03-2026,31-03-2026,Vertical_02,Unit_02,Commercial_Model_03
PID_487,PRJ_487,CUST_214,PRJ_Vert_04,PRJ_Exec_13,Standard Billable,Active,PM_289,Project_Manager_289,ASDM_23,Account_Service_Delivery_Manager_23,Yet to be confirmed,01-03-2026,31-03-2026,Vertical_04,Unit_02,Commercial_Model_03
PID_489,PRJ_489,CUST_159,PRJ_Vert_02,PRJ_Exec_19,Standard Billable,Active,PM_202,Project_Manager_202,ASDM_30,Account_Service_Delivery_Manager_30,Confirmed,01-03-2026,31-03-2026,Vertical_02,Unit_01,Commercial_Model_02
PID_490,PRJ_490,CUST_39,PRJ_Vert_01,PRJ_Exec_05,Standard Billable,Active,PM_291,Project_Manager_291,ASDM_41,Account_Service_Delivery_Manager_41,Yet to be confirmed,01-03-2026,31-03-2026,Vertical_01,Unit_01,Commercial_Model_04
PID_491,PRJ_491,CUST_33,PRJ_Vert_02,PRJ_Exec_23,Standard Billable,Active,PM_292,Project_Manager_292,ASDM_34,Account_Service_Delivery_Manager_34,Yet to be confirmed,01-03-2026,31-03-2026,Vertical_02,Unit_01,Commercial_Model_01
PID_492,PRJ_492,CUST_216,PRJ_Vert_07,PRJ_Exec_39,Standard Billable,Active,PM_68,Project_Manager_68,ASDM_16,Account_Service_Delivery_Manager_16,Confirmed,01-03-2026,31-03-2026,Vertical_07,Unit_01,Commercial_Model_04
PID_493,PRJ_493,CUST_27,PRJ_Vert_03,PRJ_Exec_03,Standard Billable,Active,PM_293,Project_Manager_293,ASDM_27,Account_Service_Delivery_Manager_27,Confirmed,01-03-2026,31-03-2026,Vertical_03,Unit_01,Commercial_Model_04
PID_494,PRJ_494,CUST_154,PRJ_Vert_03,PRJ_Exec_03,Standard Billable,Active,PM_294,Project_Manager_294,ASDM_95,Account_Service_Delivery_Manager_94,Confirmed,01-03-2026,31-03-2026,Vertical_03,Unit_01,Commercial_Model_02
PID_495,PRJ_495,CUST_217,PRJ_Vert_02,PRJ_Exec_15,Standard Billable,Active,PM_295,Project_Manager_295,ASDM_77,Account_Service_Delivery_Manager_76,Yet to be confirmed,01-03-2026,31-03-2026,Vertical_02,Unit_01,Commercial_Model_04
PID_496,PRJ_496,CUST_189,PRJ_Vert_03,PRJ_Exec_10,Standard Billable,Active,PM_296,Project_Manager_296,ASDM_113,Account_Service_Delivery_Manager_112,Yet to be confirmed,01-03-2026,31-03-2026,Vertical_03,Unit_02,Commercial_Model_02
PID_498,PRJ_498,CUST_50,PRJ_Vert_02,PRJ_Exec_26,Standard Billable,Active,PM_241,Project_Manager_241,ASDM_114,Account_Service_Delivery_Manager_113,Confirmed,01-03-2026,31-03-2026,Vertical_02,Unit_02,Commercial_Model_02
PID_499,PRJ_499,CUST_71,PRJ_Vert_02,PRJ_Exec_23,Standard Billable,Active,PM_150,Project_Manager_150,ASDM_60,Account_Service_Delivery_Manager_59,Yet to be confirmed,01-03-2026,31-03-2026,Vertical_02,Unit_01,Commercial_Model_01
PID_500,PRJ_500,CUST_40,PRJ_Vert_01,PRJ_Exec_43,Standard Billable,Active,PM_242,Project_Manager_242,ASDM_96,Account_Service_Delivery_Manager_95,Confirmed,01-03-2026,31-03-2026,Vertical_01,Unit_02,Commercial_Model_03
PID_501,PRJ_501,CUST_12,PRJ_Vert_03,PRJ_Exec_10,Standard Billable,Active,PM_12,Project_Manager_12,ASDM_12,Account_Service_Delivery_Manager_12,Yet to be confirmed,01-03-2026,31-03-2026,Vertical_03,Unit_02,Commercial_Model_02
PID_502,PRJ_502,CUST_71,PRJ_Vert_02,PRJ_Exec_23,Standard Billable,Active,PM_297,Project_Manager_297,ASDM_60,Account_Service_Delivery_Manager_59,Confirmed,01-03-2026,31-03-2026,Vertical_02,Unit_01,Commercial_Model_01
PID_503,PRJ_503,CUST_218,PRJ_Vert_04,PRJ_Exec_05,Standard Billable,Active,PM_298,Project_Manager_298,ASDM_78,Account_Service_Delivery_Manager_77,Yet to be confirmed,01-03-2026,31-03-2026,Vertical_04,Unit_01,Commercial_Model_02
PID_504,PRJ_504,CUST_219,PRJ_Vert_02,PRJ_Exec_07,Standard Billable,Active,PM_37,Project_Manager_37,ASDM_35,Account_Service_Delivery_Manager_35,Confirmed,01-03-2026,31-03-2026,Vertical_02,Unit_02,Commercial_Model_03
PID_505,PRJ_505,CUST_189,PRJ_Vert_03,PRJ_Exec_03,Standard Billable,Active,PM_299,Project_Manager_299,ASDM_46,Account_Service_Delivery_Manager_46,Confirmed,01-03-2026,31-03-2026,Vertical_03,Unit_01,Commercial_Model_04
PID_506,PRJ_506,CUST_220,PRJ_Vert_02,PRJ_Exec_06,Standard Billable,Active,PM_300,Project_Manager_300,ASDM_06,Account_Service_Delivery_Manager_06,Yet to be confirmed,01-03-2026,31-03-2026,Vertical_02,Unit_01,Commercial_Model_04
PID_1591,PRJ_1591,CUST_06,PRJ_Vert_02,PRJ_Exec_06,Standard Billable,Active,PM_06,Project_Manager_06,ASDM_06,Account_Service_Delivery_Manager_06,Confirmed,01-03-2026,31-03-2026,Vertical_02,Unit_01,Commercial_Model_04
PID_508,PRJ_508,CUST_145,PRJ_Vert_02,PRJ_Exec_19,Standard Billable,Active,PM_179,Project_Manager_179,ASDM_85,Account_Service_Delivery_Manager_84,Yet to be confirmed,01-03-2026,31-03-2026,Vertical_02,Unit_01,Commercial_Model_04
PID_1593,PRJ_1593,CUST_294,PRJ_Vert_02,PRJ_Exec_19,Standard Billable,Active,PM_308,Project_Manager_308,ASDM_116,Account_Service_Delivery_Manager_115,Confirmed,01-03-2026,31-03-2026,Vertical_02,Unit_01,Commercial_Model_04
PID_509,PRJ_509,CUST_221,PRJ_Vert_04,PRJ_Exec_04,Standard Billable,Active,PM_136,Project_Manager_136,ASDM_115,Account_Service_Delivery_Manager_114,Confirmed,01-03-2026,31-03-2026,Vertical_04,Unit_01,Commercial_Model_02
PID_1337,PRJ_1337,CUST_167,PRJ_Vert_02,PRJ_Exec_02,Standard Billable,Active,PM_144,Project_Manager_144,,,Yet to be confirmed,01-03-2026,31-03-2026,Vertical_02,Unit_01,Commercial_Model_02
PID_510,PRJ_510,CUST_03,PRJ_Vert_03,PRJ_Exec_03,Standard Billable,Active,PM_206,Project_Manager_206,ASDM_03,Account_Service_Delivery_Manager_03,Confirmed,01-03-2026,31-03-2026,Vertical_03,Unit_01,Commercial_Model_01
PID_512,PRJ_512,CUST_159,PRJ_Vert_02,PRJ_Exec_19,Standard Billable,Active,PM_202,Project_Manager_202,ASDM_30,Account_Service_Delivery_Manager_30,Confirmed,01-03-2026,31-03-2026,Vertical_02,Unit_01,Commercial_Model_01
PID_513,PRJ_513,CUST_181,PRJ_Vert_05,PRJ_Exec_16,Standard Billable,Active,PM_230,Project_Manager_230,ASDM_76,Account_Service_Delivery_Manager_75,Yet to be confirmed,01-03-2026,31-03-2026,Vertical_05,Unit_01,Commercial_Model_02
PID_514,PRJ_514,CUST_13,PRJ_Vert_06,PRJ_Exec_25,Standard Billable,Active,PM_43,Project_Manager_43,ASDM_36,Account_Service_Delivery_Manager_36,Yet to be confirmed,01-03-2026,31-03-2026,Vertical_06,Unit_01,Commercial_Model_01
PID_515,PRJ_515,CUST_89,PRJ_Vert_03,PRJ_Exec_31,Standard Billable,Active,PM_303,Project_Manager_303,ASDM_70,Account_Service_Delivery_Manager_69,Confirmed,01-03-2026,31-03-2026,Vertical_03,Unit_01,Commercial_Model_02
PID_516,PRJ_516,CUST_89,PRJ_Vert_03,PRJ_Exec_03,Standard Billable,Active,PM_105,Project_Manager_105,ASDM_70,Account_Service_Delivery_Manager_69,Confirmed,01-03-2026,31-03-2026,Vertical_03,Unit_01,Commercial_Model_04
PID_517,PRJ_517,CUST_222,PRJ_Vert_03,PRJ_Exec_03,Standard Billable,Active,PM_171,Project_Manager_171,ASDM_20,Account_Service_Delivery_Manager_20,Confirmed,01-03-2026,31-03-2026,Vertical_03,Unit_01,Commercial_Model_04
PID_45,PRJ_45,CUST_38,PRJ_Vert_03,PRJ_Exec_03,Customer Non Billable,Active,PM_42,Project_Manager_42,ASDM_131,Account_Service_Delivery_Manager_130,Confirmed,01-03-2026,31-03-2026,Vertical_03,Unit_01,Commercial_Model_05
PID_278,PRJ_278,CUST_153,PRJ_Vert_04,PRJ_Exec_34,Standard Billable,Active,PM_194,Project_Manager_194,ASDM_53,Account_Service_Delivery_Manager_53,Yet to be confirmed,01-03-2026,31-03-2026,Vertical_04,Unit_01,Commercial_Model_01
PID_518,PRJ_518,CUST_32,PRJ_Vert_05,PRJ_Exec_09,Standard Billable,Active,PM_304,Project_Manager_304,ASDM_33,Account_Service_Delivery_Manager_33,Confirmed,01-03-2026,31-03-2026,Vertical_05,Unit_01,Commercial_Model_04
PID_520,PRJ_520,CUST_114,PRJ_Vert_04,PRJ_Exec_40,Standard Billable,Active,PM_305,Project_Manager_305,ASDM_80,Account_Service_Delivery_Manager_79,Yet to be confirmed,01-03-2026,31-03-2026,Vertical_04,Unit_01,Commercial_Model_04
PID_521,PRJ_521,CUST_05,PRJ_Vert_01,PRJ_Exec_05,Standard Billable,Active,PM_306,Project_Manager_306,ASDM_05,Account_Service_Delivery_Manager_05,Confirmed,01-03-2026,31-03-2026,Vertical_01,Unit_01,Commercial_Model_02
PID_522,PRJ_522,CUST_161,PRJ_Vert_05,PRJ_Exec_09,Standard Billable,Active,PM_307,Project_Manager_307,ASDM_99,Account_Service_Delivery_Manager_98,Yet to be confirmed,01-03-2026,31-03-2026,Vertical_05,Unit_01,Commercial_Model_05
PID_523,PRJ_523,CUST_43,PRJ_Vert_02,PRJ_Exec_06,Standard Billable,Active,PM_01,Project_Manager_01,ASDM_06,Account_Service_Delivery_Manager_06,Yet to be confirmed,01-03-2026,31-03-2026,Vertical_02,Unit_01,Commercial_Model_04
PID_524,PRJ_524,CUST_223,PRJ_Vert_02,PRJ_Exec_19,Standard Billable,Active,PM_308,Project_Manager_308,ASDM_116,Account_Service_Delivery_Manager_115,Yet to be confirmed,01-03-2026,31-03-2026,Vertical_02,Unit_01,Commercial_Model_02
PID_525,PRJ_525,CUST_224,PRJ_Vert_03,PRJ_Exec_10,Standard Billable,Active,PM_309,Project_Manager_309,ASDM_117,Account_Service_Delivery_Manager_116,Confirmed,01-03-2026,31-03-2026,Vertical_03,Unit_02,Commercial_Model_02
PID_526,PRJ_526,CUST_108,PRJ_Vert_02,PRJ_Exec_16,Standard Billable,Active,PM_310,Project_Manager_310,ASDM_21,Account_Service_Delivery_Manager_21,Yet to be confirmed,01-03-2026,31-03-2026,Vertical_02,Unit_01,Commercial_Model_02
PID_527,PRJ_527,CUST_108,PRJ_Vert_02,PRJ_Exec_15,Standard Billable,Active,PM_164,Project_Manager_164,ASDM_21,Account_Service_Delivery_Manager_21,Yet to be confirmed,01-03-2026,31-03-2026,Vertical_02,Unit_01,Commercial_Model_01
PID_529,PRJ_529,CUST_42,PRJ_Vert_05,PRJ_Exec_09,Standard Billable,Active,PM_79,Project_Manager_79,ASDM_42,Account_Service_Delivery_Manager_42,Yet to be confirmed,01-03-2026,31-03-2026,Vertical_05,Unit_01,Commercial_Model_04
PID_530,PRJ_530,CUST_225,PRJ_Vert_03,PRJ_Exec_03,Standard Billable,Active,PM_311,Project_Manager_311,ASDM_07,Account_Service_Delivery_Manager_07,Confirmed,01-03-2026,31-03-2026,Vertical_03,Unit_01,Commercial_Model_02
PID_05,PRJ_05,CUST_05,PRJ_Vert_01,PRJ_Exec_20,Standard Billable,Active,PM_05,Project_Manager_05,ASDM_05,Account_Service_Delivery_Manager_05,Confirmed,01-03-2026,31-03-2026,Vertical_01,Unit_01,Commercial_Model_02
PID_533,PRJ_533,CUST_227,PRJ_Vert_06,PRJ_Exec_05,Standard Billable,Active,PM_314,Project_Manager_314,ASDM_14,Account_Service_Delivery_Manager_14,Confirmed,01-03-2026,31-03-2026,Vertical_06,Unit_01,Commercial_Model_01
PID_1357,PRJ_1357,CUST_73,PRJ_Vert_02,PRJ_Exec_15,Standard Billable,Active,PM_87,Project_Manager_87,ASDM_26,Account_Service_Delivery_Manager_26,Confirmed,01-03-2026,31-03-2026,Vertical_02,Unit_01,Commercial_Model_04
PID_535,PRJ_535,CUST_74,PRJ_Vert_04,PRJ_Exec_40,Standard Billable,Active,PM_316,Project_Manager_316,ASDM_09,Account_Service_Delivery_Manager_09,Confirmed,01-03-2026,31-03-2026,Vertical_04,Unit_01,Commercial_Model_04
PID_536,PRJ_536,CUST_156,PRJ_Vert_03,PRJ_Exec_16,Standard Billable,Active,PM_198,Project_Manager_198,ASDM_07,Account_Service_Delivery_Manager_07,Confirmed,01-03-2026,31-03-2026,Vertical_03,Unit_01,Commercial_Model_04
PID_1837,PRJ_1837,CUST_181,PRJ_Vert_05,PRJ_Exec_16,Standard Billable,Active,PM_689,Project_Manager_687,ASDM_76,Account_Service_Delivery_Manager_75,Yet to be confirmed,01-03-2026,31-03-2026,Vertical_05,Unit_01,Commercial_Model_04
PID_537,PRJ_537,CUST_228,PRJ_Vert_02,PRJ_Exec_16,Standard Billable,Active,PM_317,Project_Manager_317,ASDM_119,Account_Service_Delivery_Manager_118,Yet to be confirmed,01-03-2026,31-03-2026,Vertical_02,Unit_01,Commercial_Model_01
PID_538,PRJ_538,CUST_82,PRJ_Vert_06,PRJ_Exec_29,Standard Billable,Active,PM_318,Project_Manager_318,ASDM_66,Account_Service_Delivery_Manager_65,Yet to be confirmed,01-03-2026,31-03-2026,Vertical_06,Unit_01,Commercial_Model_01
PID_539,PRJ_539,CUST_47,PRJ_Vert_01,PRJ_Exec_24,Standard Billable,Active,PM_165,Project_Manager_165,ASDM_45,Account_Service_Delivery_Manager_45,Confirmed,01-03-2026,31-03-2026,Vertical_01,Unit_01,Commercial_Model_04
PID_541,PRJ_541,CUST_31,PRJ_Vert_02,PRJ_Exec_05,Standard Billable,Active,PM_33,Project_Manager_33,ASDM_73,Account_Service_Delivery_Manager_72,Yet to be confirmed,01-03-2026,31-03-2026,Vertical_02,Unit_01,Commercial_Model_01
PID_542,PRJ_542,CUST_44,PRJ_Vert_03,PRJ_Exec_03,Standard Billable,Active,PM_319,Project_Manager_319,ASDM_43,Account_Service_Delivery_Manager_43,Confirmed,01-03-2026,31-03-2026,Vertical_03,Unit_01,Commercial_Model_04
PID_543,PRJ_543,CUST_78,PRJ_Vert_01,PRJ_Exec_22,Standard Billable,Active,PM_95,Project_Manager_95,ASDM_65,Account_Service_Delivery_Manager_64,Confirmed,01-03-2026,31-03-2026,Vertical_01,Unit_01,Commercial_Model_04
PID_817,PRJ_817,CUST_44,PRJ_Vert_03,PRJ_Exec_03,Standard Billable,Active,PM_409,Project_Manager_409,ASDM_43,Account_Service_Delivery_Manager_43,Confirmed,01-03-2026,31-03-2026,Vertical_03,Unit_01,Commercial_Model_04
PID_544,PRJ_544,CUST_229,PRJ_Vert_04,PRJ_Exec_08,Standard Billable,Active,PM_320,Project_Manager_320,ASDM_120,Account_Service_Delivery_Manager_119,Yet to be confirmed,01-03-2026,31-03-2026,Vertical_04,Unit_01,Commercial_Model_04
PID_1847,PRJ_1847,CUST_27,PRJ_Vert_03,PRJ_Exec_03,Standard Billable,Active,PM_692,Project_Manager_690,ASDM_27,Account_Service_Delivery_Manager_27,Confirmed,01-03-2026,31-03-2026,Vertical_03,Unit_01,Commercial_Model_04
PID_545,PRJ_545,CUST_168,PRJ_Vert_02,PRJ_Exec_07,Standard Billable,Active,PM_288,Project_Manager_288,ASDM_08,Account_Service_Delivery_Manager_08,Confirmed,01-03-2026,31-03-2026,Vertical_02,Unit_02,Commercial_Model_02
PID_546,PRJ_546,CUST_47,PRJ_Vert_01,PRJ_Exec_31,Standard Billable,Active,PM_165,Project_Manager_165,ASDM_45,Account_Service_Delivery_Manager_45,Confirmed,01-03-2026,31-03-2026,Vertical_01,Unit_01,Commercial_Model_02
PID_547,PRJ_547,CUST_230,PRJ_Vert_06,PRJ_Exec_05,Standard Billable,Active,PM_142,Project_Manager_142,ASDM_14,Account_Service_Delivery_Manager_14,Confirmed,01-03-2026,31-03-2026,Vertical_06,Unit_01,Commercial_Model_02
PID_548,PRJ_548,CUST_19,PRJ_Vert_04,PRJ_Exec_04,Standard Billable,Active,PM_19,Project_Manager_19,ASDM_19,Account_Service_Delivery_Manager_19,Yet to be confirmed,01-03-2026,31-03-2026,Vertical_04,Unit_01,Commercial_Model_04
PID_550,PRJ_550,CUST_231,PRJ_Vert_01,PRJ_Exec_01,Standard Billable,Active,PM_322,Project_Manager_322,ASDM_52,Account_Service_Delivery_Manager_52,Confirmed,01-03-2026,31-03-2026,Vertical_01,Unit_01,Commercial_Model_04
PID_551,PRJ_551,CUST_47,PRJ_Vert_01,PRJ_Exec_16,Standard Billable,Active,PM_165,Project_Manager_165,ASDM_45,Account_Service_Delivery_Manager_45,Confirmed,01-03-2026,31-03-2026,Vertical_01,Unit_01,Commercial_Model_02
PID_552,PRJ_552,CUST_74,PRJ_Vert_04,PRJ_Exec_34,Standard Billable,Active,PM_323,Project_Manager_323,ASDM_09,Account_Service_Delivery_Manager_09,Confirmed,01-03-2026,31-03-2026,Vertical_04,Unit_01,Commercial_Model_04
PID_553,PRJ_553,CUST_52,PRJ_Vert_02,PRJ_Exec_15,Standard Billable,Active,PM_324,Project_Manager_324,ASDM_121,Account_Service_Delivery_Manager_120,Yet to be confirmed,01-03-2026,31-03-2026,Vertical_02,Unit_01,Commercial_Model_02
PID_555,PRJ_555,CUST_92,PRJ_Vert_03,PRJ_Exec_03,Standard Billable,Active,PM_109,Project_Manager_109,ASDM_46,Account_Service_Delivery_Manager_46,Confirmed,01-03-2026,31-03-2026,Vertical_03,Unit_01,Commercial_Model_04
PID_556,PRJ_556,CUST_172,PRJ_Vert_01,PRJ_Exec_45,Standard Billable,Active,PM_220,Project_Manager_220,ASDM_28,Account_Service_Delivery_Manager_28,Confirmed,01-03-2026,31-03-2026,Vertical_01,Unit_01,Commercial_Model_04
PID_557,PRJ_557,CUST_211,PRJ_Vert_05,PRJ_Exec_16,Standard Billable,Active,PM_326,Project_Manager_326,ASDM_11,Account_Service_Delivery_Manager_11,Confirmed,01-03-2026,31-03-2026,Vertical_05,Unit_01,Commercial_Model_02
PID_559,PRJ_559,CUST_232,PRJ_Vert_04,PRJ_Exec_16,Standard Billable,Active,PM_240,Project_Manager_240,ASDM_105,Account_Service_Delivery_Manager_104,Confirmed,01-03-2026,31-03-2026,Vertical_04,Unit_01,Commercial_Model_04
PID_560,PRJ_560,CUST_233,PRJ_Vert_06,PRJ_Exec_12,Standard Billable,Active,PM_327,Project_Manager_327,ASDM_14,Account_Service_Delivery_Manager_14,Confirmed,01-03-2026,31-03-2026,Vertical_06,Unit_01,Commercial_Model_02
PID_561,PRJ_561,CUST_13,PRJ_Vert_06,PRJ_Exec_28,Standard Billable,Active,PM_328,Project_Manager_328,ASDM_48,Account_Service_Delivery_Manager_48,Confirmed,01-03-2026,31-03-2026,Vertical_06,Unit_01,Commercial_Model_04
PID_562,PRJ_562,CUST_113,PRJ_Vert_01,PRJ_Exec_01,Standard Billable,Active,PM_138,Project_Manager_138,ASDM_79,Account_Service_Delivery_Manager_78,Confirmed,01-03-2026,31-03-2026,Vertical_01,Unit_01,Commercial_Model_04
PID_563,PRJ_563,CUST_226,PRJ_Vert_03,PRJ_Exec_10,Standard Billable,Active,PM_312,Project_Manager_312,ASDM_70,Account_Service_Delivery_Manager_69,Confirmed,01-03-2026,31-03-2026,Vertical_03,Unit_02,Commercial_Model_04
PID_564,PRJ_564,CUST_234,PRJ_Vert_05,PRJ_Exec_37,Standard Billable,Active,PM_329,Project_Manager_329,ASDM_75,Account_Service_Delivery_Manager_74,Confirmed,01-03-2026,31-03-2026,Vertical_05,Unit_01,Commercial_Model_01
PID_565,PRJ_565,CUST_13,PRJ_Vert_06,PRJ_Exec_25,Standard Billable,Active,PM_330,Project_Manager_330,ASDM_36,Account_Service_Delivery_Manager_36,Confirmed,01-03-2026,31-03-2026,Vertical_06,Unit_01,Commercial_Model_04
PID_566,PRJ_566,CUST_208,PRJ_Vert_07,PRJ_Exec_39,Standard Billable,Active,PM_143,Project_Manager_143,ASDM_72,Account_Service_Delivery_Manager_71,Confirmed,01-03-2026,31-03-2026,Vertical_06,Unit_01,Commercial_Model_04
PID_567,PRJ_567,CUST_114,PRJ_Vert_04,PRJ_Exec_16,Standard Billable,Active,PM_104,Project_Manager_104,ASDM_80,Account_Service_Delivery_Manager_79,Confirmed,01-03-2026,31-03-2026,Vertical_04,Unit_01,Commercial_Model_01
PID_568,PRJ_568,CUST_12,PRJ_Vert_03,PRJ_Exec_10,Standard Billable,Active,PM_12,Project_Manager_12,ASDM_12,Account_Service_Delivery_Manager_12,Yet to be confirmed,01-03-2026,31-03-2026,Vertical_03,Unit_02,Commercial_Model_02
PID_569,PRJ_569,CUST_235,PRJ_Vert_01,PRJ_Exec_45,Standard Billable,Active,PM_331,Project_Manager_331,ASDM_39,Account_Service_Delivery_Manager_39,Yet to be confirmed,01-03-2026,31-03-2026,Vertical_01,Unit_01,Commercial_Model_04
PID_570,PRJ_570,CUST_236,PRJ_Vert_01,PRJ_Exec_24,Standard Billable,Active,PM_141,Project_Manager_141,ASDM_62,Account_Service_Delivery_Manager_61,Confirmed,01-03-2026,31-03-2026,Vertical_01,Unit_01,Commercial_Model_04
PID_845,PRJ_845,CUST_295,PRJ_Vert_03,PRJ_Exec_03,Customer Non Billable,Active,PM_03,Project_Manager_03,ASDM_131,Account_Service_Delivery_Manager_130,Confirmed,01-03-2026,31-03-2026,Vertical_03,Unit_01,Commercial_Model_05
PID_571,PRJ_571,CUST_58,PRJ_Vert_01,PRJ_Exec_05,Standard Billable,Active,PM_65,Project_Manager_65,ASDM_53,Account_Service_Delivery_Manager_53,Yet to be confirmed,01-03-2026,31-03-2026,Vertical_01,Unit_01,Commercial_Model_01
PID_572,PRJ_572,CUST_17,PRJ_Vert_04,PRJ_Exec_40,Standard Billable,Active,PM_332,Project_Manager_332,ASDM_09,Account_Service_Delivery_Manager_09,Confirmed,01-03-2026,31-03-2026,Vertical_04,Unit_01,Commercial_Model_04
PID_573,PRJ_573,CUST_146,PRJ_Vert_03,PRJ_Exec_03,Standard Billable,Active,PM_62,Project_Manager_62,ASDM_07,Account_Service_Delivery_Manager_07,Confirmed,01-03-2026,31-03-2026,Vertical_03,Unit_01,Commercial_Model_04
PID_574,PRJ_574,CUST_12,PRJ_Vert_03,PRJ_Exec_10,Standard Billable,Active,PM_12,Project_Manager_12,ASDM_12,Account_Service_Delivery_Manager_12,Yet to be confirmed,01-03-2026,31-03-2026,Vertical_03,Unit_02,Commercial_Model_02
PID_577,PRJ_577,CUST_125,PRJ_Vert_04,PRJ_Exec_16,Standard Billable,Active,PM_136,Project_Manager_136,ASDM_78,Account_Service_Delivery_Manager_77,Confirmed,01-03-2026,31-03-2026,Vertical_04,Unit_01,Commercial_Model_02
PID_578,PRJ_578,CUST_104,PRJ_Vert_05,PRJ_Exec_09,Standard Billable,Active,PM_127,Project_Manager_127,ASDM_76,Account_Service_Delivery_Manager_75,Yet to be confirmed,01-03-2026,31-03-2026,Vertical_05,Unit_01,Commercial_Model_04
PID_579,PRJ_579,CUST_237,PRJ_Vert_02,PRJ_Exec_06,Standard Billable,Active,PM_300,Project_Manager_300,ASDM_06,Account_Service_Delivery_Manager_06,Confirmed,01-03-2026,31-03-2026,Vertical_02,Unit_01,Commercial_Model_02
PID_580,PRJ_580,CUST_40,PRJ_Vert_01,PRJ_Exec_05,Standard Billable,Active,PM_130,Project_Manager_130,ASDM_41,Account_Service_Delivery_Manager_41,Confirmed,01-03-2026,31-03-2026,Vertical_01,Unit_01,Commercial_Model_02
PID_581,PRJ_581,CUST_120,PRJ_Vert_02,PRJ_Exec_23,Standard Billable,Active,PM_83,Project_Manager_83,ASDM_60,Account_Service_Delivery_Manager_59,Yet to be confirmed,01-03-2026,31-03-2026,Vertical_02,Unit_01,Commercial_Model_01
PID_582,PRJ_582,CUST_238,PRJ_Vert_02,PRJ_Exec_06,Standard Billable,Active,PM_264,Project_Manager_264,ASDM_103,Account_Service_Delivery_Manager_102,Confirmed,01-03-2026,31-03-2026,Vertical_02,Unit_01,Commercial_Model_02
PID_583,PRJ_583,CUST_13,PRJ_Vert_06,PRJ_Exec_18,Standard Billable,Active,PM_74,Project_Manager_74,ASDM_29,Account_Service_Delivery_Manager_29,Confirmed,01-03-2026,31-03-2026,Vertical_06,Unit_01,Commercial_Model_04
PID_585,PRJ_585,CUST_12,PRJ_Vert_03,PRJ_Exec_03,Standard Billable,Active,PM_333,Project_Manager_333,ASDM_20,Account_Service_Delivery_Manager_20,Confirmed,01-03-2026,31-03-2026,Vertical_03,Unit_01,Commercial_Model_01
PID_586,PRJ_586,CUST_106,PRJ_Vert_06,PRJ_Exec_12,Standard Billable,Active,PM_129,Project_Manager_129,ASDM_14,Account_Service_Delivery_Manager_14,Confirmed,01-03-2026,31-03-2026,Vertical_06,Unit_01,Commercial_Model_02
PID_587,PRJ_587,CUST_13,PRJ_Vert_06,PRJ_Exec_11,Standard Billable,Active,PM_334,Project_Manager_334,ASDM_13,Account_Service_Delivery_Manager_13,Confirmed,01-03-2026,31-03-2026,Vertical_06,Unit_01,Commercial_Model_04
PID_588,PRJ_588,CUST_81,PRJ_Vert_05,PRJ_Exec_09,Standard Billable,Active,PM_335,Project_Manager_335,ASDM_33,Account_Service_Delivery_Manager_33,Confirmed,01-03-2026,31-03-2026,Vertical_05,Unit_01,Commercial_Model_04
PID_589,PRJ_589,CUST_239,PRJ_Vert_06,PRJ_Exec_32,Standard Billable,Active,PM_336,Project_Manager_336,ASDM_56,Account_Service_Delivery_Manager_56,Confirmed,01-03-2026,31-03-2026,Vertical_06,Unit_01,Commercial_Model_01
PID_590,PRJ_590,CUST_174,PRJ_Vert_03,PRJ_Exec_03,Standard Billable,Active,PM_223,Project_Manager_223,ASDM_70,Account_Service_Delivery_Manager_69,Confirmed,01-03-2026,31-03-2026,Vertical_03,Unit_01,Commercial_Model_04
PID_591,PRJ_591,CUST_62,PRJ_Vert_06,PRJ_Exec_32,Standard Billable,Active,PM_139,Project_Manager_139,ASDM_56,Account_Service_Delivery_Manager_56,Confirmed,01-03-2026,31-03-2026,Vertical_06,Unit_01,Commercial_Model_02
PID_593,PRJ_593,CUST_13,PRJ_Vert_06,PRJ_Exec_18,Standard Billable,Active,PM_338,Project_Manager_338,ASDM_29,Account_Service_Delivery_Manager_29,Confirmed,01-03-2026,31-03-2026,Vertical_06,Unit_01,Commercial_Model_01
PID_594,PRJ_594,CUST_196,PRJ_Vert_01,PRJ_Exec_24,Standard Billable,Active,PM_254,Project_Manager_254,ASDM_81,Account_Service_Delivery_Manager_80,Confirmed,01-03-2026,31-03-2026,Vertical_01,Unit_01,Commercial_Model_02
PID_1144,PRJ_1144,CUST_27,PRJ_Vert_03,PRJ_Exec_03,Standard Billable,Active,PM_503,Project_Manager_503,ASDM_27,Account_Service_Delivery_Manager_27,Confirmed,01-03-2026,31-03-2026,Vertical_03,Unit_01,Commercial_Model_04
PID_595,PRJ_595,CUST_27,PRJ_Vert_03,PRJ_Exec_03,Standard Billable,Active,PM_339,Project_Manager_339,ASDM_27,Account_Service_Delivery_Manager_27,Confirmed,01-03-2026,31-03-2026,Vertical_03,Unit_01,Commercial_Model_04
PID_596,PRJ_596,CUST_12,PRJ_Vert_03,PRJ_Exec_10,Standard Billable,Active,PM_12,Project_Manager_12,ASDM_12,Account_Service_Delivery_Manager_12,Yet to be confirmed,01-03-2026,31-03-2026,Vertical_03,Unit_02,Commercial_Model_02
PID_598,PRJ_598,CUST_240,PRJ_Vert_02,PRJ_Exec_06,Standard Billable,Active,PM_340,Project_Manager_340,ASDM_122,Account_Service_Delivery_Manager_121,Yet to be confirmed,01-03-2026,31-03-2026,Vertical_02,Unit_01,Commercial_Model_01
PID_599,PRJ_599,CUST_67,PRJ_Vert_02,PRJ_Exec_23,Standard Billable,Active,PM_78,Project_Manager_78,ASDM_59,Account_Service_Delivery_Manager_58,Confirmed,01-03-2026,31-03-2026,Vertical_02,Unit_01,Commercial_Model_02
PID_600,PRJ_600,CUST_113,PRJ_Vert_01,PRJ_Exec_01,Standard Billable,Active,PM_138,Project_Manager_138,ASDM_79,Account_Service_Delivery_Manager_78,Confirmed,01-03-2026,31-03-2026,Vertical_01,Unit_01,Commercial_Model_04
PID_601,PRJ_601,CUST_27,PRJ_Vert_03,PRJ_Exec_03,Standard Billable,Active,PM_341,Project_Manager_341,ASDM_27,Account_Service_Delivery_Manager_27,Confirmed,01-03-2026,31-03-2026,Vertical_03,Unit_01,Commercial_Model_05
PID_602,PRJ_602,CUST_241,PRJ_Vert_03,PRJ_Exec_03,Standard Billable,Active,PM_342,Project_Manager_342,ASDM_07,Account_Service_Delivery_Manager_07,Confirmed,01-03-2026,31-03-2026,Vertical_03,Unit_01,Commercial_Model_04
PID_603,PRJ_603,CUST_242,PRJ_Vert_03,PRJ_Exec_03,Standard Billable,Active,PM_343,Project_Manager_343,ASDM_46,Account_Service_Delivery_Manager_46,Confirmed,01-03-2026,31-03-2026,Vertical_03,Unit_01,Commercial_Model_01
PID_605,PRJ_605,CUST_41,PRJ_Vert_02,PRJ_Exec_02,Standard Billable,Active,PM_345,Project_Manager_345,ASDM_02,Account_Service_Delivery_Manager_02,Confirmed,01-03-2026,31-03-2026,Vertical_02,Unit_01,Commercial_Model_02
PID_606,PRJ_606,CUST_244,PRJ_Vert_05,PRJ_Exec_16,Standard Billable,Active,PM_346,Project_Manager_346,ASDM_75,Account_Service_Delivery_Manager_74,Confirmed,01-03-2026,31-03-2026,Vertical_05,Unit_01,Commercial_Model_01
PID_607,PRJ_607,CUST_154,PRJ_Vert_03,PRJ_Exec_03,Standard Billable,Active,PM_195,Project_Manager_195,ASDM_95,Account_Service_Delivery_Manager_94,Confirmed,01-03-2026,31-03-2026,Vertical_03,Unit_01,Commercial_Model_01
PID_608,PRJ_608,CUST_05,PRJ_Vert_01,PRJ_Exec_20,Standard Billable,Active,PM_162,Project_Manager_162,ASDM_05,Account_Service_Delivery_Manager_05,Confirmed,01-03-2026,31-03-2026,Vertical_01,Unit_01,Commercial_Model_04
PID_609,PRJ_609,CUST_38,PRJ_Vert_03,PRJ_Exec_03,Standard Billable,Active,PM_42,Project_Manager_42,ASDM_40,Account_Service_Delivery_Manager_40,Confirmed,01-03-2026,31-03-2026,Vertical_03,Unit_01,Commercial_Model_01
PID_1165,PRJ_1165,CUST_304,PRJ_Vert_01,PRJ_Exec_01,Standard Billable,Active,PM_510,Project_Manager_510,ASDM_52,Account_Service_Delivery_Manager_52,Confirmed,01-03-2026,31-03-2026,Vertical_01,Unit_01,Commercial_Model_04
PID_1679,PRJ_1679,CUST_69,PRJ_Vert_05,PRJ_Exec_26,Standard Billable,Active,PM_71,Project_Manager_71,ASDM_58,Account_Service_Delivery_Manager_50,Confirmed,01-03-2026,31-03-2026,Vertical_05,Unit_02,Commercial_Model_02
PID_1433,PRJ_1433,CUST_91,PRJ_Vert_02,PRJ_Exec_19,Standard Billable,Active,PM_71,Project_Manager_71,ASDM_58,Account_Service_Delivery_Manager_50,Confirmed,01-03-2026,31-03-2026,Vertical_02,Unit_01,Commercial_Model_01
PID_1681,PRJ_1681,CUST_97,PRJ_Vert_03,PRJ_Exec_03,Standard Billable,Active,PM_116,Project_Manager_116,ASDM_43,Account_Service_Delivery_Manager_43,Confirmed,01-03-2026,31-03-2026,Vertical_03,Unit_01,Commercial_Model_01
PID_611,PRJ_611,CUST_132,PRJ_Vert_01,PRJ_Exec_24,Standard Billable,Active,PM_347,Project_Manager_347,ASDM_87,Account_Service_Delivery_Manager_86,Yet to be confirmed,01-03-2026,31-03-2026,Vertical_01,Unit_01,Commercial_Model_01
PID_612,PRJ_612,CUST_52,PRJ_Vert_02,PRJ_Exec_05,Standard Billable,Active,PM_287,Project_Manager_287,ASDM_121,Account_Service_Delivery_Manager_120,Yet to be confirmed,01-03-2026,31-03-2026,Vertical_02,Unit_01,Commercial_Model_02
PID_613,PRJ_613,CUST_245,PRJ_Vert_02,PRJ_Exec_06,Standard Billable,Active,PM_186,Project_Manager_186,ASDM_06,Account_Service_Delivery_Manager_06,Confirmed,01-03-2026,31-03-2026,Vertical_02,Unit_01,Commercial_Model_01
PID_614,PRJ_614,CUST_246,PRJ_Vert_07,PRJ_Exec_26,Standard Billable,Active,PM_348,Project_Manager_348,ASDM_100,Account_Service_Delivery_Manager_99,Confirmed,01-03-2026,31-03-2026,Vertical_07,Unit_02,Commercial_Model_01
PID_615,PRJ_615,CUST_47,PRJ_Vert_01,PRJ_Exec_24,Standard Billable,Active,PM_159,Project_Manager_159,ASDM_45,Account_Service_Delivery_Manager_45,Yet to be confirmed,01-03-2026,31-03-2026,Vertical_01,Unit_01,Commercial_Model_04
PID_616,PRJ_616,CUST_89,PRJ_Vert_03,PRJ_Exec_03,Standard Billable,Active,PM_349,Project_Manager_349,ASDM_70,Account_Service_Delivery_Manager_69,Confirmed,01-03-2026,31-03-2026,Vertical_03,Unit_01,Commercial_Model_04
PID_617,PRJ_617,CUST_46,PRJ_Vert_02,PRJ_Exec_02,Standard Billable,Active,PM_07,Project_Manager_07,ASDM_44,Account_Service_Delivery_Manager_44,Confirmed,01-03-2026,31-03-2026,Vertical_02,Unit_01,Commercial_Model_04
PID_537,PRJ_537,CUST_228,PRJ_Vert_02,PRJ_Exec_06,Standard Billable,Active,PM_317,Project_Manager_317,ASDM_119,Account_Service_Delivery_Manager_118,Yet to be confirmed,01-03-2026,31-03-2026,Vertical_02,Unit_01,Commercial_Model_01
PID_619,PRJ_619,CUST_143,PRJ_Vert_04,PRJ_Exec_13,Standard Billable,Active,PM_176,Project_Manager_176,ASDM_23,Account_Service_Delivery_Manager_23,Yet to be confirmed,01-03-2026,31-03-2026,Vertical_04,Unit_02,Commercial_Model_03
PID_620,PRJ_620,CUST_247,PRJ_Vert_01,PRJ_Exec_16,Standard Billable,Active,PM_350,Project_Manager_350,ASDM_52,Account_Service_Delivery_Manager_52,Confirmed,01-03-2026,31-03-2026,Vertical_01,Unit_01,Commercial_Model_02
PID_621,PRJ_621,CUST_213,PRJ_Vert_02,PRJ_Exec_19,Standard Billable,Active,PM_202,Project_Manager_202,ASDM_30,Account_Service_Delivery_Manager_30,Confirmed,01-03-2026,31-03-2026,Vertical_02,Unit_01,Commercial_Model_02
PID_622,PRJ_622,CUST_248,PRJ_Vert_03,PRJ_Exec_03,Standard Billable,Active,PM_223,Project_Manager_223,ASDM_70,Account_Service_Delivery_Manager_69,Confirmed,01-03-2026,31-03-2026,Vertical_03,Unit_01,Commercial_Model_04
PID_1182,PRJ_1182,CUST_74,PRJ_Vert_04,PRJ_Exec_34,Standard Billable,Active,PM_518,Project_Manager_518,ASDM_09,Account_Service_Delivery_Manager_09,Confirmed,01-03-2026,31-03-2026,Vertical_04,Unit_01,Commercial_Model_04
PID_623,PRJ_623,CUST_249,PRJ_Vert_06,PRJ_Exec_05,Standard Billable,Active,PM_351,Project_Manager_351,ASDM_49,Account_Service_Delivery_Manager_49,Confirmed,01-03-2026,31-03-2026,Vertical_06,Unit_01,Commercial_Model_02
PID_624,PRJ_624,CUST_101,PRJ_Vert_02,PRJ_Exec_23,Standard Billable,Active,PM_121,Project_Manager_121,ASDM_60,Account_Service_Delivery_Manager_59,Yet to be confirmed,01-03-2026,31-03-2026,Vertical_02,Unit_01,Commercial_Model_04
PID_625,PRJ_625,CUST_04,PRJ_Vert_04,PRJ_Exec_04,Standard Billable,Active,PM_04,Project_Manager_04,ASDM_04,Account_Service_Delivery_Manager_04,Confirmed,01-03-2026,31-03-2026,Vertical_04,Unit_01,Commercial_Model_02
PID_626,PRJ_626,CUST_02,PRJ_Vert_02,PRJ_Exec_02,Standard Billable,Active,PM_02,Project_Manager_02,ASDM_02,Account_Service_Delivery_Manager_02,Confirmed,01-03-2026,31-03-2026,Vertical_02,Unit_01,Commercial_Model_05
PID_584,PRJ_584,CUST_04,PRJ_Vert_04,PRJ_Exec_04,Standard Billable,Active,PM_04,Project_Manager_04,ASDM_04,Account_Service_Delivery_Manager_04,Confirmed,01-03-2026,31-03-2026,Vertical_04,Unit_01,Commercial_Model_04
PID_627,PRJ_627,CUST_250,PRJ_Vert_02,PRJ_Exec_06,Standard Billable,Active,PM_352,Project_Manager_352,ASDM_06,Account_Service_Delivery_Manager_06,Confirmed,01-03-2026,31-03-2026,Vertical_02,Unit_01,Commercial_Model_02
PID_628,PRJ_628,CUST_251,PRJ_Vert_02,PRJ_Exec_15,Standard Billable,Active,PM_353,Project_Manager_353,ASDM_22,Account_Service_Delivery_Manager_22,Yet to be confirmed,01-03-2026,31-03-2026,Vertical_02,Unit_01,Commercial_Model_04
PID_629,PRJ_629,CUST_252,PRJ_Vert_04,PRJ_Exec_13,Standard Billable,Active,PM_23,Project_Manager_23,ASDM_23,Account_Service_Delivery_Manager_23,Yet to be confirmed,01-03-2026,31-03-2026,Vertical_04,Unit_02,Commercial_Model_03
PID_631,PRJ_631,CUST_67,PRJ_Vert_02,PRJ_Exec_23,Standard Billable,Active,PM_78,Project_Manager_78,ASDM_59,Account_Service_Delivery_Manager_58,Confirmed,01-03-2026,31-03-2026,Vertical_02,Unit_01,Commercial_Model_02
PID_632,PRJ_632,CUST_103,PRJ_Vert_02,PRJ_Exec_02,Standard Billable,Active,PM_126,Project_Manager_126,ASDM_02,Account_Service_Delivery_Manager_02,Yet to be confirmed,01-03-2026,31-03-2026,Vertical_02,Unit_01,Commercial_Model_04
PID_633,PRJ_633,CUST_73,PRJ_Vert_02,PRJ_Exec_15,Standard Billable,Active,PM_87,Project_Manager_87,ASDM_26,Account_Service_Delivery_Manager_26,Confirmed,01-03-2026,31-03-2026,Vertical_02,Unit_01,Commercial_Model_04
PID_634,PRJ_634,CUST_11,PRJ_Vert_05,PRJ_Exec_16,Standard Billable,Active,PM_11,Project_Manager_11,ASDM_11,Account_Service_Delivery_Manager_11,Confirmed,01-03-2026,31-03-2026,Vertical_05,Unit_01,Commercial_Model_04
PID_635,PRJ_635,CUST_42,PRJ_Vert_05,PRJ_Exec_30,Standard Billable,Active,PM_354,Project_Manager_354,ASDM_98,Account_Service_Delivery_Manager_97,Confirmed,01-03-2026,31-03-2026,Vertical_05,Unit_02,Commercial_Model_04
PID_636,PRJ_636,CUST_111,PRJ_Vert_04,PRJ_Exec_08,Standard Billable,Active,PM_136,Project_Manager_136,ASDM_78,Account_Service_Delivery_Manager_77,Confirmed,01-03-2026,31-03-2026,Vertical_04,Unit_01,Commercial_Model_02
PID_638,PRJ_638,CUST_27,PRJ_Vert_03,PRJ_Exec_03,Standard Billable,Active,PM_356,Project_Manager_356,ASDM_27,Account_Service_Delivery_Manager_27,Confirmed,01-03-2026,31-03-2026,Vertical_03,Unit_01,Commercial_Model_04
PID_639,PRJ_639,CUST_120,PRJ_Vert_02,PRJ_Exec_23,Standard Billable,Active,PM_357,Project_Manager_357,ASDM_60,Account_Service_Delivery_Manager_59,Yet to be confirmed,01-03-2026,31-03-2026,Vertical_02,Unit_01,Commercial_Model_01
PID_640,PRJ_640,CUST_253,PRJ_Vert_03,PRJ_Exec_44,Standard Billable,Active,PM_358,Project_Manager_358,ASDM_123,Account_Service_Delivery_Manager_122,Confirmed,01-03-2026,31-03-2026,Vertical_03,Unit_02,Commercial_Model_03
PID_641,PRJ_641,CUST_147,PRJ_Vert_03,PRJ_Exec_03,Standard Billable,Active,PM_199,Project_Manager_199,ASDM_88,Account_Service_Delivery_Manager_87,Confirmed,01-03-2026,31-03-2026,Vertical_03,Unit_01,Commercial_Model_04
PID_642,PRJ_642,CUST_27,PRJ_Vert_03,PRJ_Exec_03,Standard Billable,Active,PM_181,Project_Manager_181,ASDM_27,Account_Service_Delivery_Manager_27,Yet to be confirmed,01-03-2026,31-03-2026,Vertical_03,Unit_01,Commercial_Model_05
PID_643,PRJ_643,CUST_31,PRJ_Vert_02,PRJ_Exec_05,Standard Billable,Active,PM_33,Project_Manager_33,ASDM_73,Account_Service_Delivery_Manager_72,Yet to be confirmed,01-03-2026,31-03-2026,Vertical_02,Unit_01,Commercial_Model_04
PID_644,PRJ_644,CUST_113,PRJ_Vert_01,PRJ_Exec_01,Standard Billable,Active,PM_138,Project_Manager_138,ASDM_79,Account_Service_Delivery_Manager_78,Confirmed,01-03-2026,31-03-2026,Vertical_01,Unit_01,Commercial_Model_04
PID_645,PRJ_645,CUST_254,PRJ_Vert_01,PRJ_Exec_05,Standard Billable,Active,PM_95,Project_Manager_95,ASDM_65,Account_Service_Delivery_Manager_64,Confirmed,01-03-2026,31-03-2026,Vertical_01,Unit_01,Commercial_Model_04
PID_646,PRJ_646,CUST_103,PRJ_Vert_02,PRJ_Exec_02,Standard Billable,Active,PM_359,Project_Manager_359,ASDM_02,Account_Service_Delivery_Manager_02,Yet to be confirmed,01-03-2026,31-03-2026,Vertical_02,Unit_01,Commercial_Model_05
PID_647,PRJ_647,CUST_255,PRJ_Vert_02,PRJ_Exec_16,Standard Billable,Active,PM_265,Project_Manager_265,ASDM_103,Account_Service_Delivery_Manager_102,Confirmed,01-03-2026,31-03-2026,Vertical_02,Unit_01,Commercial_Model_04
PID_648,PRJ_648,CUST_113,PRJ_Vert_01,PRJ_Exec_01,Standard Billable,Active,PM_138,Project_Manager_138,ASDM_79,Account_Service_Delivery_Manager_78,Confirmed,01-03-2026,31-03-2026,Vertical_01,Unit_01,Commercial_Model_04
PID_649,PRJ_649,CUST_256,PRJ_Vert_03,PRJ_Exec_03,Standard Billable,Active,PM_93,Project_Manager_93,ASDM_46,Account_Service_Delivery_Manager_46,Confirmed,01-03-2026,31-03-2026,Vertical_03,Unit_01,Commercial_Model_04
PID_650,PRJ_650,CUST_67,PRJ_Vert_02,PRJ_Exec_23,Standard Billable,Active,PM_253,Project_Manager_253,ASDM_59,Account_Service_Delivery_Manager_58,Confirmed,01-03-2026,31-03-2026,Vertical_02,Unit_01,Commercial_Model_01
PID_651,PRJ_651,CUST_138,PRJ_Vert_01,PRJ_Exec_33,Standard Billable,Active,PM_141,Project_Manager_141,ASDM_62,Account_Service_Delivery_Manager_61,Confirmed,01-03-2026,31-03-2026,Vertical_01,Unit_01,Commercial_Model_02
PID_652,PRJ_652,CUST_71,PRJ_Vert_02,PRJ_Exec_23,Standard Billable,Active,PM_297,Project_Manager_297,ASDM_60,Account_Service_Delivery_Manager_59,Confirmed,01-03-2026,31-03-2026,Vertical_02,Unit_01,Commercial_Model_01
PID_654,PRJ_654,CUST_42,PRJ_Vert_05,PRJ_Exec_09,Standard Billable,Active,PM_79,Project_Manager_79,ASDM_42,Account_Service_Delivery_Manager_42,Yet to be confirmed,01-03-2026,31-03-2026,Vertical_05,Unit_01,Commercial_Model_04
PID_655,PRJ_655,CUST_33,PRJ_Vert_02,PRJ_Exec_23,Standard Billable,Active,PM_360,Project_Manager_360,ASDM_34,Account_Service_Delivery_Manager_34,Yet to be confirmed,01-03-2026,31-03-2026,Vertical_02,Unit_01,Commercial_Model_01
PID_656,PRJ_656,CUST_257,PRJ_Vert_07,PRJ_Exec_39,Standard Billable,Active,PM_68,Project_Manager_68,ASDM_16,Account_Service_Delivery_Manager_16,Confirmed,01-03-2026,31-03-2026,Vertical_07,Unit_01,Commercial_Model_04
PID_657,PRJ_657,CUST_54,PRJ_Vert_02,PRJ_Exec_19,Standard Billable,Active,PM_71,Project_Manager_71,ASDM_58,Account_Service_Delivery_Manager_50,Confirmed,01-03-2026,31-03-2026,Vertical_02,Unit_01,Commercial_Model_04
PID_658,PRJ_658,CUST_12,PRJ_Vert_03,PRJ_Exec_10,Standard Billable,Active,PM_12,Project_Manager_12,ASDM_12,Account_Service_Delivery_Manager_12,Yet to be confirmed,01-03-2026,31-03-2026,Vertical_03,Unit_02,Commercial_Model_02
PID_401,PRJ_401,CUST_199,PRJ_Vert_04,PRJ_Exec_08,Standard Billable,Active,PM_258,Project_Manager_258,ASDM_105,Account_Service_Delivery_Manager_104,Confirmed,01-03-2026,31-03-2026,Vertical_04,Unit_01,Commercial_Model_04
PID_659,PRJ_659,CUST_12,PRJ_Vert_03,PRJ_Exec_10,Standard Billable,Active,PM_12,Project_Manager_12,ASDM_12,Account_Service_Delivery_Manager_12,Yet to be confirmed,01-03-2026,31-03-2026,Vertical_03,Unit_02,Commercial_Model_02
PID_660,PRJ_660,CUST_68,PRJ_Vert_05,PRJ_Exec_16,Standard Billable,Active,PM_85,Project_Manager_85,ASDM_11,Account_Service_Delivery_Manager_11,Confirmed,01-03-2026,31-03-2026,Vertical_05,Unit_01,Commercial_Model_02
PID_661,PRJ_661,CUST_113,PRJ_Vert_01,PRJ_Exec_01,Standard Billable,Active,PM_138,Project_Manager_138,ASDM_79,Account_Service_Delivery_Manager_78,Confirmed,01-03-2026,31-03-2026,Vertical_01,Unit_01,Commercial_Model_04
PID_662,PRJ_662,CUST_89,PRJ_Vert_03,PRJ_Exec_03,Standard Billable,Active,PM_361,Project_Manager_361,ASDM_70,Account_Service_Delivery_Manager_69,Confirmed,01-03-2026,31-03-2026,Vertical_03,Unit_01,Commercial_Model_01
PID_663,PRJ_663,CUST_43,PRJ_Vert_02,PRJ_Exec_06,Standard Billable,Active,PM_48,Project_Manager_48,ASDM_06,Account_Service_Delivery_Manager_06,Yet to be confirmed,01-03-2026,31-03-2026,Vertical_02,Unit_01,Commercial_Model_05
PID_664,PRJ_664,CUST_111,PRJ_Vert_04,PRJ_Exec_38,Standard Billable,Active,PM_136,Project_Manager_136,ASDM_78,Account_Service_Delivery_Manager_77,Confirmed,01-03-2026,31-03-2026,Vertical_04,Unit_01,Commercial_Model_02
PID_665,PRJ_665,CUST_132,PRJ_Vert_01,PRJ_Exec_24,Standard Billable,Active,PM_158,Project_Manager_158,ASDM_87,Account_Service_Delivery_Manager_86,Confirmed,01-03-2026,31-03-2026,Vertical_01,Unit_01,Commercial_Model_04
PID_666,PRJ_666,CUST_258,PRJ_Vert_01,PRJ_Exec_17,Standard Billable,Active,PM_151,Project_Manager_151,ASDM_31,Account_Service_Delivery_Manager_31,Yet to be confirmed,01-03-2026,31-03-2026,Vertical_01,Unit_02,Commercial_Model_02
PID_667,PRJ_667,CUST_13,PRJ_Vert_06,PRJ_Exec_18,Standard Billable,Active,PM_188,Project_Manager_188,ASDM_29,Account_Service_Delivery_Manager_29,Confirmed,01-03-2026,31-03-2026,Vertical_06,Unit_01,Commercial_Model_01
PID_668,PRJ_668,CUST_231,PRJ_Vert_01,PRJ_Exec_01,Standard Billable,Active,PM_322,Project_Manager_322,ASDM_52,Account_Service_Delivery_Manager_52,Yet to be confirmed,01-03-2026,31-03-2026,Vertical_01,Unit_01,Commercial_Model_04
PID_669,PRJ_669,CUST_220,PRJ_Vert_02,PRJ_Exec_06,Standard Billable,Active,PM_300,Project_Manager_300,ASDM_06,Account_Service_Delivery_Manager_06,Yet to be confirmed,01-03-2026,31-03-2026,Vertical_02,Unit_01,Commercial_Model_04
PID_670,PRJ_670,CUST_143,PRJ_Vert_04,PRJ_Exec_13,Standard Billable,Active,PM_282,Project_Manager_282,ASDM_23,Account_Service_Delivery_Manager_23,Yet to be confirmed,01-03-2026,31-03-2026,Vertical_04,Unit_02,Commercial_Model_03
PID_672,PRJ_672,CUST_71,PRJ_Vert_02,PRJ_Exec_23,Standard Billable,Active,PM_362,Project_Manager_362,ASDM_60,Account_Service_Delivery_Manager_59,Yet to be confirmed,01-03-2026,31-03-2026,Vertical_02,Unit_01,Commercial_Model_01
PID_673,PRJ_673,CUST_38,PRJ_Vert_03,PRJ_Exec_03,Standard Billable,Active,PM_42,Project_Manager_42,ASDM_40,Account_Service_Delivery_Manager_40,Confirmed,01-03-2026,31-03-2026,Vertical_03,Unit_01,Commercial_Model_01
PID_1142,PRJ_1142,CUST_44,PRJ_Vert_03,PRJ_Exec_03,Standard Billable,Active,PM_01,Project_Manager_01,ASDM_43,Account_Service_Delivery_Manager_43,Confirmed,01-03-2026,31-03-2026,Vertical_03,Unit_01,Commercial_Model_04
PID_674,PRJ_674,CUST_260,PRJ_Vert_02,PRJ_Exec_02,Standard Billable,Active,PM_96,Project_Manager_96,ASDM_02,Account_Service_Delivery_Manager_02,Yet to be confirmed,01-03-2026,31-03-2026,Vertical_02,Unit_01,Commercial_Model_01
PID_675,PRJ_675,CUST_168,PRJ_Vert_02,PRJ_Exec_07,Standard Billable,Active,PM_288,Project_Manager_288,ASDM_08,Account_Service_Delivery_Manager_08,Confirmed,01-03-2026,31-03-2026,Vertical_02,Unit_02,Commercial_Model_02
PID_1502,PRJ_1502,CUST_27,PRJ_Vert_03,PRJ_Exec_03,Standard Billable,Active,PM_281,Project_Manager_281,ASDM_27,Account_Service_Delivery_Manager_27,Confirmed,01-03-2026,31-03-2026,Vertical_03,Unit_01,Commercial_Model_01
PID_676,PRJ_676,CUST_261,PRJ_Vert_01,PRJ_Exec_01,Standard Billable,Active,PM_268,Project_Manager_268,ASDM_74,Account_Service_Delivery_Manager_73,Yet to be confirmed,01-03-2026,31-03-2026,Vertical_01,Unit_01,Commercial_Model_01
PID_677,PRJ_677,CUST_12,PRJ_Vert_03,PRJ_Exec_03,Standard Billable,Active,PM_12,Project_Manager_12,ASDM_12,Account_Service_Delivery_Manager_12,Yet to be confirmed,01-03-2026,31-03-2026,Vertical_03,Unit_02,Commercial_Model_02
PID_678,PRJ_678,CUST_13,PRJ_Vert_06,PRJ_Exec_18,Standard Billable,Active,PM_74,Project_Manager_74,ASDM_29,Account_Service_Delivery_Manager_29,Confirmed,01-03-2026,31-03-2026,Vertical_06,Unit_01,Commercial_Model_04
PID_679,PRJ_679,CUST_262,PRJ_Vert_07,PRJ_Exec_39,Standard Billable,Active,PM_68,Project_Manager_68,ASDM_16,Account_Service_Delivery_Manager_16,Confirmed,01-03-2026,31-03-2026,Vertical_07,Unit_01,Commercial_Model_04
PID_1226,PRJ_1226,CUST_346,PRJ_Vert_03,PRJ_Exec_03,Standard Billable,Active,PM_527,Project_Manager_527,ASDM_46,Account_Service_Delivery_Manager_46,Confirmed,01-03-2026,31-03-2026,Vertical_03,Unit_01,Commercial_Model_04
PID_680,PRJ_680,CUST_104,PRJ_Vert_05,PRJ_Exec_09,Standard Billable,Active,PM_127,Project_Manager_127,ASDM_76,Account_Service_Delivery_Manager_75,Yet to be confirmed,01-03-2026,31-03-2026,Vertical_05,Unit_01,Commercial_Model_04
PID_681,PRJ_681,CUST_197,PRJ_Vert_08,PRJ_Exec_36,Standard Billable,Active,PM_255,Project_Manager_255,ASDM_67,Account_Service_Delivery_Manager_66,Yet to be confirmed,01-03-2026,31-03-2026,Vertical_08,Unit_01,Commercial_Model_04
PID_682,PRJ_682,CUST_01,PRJ_Vert_01,PRJ_Exec_31,Standard Billable,Active,PM_01,Project_Manager_01,ASDM_01,Account_Service_Delivery_Manager_01,Confirmed,01-03-2026,31-03-2026,Vertical_01,Unit_01,Commercial_Model_04
PID_684,PRJ_684,CUST_26,PRJ_Vert_02,PRJ_Exec_15,Standard Billable,Active,PM_26,Project_Manager_26,ASDM_26,Account_Service_Delivery_Manager_26,Confirmed,01-03-2026,31-03-2026,Vertical_02,Unit_01,Commercial_Model_02
PID_685,PRJ_685,CUST_67,PRJ_Vert_02,PRJ_Exec_23,Standard Billable,Active,PM_78,Project_Manager_78,ASDM_59,Account_Service_Delivery_Manager_58,Confirmed,01-03-2026,31-03-2026,Vertical_02,Unit_01,Commercial_Model_04
PID_687,PRJ_687,CUST_67,PRJ_Vert_02,PRJ_Exec_46,Standard Billable,Active,PM_253,Project_Manager_253,ASDM_59,Account_Service_Delivery_Manager_58,Confirmed,01-03-2026,31-03-2026,Vertical_02,Unit_01,Commercial_Model_01
PID_688,PRJ_688,CUST_92,PRJ_Vert_03,PRJ_Exec_03,Standard Billable,Active,PM_109,Project_Manager_109,ASDM_46,Account_Service_Delivery_Manager_46,Confirmed,01-03-2026,31-03-2026,Vertical_03,Unit_01,Commercial_Model_04
PID_689,PRJ_689,CUST_113,PRJ_Vert_01,PRJ_Exec_01,Standard Billable,Active,PM_138,Project_Manager_138,ASDM_79,Account_Service_Delivery_Manager_78,Confirmed,01-03-2026,31-03-2026,Vertical_01,Unit_01,Commercial_Model_04
PID_691,PRJ_691,CUST_264,PRJ_Vert_01,PRJ_Exec_01,Standard Billable,Active,PM_01,Project_Manager_01,ASDM_01,Account_Service_Delivery_Manager_01,Confirmed,01-03-2026,31-03-2026,Vertical_01,Unit_01,Commercial_Model_04
PID_692,PRJ_692,CUST_111,PRJ_Vert_04,PRJ_Exec_04,Standard Billable,Active,PM_136,Project_Manager_136,ASDM_78,Account_Service_Delivery_Manager_77,Confirmed,01-03-2026,31-03-2026,Vertical_04,Unit_01,Commercial_Model_02
PID_694,PRJ_694,CUST_113,PRJ_Vert_01,PRJ_Exec_01,Standard Billable,Active,PM_138,Project_Manager_138,ASDM_79,Account_Service_Delivery_Manager_78,Confirmed,01-03-2026,31-03-2026,Vertical_01,Unit_01,Commercial_Model_04
PID_695,PRJ_695,CUST_144,PRJ_Vert_05,PRJ_Exec_09,Standard Billable,Active,PM_177,Project_Manager_177,ASDM_42,Account_Service_Delivery_Manager_42,Confirmed,01-03-2026,31-03-2026,Vertical_05,Unit_01,Commercial_Model_05
PID_696,PRJ_696,CUST_33,PRJ_Vert_02,PRJ_Exec_23,Standard Billable,Active,PM_365,Project_Manager_365,ASDM_34,Account_Service_Delivery_Manager_34,Yet to be confirmed,01-03-2026,31-03-2026,Vertical_02,Unit_01,Commercial_Model_01
PID_697,PRJ_697,CUST_31,PRJ_Vert_02,PRJ_Exec_05,Standard Billable,Active,PM_33,Project_Manager_33,ASDM_73,Account_Service_Delivery_Manager_72,Yet to be confirmed,01-03-2026,31-03-2026,Vertical_02,Unit_01,Commercial_Model_04
PID_698,PRJ_698,CUST_265,PRJ_Vert_01,PRJ_Exec_20,Standard Billable,Active,PM_70,Project_Manager_70,ASDM_57,Account_Service_Delivery_Manager_57,Confirmed,01-03-2026,31-03-2026,Vertical_01,Unit_01,Commercial_Model_04
PID_699,PRJ_699,CUST_266,PRJ_Vert_01,PRJ_Exec_26,Standard Billable,Active,PM_366,Project_Manager_366,ASDM_31,Account_Service_Delivery_Manager_31,Confirmed,01-03-2026,31-03-2026,Vertical_01,Unit_02,Commercial_Model_02
PID_700,PRJ_700,CUST_113,PRJ_Vert_01,PRJ_Exec_01,Standard Billable,Active,PM_138,Project_Manager_138,ASDM_79,Account_Service_Delivery_Manager_78,Confirmed,01-03-2026,31-03-2026,Vertical_01,Unit_01,Commercial_Model_04
PID_702,PRJ_702,CUST_89,PRJ_Vert_03,PRJ_Exec_16,Standard Billable,Active,PM_105,Project_Manager_105,ASDM_70,Account_Service_Delivery_Manager_69,Confirmed,01-03-2026,31-03-2026,Vertical_03,Unit_01,Commercial_Model_04
PID_197,PRJ_197,CUST_68,PRJ_Vert_05,PRJ_Exec_09,Standard Billable,Active,PM_122,Project_Manager_122,ASDM_11,Account_Service_Delivery_Manager_11,Confirmed,01-03-2026,31-03-2026,Vertical_05,Unit_01,Commercial_Model_04
PID_703,PRJ_703,CUST_31,PRJ_Vert_02,PRJ_Exec_05,Standard Billable,Active,PM_33,Project_Manager_33,ASDM_73,Account_Service_Delivery_Manager_72,Yet to be confirmed,01-03-2026,31-03-2026,Vertical_02,Unit_01,Commercial_Model_04
PID_704,PRJ_704,CUST_32,PRJ_Vert_05,PRJ_Exec_09,Standard Billable,Active,PM_367,Project_Manager_367,ASDM_33,Account_Service_Delivery_Manager_33,Confirmed,01-03-2026,31-03-2026,Vertical_05,Unit_01,Commercial_Model_04
PID_705,PRJ_705,CUST_267,PRJ_Vert_04,PRJ_Exec_40,Standard Billable,Active,PM_368,Project_Manager_368,ASDM_80,Account_Service_Delivery_Manager_79,Confirmed,01-03-2026,31-03-2026,Vertical_04,Unit_01,Commercial_Model_04
PID_706,PRJ_706,CUST_30,PRJ_Vert_01,PRJ_Exec_47,Standard Billable,Active,PM_32,Project_Manager_32,ASDM_31,Account_Service_Delivery_Manager_31,Confirmed,01-03-2026,31-03-2026,Vertical_01,Unit_01,Commercial_Model_02
PID_707,PRJ_707,CUST_42,PRJ_Vert_05,PRJ_Exec_09,Standard Billable,Active,PM_79,Project_Manager_79,ASDM_42,Account_Service_Delivery_Manager_42,Yet to be confirmed,01-03-2026,31-03-2026,Vertical_05,Unit_01,Commercial_Model_04
PID_708,PRJ_708,CUST_268,PRJ_Vert_02,PRJ_Exec_06,Standard Billable,Active,PM_264,Project_Manager_264,ASDM_103,Account_Service_Delivery_Manager_102,Yet to be confirmed,01-03-2026,31-03-2026,Vertical_02,Unit_01,Commercial_Model_04
PID_709,PRJ_709,CUST_38,PRJ_Vert_03,PRJ_Exec_03,Standard Billable,Active,PM_42,Project_Manager_42,ASDM_40,Account_Service_Delivery_Manager_40,Confirmed,01-03-2026,31-03-2026,Vertical_03,Unit_01,Commercial_Model_01
PID_710,PRJ_710,CUST_191,PRJ_Vert_04,PRJ_Exec_26,Standard Billable,Active,PM_369,Project_Manager_369,ASDM_125,Account_Service_Delivery_Manager_124,Confirmed,01-03-2026,31-03-2026,Vertical_04,Unit_02,Commercial_Model_01
PID_711,PRJ_711,CUST_249,PRJ_Vert_06,PRJ_Exec_05,Standard Billable,Active,PM_370,Project_Manager_370,ASDM_49,Account_Service_Delivery_Manager_49,Confirmed,01-03-2026,31-03-2026,Vertical_06,Unit_01,Commercial_Model_01
PID_712,PRJ_712,CUST_159,PRJ_Vert_02,PRJ_Exec_19,Standard Billable,Active,PM_202,Project_Manager_202,ASDM_30,Account_Service_Delivery_Manager_30,Confirmed,01-03-2026,31-03-2026,Vertical_02,Unit_01,Commercial_Model_01
PID_713,PRJ_713,CUST_83,PRJ_Vert_01,PRJ_Exec_22,Standard Billable,Active,PM_95,Project_Manager_95,ASDM_65,Account_Service_Delivery_Manager_64,Confirmed,01-03-2026,31-03-2026,Vertical_01,Unit_01,Commercial_Model_04
PID_714,PRJ_714,CUST_01,PRJ_Vert_01,PRJ_Exec_01,Standard Billable,Active,PM_01,Project_Manager_01,ASDM_01,Account_Service_Delivery_Manager_01,Confirmed,01-03-2026,31-03-2026,Vertical_01,Unit_01,Commercial_Model_02
PID_715,PRJ_715,CUST_62,PRJ_Vert_06,PRJ_Exec_32,Standard Billable,Active,PM_69,Project_Manager_69,ASDM_56,Account_Service_Delivery_Manager_56,Confirmed,01-03-2026,31-03-2026,Vertical_06,Unit_01,Commercial_Model_01
PID_845,PRJ_845,CUST_03,PRJ_Vert_03,PRJ_Exec_03,Customer Non Billable,Active,PM_03,Project_Manager_03,ASDM_131,Account_Service_Delivery_Manager_130,Confirmed,01-03-2026,31-03-2026,Vertical_03,Unit_01,Commercial_Model_05
PID_68,PRJ_68,CUST_53,PRJ_Vert_06,PRJ_Exec_16,Standard Billable,Active,PM_58,Project_Manager_58,ASDM_49,Account_Service_Delivery_Manager_49,Confirmed,01-03-2026,31-03-2026,Vertical_06,Unit_01,Commercial_Model_04
PID_716,PRJ_716,CUST_27,PRJ_Vert_03,PRJ_Exec_03,Standard Billable,Active,PM_371,Project_Manager_371,ASDM_27,Account_Service_Delivery_Manager_27,Yet to be confirmed,01-03-2026,31-03-2026,Vertical_03,Unit_01,Commercial_Model_04
PID_717,PRJ_717,CUST_47,PRJ_Vert_01,PRJ_Exec_24,Standard Billable,Active,PM_165,Project_Manager_165,ASDM_45,Account_Service_Delivery_Manager_45,Confirmed,01-03-2026,31-03-2026,Vertical_01,Unit_01,Commercial_Model_04
PID_718,PRJ_718,CUST_269,PRJ_Vert_02,PRJ_Exec_15,Standard Billable,Active,PM_372,Project_Manager_372,ASDM_84,Account_Service_Delivery_Manager_83,Yet to be confirmed,01-03-2026,31-03-2026,Vertical_02,Unit_01,Commercial_Model_01
PID_720,PRJ_720,CUST_108,PRJ_Vert_02,PRJ_Exec_15,Standard Billable,Active,PM_153,Project_Manager_153,ASDM_21,Account_Service_Delivery_Manager_21,Yet to be confirmed,01-03-2026,31-03-2026,Vertical_02,Unit_01,Commercial_Model_01
PID_721,PRJ_721,CUST_176,PRJ_Vert_02,PRJ_Exec_02,Standard Billable,Active,PM_374,Project_Manager_374,ASDM_02,Account_Service_Delivery_Manager_02,Confirmed,01-03-2026,31-03-2026,Vertical_02,Unit_01,Commercial_Model_04
PID_722,PRJ_722,CUST_02,PRJ_Vert_02,PRJ_Exec_02,Standard Billable,Active,PM_02,Project_Manager_02,ASDM_02,Account_Service_Delivery_Manager_02,Confirmed,01-03-2026,31-03-2026,Vertical_02,Unit_01,Commercial_Model_04
PID_723,PRJ_723,CUST_196,PRJ_Vert_01,PRJ_Exec_24,Standard Billable,Active,PM_254,Project_Manager_254,ASDM_81,Account_Service_Delivery_Manager_80,Confirmed,01-03-2026,31-03-2026,Vertical_01,Unit_01,Commercial_Model_01
PID_1275,PRJ_1275,CUST_05,PRJ_Vert_01,PRJ_Exec_17,Standard Billable,Active,PM_151,Project_Manager_151,ASDM_83,Account_Service_Delivery_Manager_82,Confirmed,01-03-2026,31-03-2026,Vertical_01,Unit_02,Commercial_Model_02
PID_724,PRJ_724,CUST_132,PRJ_Vert_01,PRJ_Exec_24,Standard Billable,Active,PM_158,Project_Manager_158,ASDM_87,Account_Service_Delivery_Manager_86,Confirmed,01-03-2026,31-03-2026,Vertical_01,Unit_01,Commercial_Model_01
PID_726,PRJ_726,CUST_134,PRJ_Vert_03,PRJ_Exec_03,Standard Billable,Active,PM_376,Project_Manager_376,ASDM_88,Account_Service_Delivery_Manager_87,Confirmed,01-03-2026,31-03-2026,Vertical_03,Unit_01,Commercial_Model_01
PID_728,PRJ_728,CUST_134,PRJ_Vert_03,PRJ_Exec_03,Standard Billable,Active,PM_160,Project_Manager_160,ASDM_88,Account_Service_Delivery_Manager_87,Confirmed,01-03-2026,31-03-2026,Vertical_03,Unit_01,Commercial_Model_01
PID_729,PRJ_729,CUST_108,PRJ_Vert_02,PRJ_Exec_15,Standard Billable,Active,PM_377,Project_Manager_377,ASDM_21,Account_Service_Delivery_Manager_21,Yet to be confirmed,01-03-2026,31-03-2026,Vertical_02,Unit_01,Commercial_Model_01
PID_730,PRJ_730,CUST_67,PRJ_Vert_02,PRJ_Exec_46,Standard Billable,Active,PM_124,Project_Manager_124,ASDM_59,Account_Service_Delivery_Manager_58,Yet to be confirmed,01-03-2026,31-03-2026,Vertical_02,Unit_01,Commercial_Model_01
PID_731,PRJ_731,CUST_201,PRJ_Vert_01,PRJ_Exec_01,Standard Billable,Active,PM_268,Project_Manager_268,ASDM_74,Account_Service_Delivery_Manager_73,Yet to be confirmed,01-03-2026,31-03-2026,Vertical_01,Unit_01,Commercial_Model_02
PID_564,PRJ_564,CUST_272,PRJ_Vert_05,PRJ_Exec_37,Standard Billable,Active,PM_329,Project_Manager_329,ASDM_75,Account_Service_Delivery_Manager_74,Confirmed,01-03-2026,31-03-2026,Vertical_05,Unit_01,Commercial_Model_01
PID_732,PRJ_732,CUST_43,PRJ_Vert_02,PRJ_Exec_19,Standard Billable,Active,PM_48,Project_Manager_48,ASDM_06,Account_Service_Delivery_Manager_06,Yet to be confirmed,01-03-2026,31-03-2026,Vertical_02,Unit_01,Commercial_Model_01
PID_733,PRJ_733,CUST_52,PRJ_Vert_02,PRJ_Exec_15,Standard Billable,Active,PM_378,Project_Manager_378,ASDM_121,Account_Service_Delivery_Manager_120,Confirmed,01-03-2026,31-03-2026,Vertical_02,Unit_01,Commercial_Model_02
PID_734,PRJ_734,CUST_13,PRJ_Vert_06,PRJ_Exec_11,Standard Billable,Active,PM_379,Project_Manager_379,ASDM_13,Account_Service_Delivery_Manager_13,Confirmed,01-03-2026,31-03-2026,Vertical_06,Unit_01,Commercial_Model_05
PID_735,PRJ_735,CUST_132,PRJ_Vert_01,PRJ_Exec_35,Standard Billable,Active,PM_158,Project_Manager_158,ASDM_87,Account_Service_Delivery_Manager_86,Confirmed,01-03-2026,31-03-2026,Vertical_01,Unit_01,Commercial_Model_04
PID_1793,PRJ_1793,CUST_121,PRJ_Vert_01,PRJ_Exec_24,Standard Billable,Active,PM_146,Project_Manager_146,ASDM_81,Account_Service_Delivery_Manager_80,Confirmed,01-03-2026,31-03-2026,Vertical_01,Unit_01,Commercial_Model_02
PID_736,PRJ_736,CUST_273,PRJ_Vert_07,PRJ_Exec_39,Standard Billable,Active,PM_143,Project_Manager_143,ASDM_72,Account_Service_Delivery_Manager_71,Confirmed,01-03-2026,31-03-2026,Vertical_07,Unit_01,Commercial_Model_04
PID_737,PRJ_737,CUST_215,PRJ_Vert_05,PRJ_Exec_30,Standard Billable,Active,PM_219,Project_Manager_219,ASDM_98,Account_Service_Delivery_Manager_97,Confirmed,01-03-2026,31-03-2026,Vertical_05,Unit_02,Commercial_Model_02
PID_1302,PRJ_1302,CUST_153,PRJ_Vert_04,PRJ_Exec_05,Standard Billable,Active,PM_298,Project_Manager_298,ASDM_53,Account_Service_Delivery_Manager_53,Yet to be confirmed,01-03-2026,31-03-2026,Vertical_04,Unit_01,Commercial_Model_02
PID_738,PRJ_738,CUST_52,PRJ_Vert_02,PRJ_Exec_05,Standard Billable,Active,PM_380,Project_Manager_380,ASDM_121,Account_Service_Delivery_Manager_120,Confirmed,01-03-2026,31-03-2026,Vertical_02,Unit_01,Commercial_Model_02
PID_739,PRJ_739,CUST_274,PRJ_Vert_01,PRJ_Exec_05,Standard Billable,Active,PM_381,Project_Manager_381,ASDM_69,Account_Service_Delivery_Manager_68,Confirmed,01-03-2026,31-03-2026,Vertical_01,Unit_01,Commercial_Model_02
PID_740,PRJ_740,CUST_202,PRJ_Vert_05,PRJ_Exec_09,Standard Billable,Active,PM_382,Project_Manager_382,ASDM_76,Account_Service_Delivery_Manager_75,Yet to be confirmed,01-03-2026,31-03-2026,Vertical_05,Unit_01,Commercial_Model_04
PID_05,PRJ_05,CUST_05,PRJ_Vert_01,PRJ_Exec_05,Standard Billable,Active,PM_05,Project_Manager_05,ASDM_05,Account_Service_Delivery_Manager_05,Confirmed,01-03-2026,31-03-2026,Vertical_01,Unit_01,Commercial_Model_02
PID_741,PRJ_741,CUST_03,PRJ_Vert_03,PRJ_Exec_03,Standard Billable,Active,PM_03,Project_Manager_03,ASDM_03,Account_Service_Delivery_Manager_03,Confirmed,01-03-2026,31-03-2026,Vertical_03,Unit_01,Commercial_Model_02
PID_244,PRJ_244,CUST_27,PRJ_Vert_03,PRJ_Exec_10,Standard Billable,Active,PM_174,Project_Manager_174,ASDM_27,Account_Service_Delivery_Manager_27,Confirmed,01-03-2026,31-03-2026,Vertical_03,Unit_02,Commercial_Model_02
PID_742,PRJ_742,CUST_42,PRJ_Vert_05,PRJ_Exec_09,Standard Billable,Active,PM_383,Project_Manager_383,ASDM_42,Account_Service_Delivery_Manager_42,Confirmed,01-03-2026,31-03-2026,Vertical_05,Unit_01,Commercial_Model_04
PID_743,PRJ_743,CUST_179,PRJ_Vert_02,PRJ_Exec_05,Standard Billable,Active,PM_227,Project_Manager_227,ASDM_102,Account_Service_Delivery_Manager_101,Yet to be confirmed,01-03-2026,31-03-2026,Vertical_02,Unit_01,Commercial_Model_02
PID_744,PRJ_744,CUST_275,PRJ_Vert_05,PRJ_Exec_30,Standard Billable,Active,PM_63,Project_Manager_63,ASDM_51,Account_Service_Delivery_Manager_51,Confirmed,01-03-2026,31-03-2026,Vertical_05,Unit_02,Commercial_Model_02
PID_746,PRJ_746,CUST_38,PRJ_Vert_03,PRJ_Exec_03,Standard Billable,Active,PM_42,Project_Manager_42,ASDM_40,Account_Service_Delivery_Manager_40,Confirmed,01-03-2026,31-03-2026,Vertical_03,Unit_01,Commercial_Model_04
PID_747,PRJ_747,CUST_276,PRJ_Vert_05,PRJ_Exec_09,Standard Billable,Active,PM_384,Project_Manager_384,ASDM_42,Account_Service_Delivery_Manager_42,Yet to be confirmed,01-03-2026,31-03-2026,Vertical_05,Unit_01,Commercial_Model_05
PID_748,PRJ_748,CUST_83,PRJ_Vert_01,PRJ_Exec_22,Standard Billable,Active,PM_95,Project_Manager_95,ASDM_65,Account_Service_Delivery_Manager_64,Yet to be confirmed,01-03-2026,31-03-2026,Vertical_01,Unit_01,Commercial_Model_04
PID_485,PRJ_485,CUST_52,PRJ_Vert_02,PRJ_Exec_05,Standard Billable,Active,PM_287,Project_Manager_287,ASDM_121,Account_Service_Delivery_Manager_120,Yet to be confirmed,01-03-2026,31-03-2026,Vertical_02,Unit_01,Commercial_Model_02
PID_749,PRJ_749,CUST_229,PRJ_Vert_04,PRJ_Exec_34,Standard Billable,Active,PM_385,Project_Manager_385,ASDM_120,Account_Service_Delivery_Manager_119,Yet to be confirmed,01-03-2026,31-03-2026,Vertical_04,Unit_01,Commercial_Model_02
PID_752,PRJ_752,CUST_62,PRJ_Vert_06,PRJ_Exec_32,Standard Billable,Active,PM_139,Project_Manager_139,ASDM_56,Account_Service_Delivery_Manager_56,Confirmed,01-03-2026,31-03-2026,Vertical_06,Unit_01,Commercial_Model_01
PID_753,PRJ_753,CUST_03,PRJ_Vert_03,PRJ_Exec_03,Standard Billable,Active,PM_03,Project_Manager_03,ASDM_03,Account_Service_Delivery_Manager_03,Confirmed,01-03-2026,31-03-2026,Vertical_03,Unit_01,Commercial_Model_03
PID_1035,PRJ_1035,CUST_322,PRJ_Vert_02,PRJ_Exec_19,Standard Billable,Active,PM_71,Project_Manager_71,ASDM_116,Account_Service_Delivery_Manager_115,Confirmed,01-03-2026,31-03-2026,Vertical_02,Unit_01,Commercial_Model_02
PID_755,PRJ_755,CUST_278,PRJ_Vert_06,PRJ_Exec_41,Standard Billable,Active,PM_387,Project_Manager_387,ASDM_126,Account_Service_Delivery_Manager_125,Confirmed,01-03-2026,31-03-2026,Vertical_06,Unit_02,Commercial_Model_03
PID_756,PRJ_756,CUST_279,PRJ_Vert_05,PRJ_Exec_30,Standard Billable,Active,PM_279,Project_Manager_279,ASDM_109,Account_Service_Delivery_Manager_108,Confirmed,01-03-2026,31-03-2026,Vertical_05,Unit_02,Commercial_Model_02
PID_757,PRJ_757,CUST_280,PRJ_Vert_02,PRJ_Exec_07,Standard Billable,Active,PM_388,Project_Manager_388,ASDM_25,Account_Service_Delivery_Manager_25,Confirmed,01-03-2026,31-03-2026,Vertical_02,Unit_02,Commercial_Model_02
PID_758,PRJ_758,CUST_04,PRJ_Vert_04,PRJ_Exec_04,Standard Billable,Active,PM_04,Project_Manager_04,ASDM_04,Account_Service_Delivery_Manager_04,Confirmed,01-03-2026,31-03-2026,Vertical_04,Unit_01,Commercial_Model_04
PID_759,PRJ_759,CUST_67,PRJ_Vert_02,PRJ_Exec_23,Standard Billable,Active,PM_78,Project_Manager_78,ASDM_59,Account_Service_Delivery_Manager_58,Confirmed,01-03-2026,31-03-2026,Vertical_02,Unit_01,Commercial_Model_04
PID_761,PRJ_761,CUST_281,PRJ_Vert_02,PRJ_Exec_44,Standard Billable,Active,PM_193,Project_Manager_193,ASDM_94,Account_Service_Delivery_Manager_93,Yet to be confirmed,01-03-2026,31-03-2026,Vertical_02,Unit_02,Commercial_Model_03
PID_762,PRJ_762,CUST_52,PRJ_Vert_02,PRJ_Exec_07,Standard Billable,Active,PM_133,Project_Manager_133,ASDM_08,Account_Service_Delivery_Manager_08,Confirmed,01-03-2026,31-03-2026,Vertical_02,Unit_02,Commercial_Model_03
PID_763,PRJ_763,CUST_13,PRJ_Vert_06,PRJ_Exec_28,Standard Billable,Active,PM_57,Project_Manager_57,ASDM_48,Account_Service_Delivery_Manager_48,Yet to be confirmed,01-03-2026,31-03-2026,Vertical_06,Unit_01,Commercial_Model_04
PID_764,PRJ_764,CUST_81,PRJ_Vert_05,PRJ_Exec_09,Standard Billable,Active,PM_389,Project_Manager_389,ASDM_33,Account_Service_Delivery_Manager_33,Confirmed,01-03-2026,31-03-2026,Vertical_05,Unit_01,Commercial_Model_04
PID_765,PRJ_765,CUST_10,PRJ_Vert_04,PRJ_Exec_08,Standard Billable,Active,PM_10,Project_Manager_10,ASDM_10,Account_Service_Delivery_Manager_10,Confirmed,01-03-2026,31-03-2026,Vertical_04,Unit_01,Commercial_Model_04
PID_1326,PRJ_1326,CUST_140,PRJ_Vert_08,PRJ_Exec_36,Standard Billable,Active,PM_552,Project_Manager_552,ASDM_67,Account_Service_Delivery_Manager_66,Confirmed,01-03-2026,31-03-2026,Vertical_08,Unit_01,Commercial_Model_01
PID_766,PRJ_766,CUST_172,PRJ_Vert_01,PRJ_Exec_45,Standard Billable,Active,PM_220,Project_Manager_220,ASDM_28,Account_Service_Delivery_Manager_28,Confirmed,01-03-2026,31-03-2026,Vertical_01,Unit_01,Commercial_Model_04
PID_767,PRJ_767,CUST_54,PRJ_Vert_02,PRJ_Exec_19,Standard Billable,Active,PM_120,Project_Manager_120,ASDM_58,Account_Service_Delivery_Manager_50,Yet to be confirmed,01-03-2026,31-03-2026,Vertical_02,Unit_01,Commercial_Model_01
PID_769,PRJ_769,CUST_12,PRJ_Vert_03,PRJ_Exec_10,Standard Billable,Active,PM_12,Project_Manager_12,ASDM_12,Account_Service_Delivery_Manager_12,Yet to be confirmed,01-03-2026,31-03-2026,Vertical_03,Unit_02,Commercial_Model_02
PID_770,PRJ_770,CUST_161,PRJ_Vert_05,PRJ_Exec_09,Standard Billable,Active,PM_307,Project_Manager_307,ASDM_99,Account_Service_Delivery_Manager_98,Yet to be confirmed,01-03-2026,31-03-2026,Vertical_05,Unit_01,Commercial_Model_04
PID_771,PRJ_771,CUST_283,PRJ_Vert_05,PRJ_Exec_30,Standard Billable,Active,PM_201,Project_Manager_201,ASDM_98,Account_Service_Delivery_Manager_97,Confirmed,01-03-2026,31-03-2026,Vertical_05,Unit_02,Commercial_Model_02
PID_772,PRJ_772,CUST_52,PRJ_Vert_02,PRJ_Exec_07,Standard Billable,Active,PM_56,Project_Manager_56,ASDM_08,Account_Service_Delivery_Manager_08,Confirmed,01-03-2026,31-03-2026,Vertical_02,Unit_02,Commercial_Model_03
PID_1815,PRJ_1815,CUST_19,PRJ_Vert_04,PRJ_Exec_04,Standard Billable,Active,PM_01,Project_Manager_01,ASDM_19,Account_Service_Delivery_Manager_19,Yet to be confirmed,01-03-2026,31-03-2026,Vertical_04,Unit_01,Commercial_Model_04
PID_773,PRJ_773,CUST_43,PRJ_Vert_02,PRJ_Exec_06,Standard Billable,Active,PM_48,Project_Manager_48,ASDM_06,Account_Service_Delivery_Manager_06,Yet to be confirmed,01-03-2026,31-03-2026,Vertical_02,Unit_01,Commercial_Model_04
PID_774,PRJ_774,CUST_172,PRJ_Vert_01,PRJ_Exec_45,Standard Billable,Active,PM_220,Project_Manager_220,ASDM_28,Account_Service_Delivery_Manager_28,Confirmed,01-03-2026,31-03-2026,Vertical_01,Unit_01,Commercial_Model_02
PID_775,PRJ_775,CUST_284,PRJ_Vert_01,PRJ_Exec_14,Standard Billable,Active,PM_390,Project_Manager_390,ASDM_127,Account_Service_Delivery_Manager_126,Confirmed,01-03-2026,31-03-2026,Vertical_01,Unit_02,Commercial_Model_03
PID_507,PRJ_507,CUST_120,PRJ_Vert_02,PRJ_Exec_05,Standard Billable,Active,PM_301,Project_Manager_301,ASDM_60,Account_Service_Delivery_Manager_59,Confirmed,01-03-2026,31-03-2026,Vertical_02,Unit_01,Commercial_Model_02
PID_776,PRJ_776,CUST_33,PRJ_Vert_02,PRJ_Exec_16,Standard Billable,Active,PM_256,Project_Manager_256,ASDM_34,Account_Service_Delivery_Manager_34,Confirmed,01-03-2026,31-03-2026,Vertical_02,Unit_01,Commercial_Model_01
PID_777,PRJ_777,CUST_285,PRJ_Vert_02,PRJ_Exec_19,Standard Billable,Active,PM_308,Project_Manager_308,ASDM_116,Account_Service_Delivery_Manager_115,Confirmed,01-03-2026,31-03-2026,Vertical_02,Unit_01,Commercial_Model_05
PID_778,PRJ_778,CUST_13,PRJ_Vert_06,PRJ_Exec_25,Standard Billable,Active,PM_391,Project_Manager_391,ASDM_36,Account_Service_Delivery_Manager_36,Confirmed,01-03-2026,31-03-2026,Vertical_06,Unit_01,Commercial_Model_01
PID_780,PRJ_780,CUST_41,PRJ_Vert_02,PRJ_Exec_02,Standard Billable,Active,PM_393,Project_Manager_393,ASDM_02,Account_Service_Delivery_Manager_02,Yet to be confirmed,01-03-2026,31-03-2026,Vertical_02,Unit_01,Commercial_Model_01
PID_781,PRJ_781,CUST_157,PRJ_Vert_05,PRJ_Exec_27,Standard Billable,Active,PM_200,Project_Manager_200,ASDM_97,Account_Service_Delivery_Manager_96,Confirmed,01-03-2026,31-03-2026,Vertical_05,Unit_01,Commercial_Model_04
PID_270,PRJ_270,CUST_150,PRJ_Vert_02,PRJ_Exec_19,Standard Billable,Active,PM_189,Project_Manager_189,ASDM_85,Account_Service_Delivery_Manager_84,Confirmed,01-03-2026,31-03-2026,Vertical_02,Unit_01,Commercial_Model_02
PID_782,PRJ_782,CUST_286,PRJ_Vert_05,PRJ_Exec_09,Standard Billable,Active,PM_394,Project_Manager_394,ASDM_42,Account_Service_Delivery_Manager_42,Yet to be confirmed,01-03-2026,31-03-2026,Vertical_05,Unit_01,Commercial_Model_01
PID_783,PRJ_783,CUST_172,PRJ_Vert_01,PRJ_Exec_45,Standard Billable,Active,PM_395,Project_Manager_395,ASDM_28,Account_Service_Delivery_Manager_28,Confirmed,01-03-2026,31-03-2026,Vertical_01,Unit_01,Commercial_Model_02
PID_784,PRJ_784,CUST_02,PRJ_Vert_02,PRJ_Exec_05,Standard Billable,Active,PM_396,Project_Manager_396,ASDM_02,Account_Service_Delivery_Manager_02,Confirmed,01-03-2026,31-03-2026,Vertical_02,Unit_01,Commercial_Model_02
PID_785,PRJ_785,CUST_283,PRJ_Vert_05,PRJ_Exec_30,Standard Billable,Active,PM_219,Project_Manager_219,ASDM_98,Account_Service_Delivery_Manager_97,Confirmed,01-03-2026,31-03-2026,Vertical_05,Unit_02,Commercial_Model_02
PID_786,PRJ_786,CUST_65,PRJ_Vert_01,PRJ_Exec_33,Standard Billable,Active,PM_397,Project_Manager_397,ASDM_39,Account_Service_Delivery_Manager_39,Confirmed,01-03-2026,31-03-2026,Vertical_01,Unit_01,Commercial_Model_01
PID_1059,PRJ_1059,CUST_44,PRJ_Vert_03,PRJ_Exec_03,Standard Billable,Active,PM_476,Project_Manager_476,ASDM_43,Account_Service_Delivery_Manager_43,Confirmed,01-03-2026,31-03-2026,Vertical_03,Unit_01,Commercial_Model_04
PID_787,PRJ_787,CUST_20,PRJ_Vert_03,PRJ_Exec_03,Standard Billable,Active,PM_28,Project_Manager_28,ASDM_20,Account_Service_Delivery_Manager_20,Confirmed,01-03-2026,31-03-2026,Vertical_03,Unit_01,Commercial_Model_04
PID_788,PRJ_788,CUST_96,PRJ_Vert_03,PRJ_Exec_05,Standard Billable,Active,PM_398,Project_Manager_398,ASDM_64,Account_Service_Delivery_Manager_63,Yet to be confirmed,01-03-2026,31-03-2026,Vertical_03,Unit_01,Commercial_Model_03
PID_789,PRJ_789,CUST_265,PRJ_Vert_01,PRJ_Exec_20,Standard Billable,Active,PM_70,Project_Manager_70,ASDM_57,Account_Service_Delivery_Manager_57,Confirmed,01-03-2026,31-03-2026,Vertical_01,Unit_01,Commercial_Model_02
PID_538,PRJ_538,CUST_82,PRJ_Vert_06,PRJ_Exec_16,Standard Billable,Active,PM_318,Project_Manager_318,ASDM_66,Account_Service_Delivery_Manager_65,Yet to be confirmed,01-03-2026,31-03-2026,Vertical_06,Unit_01,Commercial_Model_01
PID_302,PRJ_302,CUST_119,PRJ_Vert_02,PRJ_Exec_16,Standard Billable,Active,PM_211,Project_Manager_211,ASDM_59,Account_Service_Delivery_Manager_58,Yet to be confirmed,01-03-2026,31-03-2026,Vertical_02,Unit_01,Commercial_Model_02
PID_791,PRJ_791,CUST_195,PRJ_Vert_05,PRJ_Exec_09,Standard Billable,Active,PM_252,Project_Manager_252,ASDM_76,Account_Service_Delivery_Manager_75,Yet to be confirmed,01-03-2026,31-03-2026,Vertical_05,Unit_01,Commercial_Model_04
PID_792,PRJ_792,CUST_13,PRJ_Vert_06,PRJ_Exec_25,Standard Billable,Active,PM_43,Project_Manager_43,ASDM_36,Account_Service_Delivery_Manager_36,Yet to be confirmed,01-03-2026,31-03-2026,Vertical_06,Unit_01,Commercial_Model_01
PID_793,PRJ_793,CUST_03,PRJ_Vert_03,PRJ_Exec_03,Standard Billable,Active,PM_206,Project_Manager_206,ASDM_03,Account_Service_Delivery_Manager_03,Confirmed,01-03-2026,31-03-2026,Vertical_03,Unit_01,Commercial_Model_04
PID_290,PRJ_290,CUST_160,PRJ_Vert_05,PRJ_Exec_17,Standard Billable,Active,PM_203,Project_Manager_203,ASDM_42,Account_Service_Delivery_Manager_42,Confirmed,01-03-2026,31-03-2026,Vertical_05,Unit_02,Commercial_Model_02
PID_794,PRJ_794,CUST_107,PRJ_Vert_02,PRJ_Exec_05,Standard Billable,Active,PM_400,Project_Manager_400,ASDM_38,Account_Service_Delivery_Manager_38,Confirmed,01-03-2026,31-03-2026,Vertical_02,Unit_01,Commercial_Model_04
PID_528,PRJ_528,CUST_44,PRJ_Vert_03,PRJ_Exec_03,Standard Billable,Active,PM_192,Project_Manager_192,ASDM_43,Account_Service_Delivery_Manager_43,Confirmed,01-03-2026,31-03-2026,Vertical_03,Unit_01,Commercial_Model_02
PID_796,PRJ_796,CUST_106,PRJ_Vert_06,PRJ_Exec_31,Standard Billable,Active,PM_129,Project_Manager_129,ASDM_14,Account_Service_Delivery_Manager_14,Yet to be confirmed,01-03-2026,31-03-2026,Vertical_06,Unit_01,Commercial_Model_04
PID_532,PRJ_532,CUST_154,PRJ_Vert_03,PRJ_Exec_16,Standard Billable,Active,PM_313,Project_Manager_313,ASDM_95,Account_Service_Delivery_Manager_94,Confirmed,01-03-2026,31-03-2026,Vertical_03,Unit_01,Commercial_Model_04
PID_797,PRJ_797,CUST_13,PRJ_Vert_06,PRJ_Exec_25,Standard Billable,Active,PM_402,Project_Manager_402,ASDM_36,Account_Service_Delivery_Manager_36,Confirmed,01-03-2026,31-03-2026,Vertical_06,Unit_01,Commercial_Model_04
PID_798,PRJ_798,CUST_104,PRJ_Vert_05,PRJ_Exec_09,Standard Billable,Active,PM_127,Project_Manager_127,ASDM_76,Account_Service_Delivery_Manager_75,Yet to be confirmed,01-03-2026,31-03-2026,Vertical_05,Unit_01,Commercial_Model_02
PID_799,PRJ_799,CUST_189,PRJ_Vert_03,PRJ_Exec_03,Standard Billable,Active,PM_403,Project_Manager_403,ASDM_46,Account_Service_Delivery_Manager_46,Confirmed,01-03-2026,31-03-2026,Vertical_03,Unit_01,Commercial_Model_04
PID_800,PRJ_800,CUST_80,PRJ_Vert_02,PRJ_Exec_06,Standard Billable,Active,PM_96,Project_Manager_96,ASDM_06,Account_Service_Delivery_Manager_06,Yet to be confirmed,01-03-2026,31-03-2026,Vertical_02,Unit_01,Commercial_Model_02
PID_801,PRJ_801,CUST_07,PRJ_Vert_03,PRJ_Exec_03,Standard Billable,Active,PM_07,Project_Manager_07,ASDM_07,Account_Service_Delivery_Manager_07,Confirmed,01-03-2026,31-03-2026,Vertical_03,Unit_01,Commercial_Model_04
PID_1616,PRJ_1616,CUST_97,PRJ_Vert_03,PRJ_Exec_03,Standard Billable,Active,PM_116,Project_Manager_116,ASDM_43,Account_Service_Delivery_Manager_43,Confirmed,01-03-2026,31-03-2026,Vertical_03,Unit_01,Commercial_Model_01
PID_803,PRJ_803,CUST_89,PRJ_Vert_03,PRJ_Exec_05,Standard Billable,Active,PM_223,Project_Manager_223,ASDM_70,Account_Service_Delivery_Manager_69,Confirmed,01-03-2026,31-03-2026,Vertical_03,Unit_01,Commercial_Model_01
PID_804,PRJ_804,CUST_287,PRJ_Vert_02,PRJ_Exec_19,Standard Billable,Active,PM_179,Project_Manager_179,ASDM_85,Account_Service_Delivery_Manager_84,Yet to be confirmed,01-03-2026,31-03-2026,Vertical_02,Unit_01,Commercial_Model_04
PID_806,PRJ_806,CUST_137,PRJ_Vert_05,PRJ_Exec_16,Standard Billable,Active,PM_406,Project_Manager_406,ASDM_89,Account_Service_Delivery_Manager_88,Confirmed,01-03-2026,31-03-2026,Vertical_05,Unit_01,Commercial_Model_04
PID_343,PRJ_343,CUST_181,PRJ_Vert_05,PRJ_Exec_09,Standard Billable,Active,PM_230,Project_Manager_230,ASDM_76,Account_Service_Delivery_Manager_75,Yet to be confirmed,01-03-2026,31-03-2026,Vertical_05,Unit_01,Commercial_Model_04
PID_795,PRJ_795,CUST_189,PRJ_Vert_03,PRJ_Exec_03,Standard Billable,Active,PM_401,Project_Manager_401,ASDM_46,Account_Service_Delivery_Manager_46,Confirmed,01-03-2026,31-03-2026,Vertical_03,Unit_01,Commercial_Model_04
PID_805,PRJ_805,CUST_14,PRJ_Vert_06,PRJ_Exec_12,Standard Billable,Active,PM_405,Project_Manager_405,ASDM_14,Account_Service_Delivery_Manager_14,Confirmed,01-03-2026,31-03-2026,Vertical_06,Unit_01,Commercial_Model_03
PID_807,PRJ_807,CUST_89,PRJ_Vert_03,PRJ_Exec_05,Standard Billable,Active,PM_223,Project_Manager_223,ASDM_70,Account_Service_Delivery_Manager_69,Confirmed,01-03-2026,31-03-2026,Vertical_03,Unit_01,Commercial_Model_01
PID_808,PRJ_808,CUST_120,PRJ_Vert_02,PRJ_Exec_23,Standard Billable,Active,PM_362,Project_Manager_362,ASDM_60,Account_Service_Delivery_Manager_59,Yet to be confirmed,01-03-2026,31-03-2026,Vertical_02,Unit_01,Commercial_Model_01
PID_809,PRJ_809,CUST_288,PRJ_Vert_05,PRJ_Exec_09,Standard Billable,Active,PM_124,Project_Manager_124,ASDM_11,Account_Service_Delivery_Manager_11,Yet to be confirmed,01-03-2026,31-03-2026,Vertical_05,Unit_01,Commercial_Model_02
PID_810,PRJ_810,CUST_81,PRJ_Vert_05,PRJ_Exec_16,Standard Billable,Active,PM_407,Project_Manager_407,ASDM_33,Account_Service_Delivery_Manager_33,Confirmed,01-03-2026,31-03-2026,Vertical_05,Unit_01,Commercial_Model_04
PID_811,PRJ_811,CUST_289,PRJ_Vert_03,PRJ_Exec_03,Standard Billable,Active,PM_408,Project_Manager_408,ASDM_46,Account_Service_Delivery_Manager_46,Yet to be confirmed,01-03-2026,31-03-2026,Vertical_03,Unit_01,Commercial_Model_04
PID_812,PRJ_812,CUST_290,PRJ_Vert_07,PRJ_Exec_39,Standard Billable,Active,PM_143,Project_Manager_143,ASDM_72,Account_Service_Delivery_Manager_71,Confirmed,01-03-2026,31-03-2026,Vertical_07,Unit_01,Commercial_Model_02
PID_813,PRJ_813,CUST_120,PRJ_Vert_02,PRJ_Exec_23,Standard Billable,Active,PM_121,Project_Manager_121,ASDM_60,Account_Service_Delivery_Manager_59,Yet to be confirmed,01-03-2026,31-03-2026,Vertical_02,Unit_01,Commercial_Model_01
PID_814,PRJ_814,CUST_03,PRJ_Vert_03,PRJ_Exec_03,Standard Billable,Active,PM_03,Project_Manager_03,ASDM_03,Account_Service_Delivery_Manager_03,Confirmed,01-03-2026,31-03-2026,Vertical_03,Unit_01,Commercial_Model_02
PID_815,PRJ_815,CUST_291,PRJ_Vert_02,PRJ_Exec_15,Standard Billable,Active,PM_196,Project_Manager_196,ASDM_84,Account_Service_Delivery_Manager_83,Confirmed,01-03-2026,31-03-2026,Vertical_02,Unit_01,Commercial_Model_02
PID_816,PRJ_816,CUST_89,PRJ_Vert_03,PRJ_Exec_05,Standard Billable,Active,PM_223,Project_Manager_223,ASDM_70,Account_Service_Delivery_Manager_69,Confirmed,01-03-2026,31-03-2026,Vertical_03,Unit_01,Commercial_Model_04
PID_818,PRJ_818,CUST_118,PRJ_Vert_07,PRJ_Exec_39,Standard Billable,Active,PM_143,Project_Manager_143,ASDM_72,Account_Service_Delivery_Manager_71,Confirmed,01-03-2026,31-03-2026,Vertical_07,Unit_01,Commercial_Model_04
PID_819,PRJ_819,CUST_41,PRJ_Vert_02,PRJ_Exec_02,Standard Billable,Active,PM_410,Project_Manager_410,ASDM_02,Account_Service_Delivery_Manager_02,Yet to be confirmed,01-03-2026,31-03-2026,Vertical_02,Unit_01,Commercial_Model_01
PID_820,PRJ_820,CUST_13,PRJ_Vert_06,PRJ_Exec_25,Standard Billable,Active,PM_43,Project_Manager_43,ASDM_36,Account_Service_Delivery_Manager_36,Yet to be confirmed,01-03-2026,31-03-2026,Vertical_06,Unit_01,Commercial_Model_01
PID_821,PRJ_821,CUST_189,PRJ_Vert_03,PRJ_Exec_03,Standard Billable,Active,PM_411,Project_Manager_411,ASDM_46,Account_Service_Delivery_Manager_46,Confirmed,01-03-2026,31-03-2026,Vertical_03,Unit_01,Commercial_Model_04
PID_822,PRJ_822,CUST_103,PRJ_Vert_02,PRJ_Exec_02,Standard Billable,Active,PM_412,Project_Manager_412,ASDM_02,Account_Service_Delivery_Manager_02,Confirmed,01-03-2026,31-03-2026,Vertical_02,Unit_01,Commercial_Model_01
PID_824,PRJ_824,CUST_32,PRJ_Vert_05,PRJ_Exec_09,Standard Billable,Active,PM_414,Project_Manager_414,ASDM_33,Account_Service_Delivery_Manager_33,Confirmed,01-03-2026,31-03-2026,Vertical_05,Unit_01,Commercial_Model_04
PID_826,PRJ_826,CUST_194,PRJ_Vert_02,PRJ_Exec_15,Standard Billable,Active,PM_250,Project_Manager_250,ASDM_77,Account_Service_Delivery_Manager_76,Confirmed,01-03-2026,31-03-2026,Vertical_02,Unit_01,Commercial_Model_02
PID_827,PRJ_827,CUST_179,PRJ_Vert_02,PRJ_Exec_23,Standard Billable,Active,PM_415,Project_Manager_415,ASDM_102,Account_Service_Delivery_Manager_101,Yet to be confirmed,01-03-2026,31-03-2026,Vertical_02,Unit_01,Commercial_Model_04
PID_566,PRJ_566,CUST_208,PRJ_Vert_07,PRJ_Exec_12,Standard Billable,Active,PM_143,Project_Manager_143,ASDM_72,Account_Service_Delivery_Manager_71,Confirmed,01-03-2026,31-03-2026,Vertical_06,Unit_01,Commercial_Model_04
PID_828,PRJ_828,CUST_292,PRJ_Vert_04,PRJ_Exec_13,Standard Billable,Active,PM_117,Project_Manager_117,ASDM_23,Account_Service_Delivery_Manager_23,Yet to be confirmed,01-03-2026,31-03-2026,Vertical_04,Unit_02,Commercial_Model_03
PID_1098,PRJ_1098,CUST_229,PRJ_Vert_04,PRJ_Exec_34,Standard Billable,Active,PM_493,Project_Manager_493,ASDM_120,Account_Service_Delivery_Manager_119,Confirmed,01-03-2026,31-03-2026,Vertical_04,Unit_01,Commercial_Model_02
PID_829,PRJ_829,CUST_161,PRJ_Vert_05,PRJ_Exec_09,Standard Billable,Active,PM_416,Project_Manager_416,ASDM_99,Account_Service_Delivery_Manager_98,Confirmed,01-03-2026,31-03-2026,Vertical_05,Unit_01,Commercial_Model_04
PID_830,PRJ_830,CUST_41,PRJ_Vert_02,PRJ_Exec_02,Standard Billable,Active,PM_417,Project_Manager_417,ASDM_02,Account_Service_Delivery_Manager_02,Confirmed,01-03-2026,31-03-2026,Vertical_02,Unit_01,Commercial_Model_01
PID_831,PRJ_831,CUST_249,PRJ_Vert_06,PRJ_Exec_32,Standard Billable,Active,PM_418,Project_Manager_418,ASDM_49,Account_Service_Delivery_Manager_49,Confirmed,01-03-2026,31-03-2026,Vertical_06,Unit_01,Commercial_Model_04
PID_832,PRJ_832,CUST_52,PRJ_Vert_02,PRJ_Exec_15,Standard Billable,Active,PM_419,Project_Manager_419,ASDM_121,Account_Service_Delivery_Manager_120,Confirmed,01-03-2026,31-03-2026,Vertical_02,Unit_01,Commercial_Model_02
PID_833,PRJ_833,CUST_89,PRJ_Vert_03,PRJ_Exec_51,Standard Billable,Active,PM_420,Project_Manager_420,ASDM_24,Account_Service_Delivery_Manager_24,Confirmed,01-03-2026,31-03-2026,Vertical_03,Unit_02,Commercial_Model_04
PID_834,PRJ_834,CUST_103,PRJ_Vert_02,PRJ_Exec_02,Standard Billable,Active,PM_126,Project_Manager_126,ASDM_02,Account_Service_Delivery_Manager_02,Yet to be confirmed,01-03-2026,31-03-2026,Vertical_02,Unit_01,Commercial_Model_02
PID_835,PRJ_835,CUST_04,PRJ_Vert_04,PRJ_Exec_04,Standard Billable,Active,PM_04,Project_Manager_04,ASDM_04,Account_Service_Delivery_Manager_04,Confirmed,01-03-2026,31-03-2026,Vertical_04,Unit_01,Commercial_Model_04
PID_283,PRJ_283,CUST_40,PRJ_Vert_01,PRJ_Exec_16,Standard Billable,Active,PM_197,Project_Manager_197,ASDM_96,Account_Service_Delivery_Manager_95,Confirmed,01-03-2026,31-03-2026,Vertical_01,Unit_02,Commercial_Model_01
PID_1859,PRJ_1859,CUST_97,PRJ_Vert_03,PRJ_Exec_03,Standard Billable,Active,PM_116,Project_Manager_116,ASDM_43,Account_Service_Delivery_Manager_43,Confirmed,01-03-2026,31-03-2026,Vertical_03,Unit_01,Commercial_Model_01
PID_837,PRJ_837,CUST_293,PRJ_Vert_04,PRJ_Exec_40,Standard Billable,Active,PM_421,Project_Manager_421,ASDM_106,Account_Service_Delivery_Manager_105,Confirmed,01-03-2026,31-03-2026,Vertical_04,Unit_01,Commercial_Model_01
PID_839,PRJ_839,CUST_195,PRJ_Vert_05,PRJ_Exec_09,Standard Billable,Active,PM_252,Project_Manager_252,ASDM_76,Account_Service_Delivery_Manager_75,Yet to be confirmed,01-03-2026,31-03-2026,Vertical_05,Unit_01,Commercial_Model_04
PID_840,PRJ_840,CUST_180,PRJ_Vert_02,PRJ_Exec_06,Standard Billable,Active,PM_229,Project_Manager_229,ASDM_103,Account_Service_Delivery_Manager_102,Yet to be confirmed,01-03-2026,31-03-2026,Vertical_02,Unit_01,Commercial_Model_02
PID_606,PRJ_606,CUST_244,PRJ_Vert_05,PRJ_Exec_37,Standard Billable,Active,PM_346,Project_Manager_346,ASDM_75,Account_Service_Delivery_Manager_74,Confirmed,01-03-2026,31-03-2026,Vertical_05,Unit_01,Commercial_Model_01
PID_841,PRJ_841,CUST_01,PRJ_Vert_01,PRJ_Exec_26,Standard Billable,Active,PM_422,Project_Manager_422,ASDM_100,Account_Service_Delivery_Manager_99,Confirmed,01-03-2026,31-03-2026,Vertical_01,Unit_02,Commercial_Model_01
PID_842,PRJ_842,CUST_111,PRJ_Vert_04,PRJ_Exec_04,Standard Billable,Active,PM_136,Project_Manager_136,ASDM_78,Account_Service_Delivery_Manager_77,Confirmed,01-03-2026,31-03-2026,Vertical_04,Unit_01,Commercial_Model_02
PID_760,PRJ_760,CUST_123,PRJ_Vert_04,PRJ_Exec_05,Standard Billable,Active,PM_147,Project_Manager_147,ASDM_82,Account_Service_Delivery_Manager_81,Yet to be confirmed,01-03-2026,31-03-2026,Vertical_04,Unit_01,Commercial_Model_01
PID_846,PRJ_846,CUST_247,PRJ_Vert_01,PRJ_Exec_27,Standard Billable,Active,PM_350,Project_Manager_350,ASDM_52,Account_Service_Delivery_Manager_52,Confirmed,01-03-2026,31-03-2026,Vertical_01,Unit_01,Commercial_Model_01
PID_848,PRJ_848,CUST_146,PRJ_Vert_03,PRJ_Exec_03,Standard Billable,Active,PM_62,Project_Manager_62,ASDM_07,Account_Service_Delivery_Manager_07,Confirmed,01-03-2026,31-03-2026,Vertical_03,Unit_01,Commercial_Model_04
PID_849,PRJ_849,CUST_67,PRJ_Vert_02,PRJ_Exec_23,Standard Billable,Active,PM_253,Project_Manager_253,ASDM_59,Account_Service_Delivery_Manager_58,Confirmed,01-03-2026,31-03-2026,Vertical_02,Unit_01,Commercial_Model_04
PID_851,PRJ_851,CUST_20,PRJ_Vert_03,PRJ_Exec_03,Standard Billable,Active,PM_28,Project_Manager_28,ASDM_20,Account_Service_Delivery_Manager_20,Confirmed,01-03-2026,31-03-2026,Vertical_03,Unit_01,Commercial_Model_04
PID_852,PRJ_852,CUST_196,PRJ_Vert_01,PRJ_Exec_24,Standard Billable,Active,PM_254,Project_Manager_254,ASDM_81,Account_Service_Delivery_Manager_80,Confirmed,01-03-2026,31-03-2026,Vertical_01,Unit_01,Commercial_Model_02
PID_853,PRJ_853,CUST_95,PRJ_Vert_01,PRJ_Exec_47,Standard Billable,Active,PM_113,Project_Manager_113,ASDM_74,Account_Service_Delivery_Manager_73,Confirmed,01-03-2026,31-03-2026,Vertical_01,Unit_01,Commercial_Model_01
PID_854,PRJ_854,CUST_05,PRJ_Vert_01,PRJ_Exec_20,Standard Billable,Active,PM_269,Project_Manager_269,ASDM_05,Account_Service_Delivery_Manager_05,Confirmed,01-03-2026,31-03-2026,Vertical_01,Unit_01,Commercial_Model_04
PID_855,PRJ_855,CUST_13,PRJ_Vert_06,PRJ_Exec_18,Standard Billable,Active,PM_74,Project_Manager_74,ASDM_29,Account_Service_Delivery_Manager_29,Confirmed,01-03-2026,31-03-2026,Vertical_06,Unit_01,Commercial_Model_04
PID_521,PRJ_521,CUST_05,PRJ_Vert_01,PRJ_Exec_20,Standard Billable,Active,PM_306,Project_Manager_306,ASDM_05,Account_Service_Delivery_Manager_05,Confirmed,01-03-2026,31-03-2026,Vertical_01,Unit_01,Commercial_Model_02
PID_856,PRJ_856,CUST_212,PRJ_Vert_02,PRJ_Exec_46,Standard Billable,Active,PM_285,Project_Manager_285,ASDM_110,Account_Service_Delivery_Manager_109,Yet to be confirmed,01-03-2026,31-03-2026,Vertical_02,Unit_01,Commercial_Model_02
PID_858,PRJ_858,CUST_134,PRJ_Vert_03,PRJ_Exec_03,Standard Billable,Active,PM_160,Project_Manager_160,ASDM_88,Account_Service_Delivery_Manager_87,Confirmed,01-03-2026,31-03-2026,Vertical_03,Unit_01,Commercial_Model_01
PID_1396,PRJ_1396,CUST_91,PRJ_Vert_02,PRJ_Exec_19,Standard Billable,Active,PM_71,Project_Manager_71,ASDM_58,Account_Service_Delivery_Manager_50,Confirmed,01-03-2026,31-03-2026,Vertical_02,Unit_01,Commercial_Model_01
PID_104,PRJ_104,CUST_74,PRJ_Vert_04,PRJ_Exec_34,Standard Billable,Active,PM_723,Project_Manager_721,ASDM_09,Account_Service_Delivery_Manager_09,Confirmed,01-03-2026,31-03-2026,Vertical_04,Unit_01,Commercial_Model_04
PID_859,PRJ_859,CUST_157,PRJ_Vert_05,PRJ_Exec_27,Standard Billable,Active,PM_200,Project_Manager_200,ASDM_97,Account_Service_Delivery_Manager_96,Confirmed,01-03-2026,31-03-2026,Vertical_05,Unit_01,Commercial_Model_04
PID_861,PRJ_861,CUST_223,PRJ_Vert_02,PRJ_Exec_19,Standard Billable,Active,PM_308,Project_Manager_308,ASDM_116,Account_Service_Delivery_Manager_115,Confirmed,01-03-2026,31-03-2026,Vertical_02,Unit_01,Commercial_Model_04
PID_863,PRJ_863,CUST_296,PRJ_Vert_02,PRJ_Exec_19,Standard Billable,Active,PM_425,Project_Manager_425,ASDM_30,Account_Service_Delivery_Manager_30,Yet to be confirmed,01-03-2026,31-03-2026,Vertical_02,Unit_01,Commercial_Model_04
PID_864,PRJ_864,CUST_73,PRJ_Vert_02,PRJ_Exec_15,Standard Billable,Active,PM_87,Project_Manager_87,ASDM_26,Account_Service_Delivery_Manager_26,Confirmed,01-03-2026,31-03-2026,Vertical_02,Unit_01,Commercial_Model_01
PID_865,PRJ_865,CUST_27,PRJ_Vert_03,PRJ_Exec_03,Standard Billable,Active,PM_426,Project_Manager_426,ASDM_27,Account_Service_Delivery_Manager_27,Yet to be confirmed,01-03-2026,31-03-2026,Vertical_03,Unit_01,Commercial_Model_04
PID_866,PRJ_866,CUST_297,PRJ_Vert_02,PRJ_Exec_06,Standard Billable,Active,PM_427,Project_Manager_427,ASDM_128,Account_Service_Delivery_Manager_127,Yet to be confirmed,01-03-2026,31-03-2026,Vertical_02,Unit_01,Commercial_Model_04
PID_867,PRJ_867,CUST_64,PRJ_Vert_01,PRJ_Exec_01,Standard Billable,Active,PM_428,Project_Manager_428,ASDM_55,Account_Service_Delivery_Manager_55,Confirmed,01-03-2026,31-03-2026,Vertical_01,Unit_01,Commercial_Model_04
PID_868,PRJ_868,CUST_298,PRJ_Vert_01,PRJ_Exec_39,Standard Billable,Active,PM_143,Project_Manager_143,ASDM_72,Account_Service_Delivery_Manager_71,Confirmed,01-03-2026,31-03-2026,Vertical_07,Unit_01,Commercial_Model_04
PID_869,PRJ_869,CUST_03,PRJ_Vert_03,PRJ_Exec_03,Standard Billable,Active,PM_03,Project_Manager_03,ASDM_03,Account_Service_Delivery_Manager_03,Confirmed,01-03-2026,31-03-2026,Vertical_03,Unit_01,Commercial_Model_01
PID_1416,PRJ_1416,CUST_44,PRJ_Vert_03,PRJ_Exec_03,Standard Billable,Active,PM_319,Project_Manager_319,ASDM_43,Account_Service_Delivery_Manager_43,Confirmed,01-03-2026,31-03-2026,Vertical_03,Unit_01,Commercial_Model_04
PID_872,PRJ_872,CUST_75,PRJ_Vert_01,PRJ_Exec_24,Standard Billable,Active,PM_91,Project_Manager_91,ASDM_62,Account_Service_Delivery_Manager_61,Confirmed,01-03-2026,31-03-2026,Vertical_01,Unit_01,Commercial_Model_01
PID_873,PRJ_873,CUST_300,PRJ_Vert_05,PRJ_Exec_16,Standard Billable,Active,PM_236,Project_Manager_236,ASDM_97,Account_Service_Delivery_Manager_96,Confirmed,01-03-2026,31-03-2026,Vertical_05,Unit_01,Commercial_Model_04
PID_874,PRJ_874,CUST_113,PRJ_Vert_01,PRJ_Exec_01,Standard Billable,Active,PM_138,Project_Manager_138,ASDM_79,Account_Service_Delivery_Manager_78,Confirmed,01-03-2026,31-03-2026,Vertical_01,Unit_01,Commercial_Model_04
PID_875,PRJ_875,CUST_113,PRJ_Vert_01,PRJ_Exec_01,Standard Billable,Active,PM_86,Project_Manager_86,ASDM_79,Account_Service_Delivery_Manager_78,Confirmed,01-03-2026,31-03-2026,Vertical_01,Unit_01,Commercial_Model_04
PID_352,PRJ_352,CUST_185,PRJ_Vert_05,PRJ_Exec_16,Standard Billable,Active,PM_236,Project_Manager_236,ASDM_97,Account_Service_Delivery_Manager_96,Confirmed,01-03-2026,31-03-2026,Vertical_05,Unit_01,Commercial_Model_04
PID_876,PRJ_876,CUST_33,PRJ_Vert_02,PRJ_Exec_23,Standard Billable,Active,PM_292,Project_Manager_292,ASDM_34,Account_Service_Delivery_Manager_34,Yet to be confirmed,01-03-2026,31-03-2026,Vertical_02,Unit_01,Commercial_Model_01
PID_877,PRJ_877,CUST_275,PRJ_Vert_05,PRJ_Exec_30,Standard Billable,Active,PM_63,Project_Manager_63,ASDM_51,Account_Service_Delivery_Manager_51,Confirmed,01-03-2026,31-03-2026,Vertical_05,Unit_02,Commercial_Model_02
PID_878,PRJ_878,CUST_12,PRJ_Vert_03,PRJ_Exec_10,Standard Billable,Active,PM_12,Project_Manager_12,ASDM_12,Account_Service_Delivery_Manager_12,Yet to be confirmed,01-03-2026,31-03-2026,Vertical_03,Unit_02,Commercial_Model_02
PID_879,PRJ_879,CUST_44,PRJ_Vert_03,PRJ_Exec_03,Standard Billable,Active,PM_60,Project_Manager_60,ASDM_43,Account_Service_Delivery_Manager_43,Confirmed,01-03-2026,31-03-2026,Vertical_03,Unit_01,Commercial_Model_04
PID_1423,PRJ_1423,CUST_44,PRJ_Vert_03,PRJ_Exec_03,Standard Billable,Active,PM_588,Project_Manager_588,ASDM_43,Account_Service_Delivery_Manager_43,Confirmed,01-03-2026,31-03-2026,Vertical_03,Unit_01,Commercial_Model_04
PID_880,PRJ_880,CUST_132,PRJ_Vert_01,PRJ_Exec_24,Standard Billable,Active,PM_158,Project_Manager_158,ASDM_87,Account_Service_Delivery_Manager_86,Confirmed,01-03-2026,31-03-2026,Vertical_01,Unit_01,Commercial_Model_04
PID_881,PRJ_881,CUST_72,PRJ_Vert_01,PRJ_Exec_01,Standard Billable,Active,PM_86,Project_Manager_86,ASDM_55,Account_Service_Delivery_Manager_55,Confirmed,01-03-2026,31-03-2026,Vertical_01,Unit_01,Commercial_Model_01
PID_882,PRJ_882,CUST_125,PRJ_Vert_04,PRJ_Exec_31,Standard Billable,Active,PM_136,Project_Manager_136,ASDM_78,Account_Service_Delivery_Manager_77,Confirmed,01-03-2026,31-03-2026,Vertical_04,Unit_01,Commercial_Model_02
PID_883,PRJ_883,CUST_202,PRJ_Vert_05,PRJ_Exec_09,Standard Billable,Active,PM_271,Project_Manager_271,ASDM_76,Account_Service_Delivery_Manager_75,Yet to be confirmed,01-03-2026,31-03-2026,Vertical_05,Unit_01,Commercial_Model_04
PID_119,PRJ_119,CUST_86,PRJ_Vert_04,PRJ_Exec_08,Standard Billable,Active,PM_101,Project_Manager_101,ASDM_09,Account_Service_Delivery_Manager_09,Confirmed,01-03-2026,31-03-2026,Vertical_04,Unit_01,Commercial_Model_04
PID_884,PRJ_884,CUST_58,PRJ_Vert_01,PRJ_Exec_05,Standard Billable,Active,PM_65,Project_Manager_65,ASDM_53,Account_Service_Delivery_Manager_53,Yet to be confirmed,01-03-2026,31-03-2026,Vertical_01,Unit_01,Commercial_Model_01
PID_1898,PRJ_1898,CUST_79,PRJ_Vert_03,PRJ_Exec_37,Standard Billable,Active,PM_703,Project_Manager_701,ASDM_46,Account_Service_Delivery_Manager_46,Confirmed,01-03-2026,31-03-2026,Vertical_03,Unit_01,Commercial_Model_02
PID_806,PRJ_806,CUST_137,PRJ_Vert_09,PRJ_Exec_16,Standard Billable,Active,PM_406,Project_Manager_406,ASDM_89,Account_Service_Delivery_Manager_88,Confirmed,01-03-2026,31-03-2026,Vertical_05,Unit_01,Commercial_Model_04
PID_885,PRJ_885,CUST_32,PRJ_Vert_05,PRJ_Exec_09,Standard Billable,Active,PM_429,Project_Manager_429,ASDM_33,Account_Service_Delivery_Manager_33,Confirmed,01-03-2026,31-03-2026,Vertical_05,Unit_01,Commercial_Model_04
PID_886,PRJ_886,CUST_12,PRJ_Vert_03,PRJ_Exec_10,Standard Billable,Active,PM_12,Project_Manager_12,ASDM_12,Account_Service_Delivery_Manager_12,Yet to be confirmed,01-03-2026,31-03-2026,Vertical_03,Unit_02,Commercial_Model_02
PID_887,PRJ_887,CUST_13,PRJ_Vert_06,PRJ_Exec_28,Standard Billable,Active,PM_57,Project_Manager_57,ASDM_48,Account_Service_Delivery_Manager_48,Confirmed,01-03-2026,31-03-2026,Vertical_06,Unit_01,Commercial_Model_04
PID_1441,PRJ_1441,CUST_05,PRJ_Vert_01,PRJ_Exec_17,Standard Billable,Active,PM_151,Project_Manager_151,ASDM_05,Account_Service_Delivery_Manager_05,Confirmed,01-03-2026,31-03-2026,Vertical_01,Unit_02,Commercial_Model_02
PID_1442,PRJ_1442,CUST_309,PRJ_Vert_03,PRJ_Exec_03,Standard Billable,Active,PM_445,Project_Manager_445,ASDM_46,Account_Service_Delivery_Manager_46,Confirmed,01-03-2026,31-03-2026,Vertical_03,Unit_01,Commercial_Model_04
PID_888,PRJ_888,CUST_235,PRJ_Vert_01,PRJ_Exec_45,Standard Billable,Active,PM_331,Project_Manager_331,ASDM_39,Account_Service_Delivery_Manager_39,Yet to be confirmed,01-03-2026,31-03-2026,Vertical_01,Unit_01,Commercial_Model_04
PID_1173,PRJ_1173,CUST_256,PRJ_Vert_03,PRJ_Exec_03,Standard Billable,Active,PM_514,Project_Manager_514,ASDM_46,Account_Service_Delivery_Manager_46,Confirmed,01-03-2026,31-03-2026,Vertical_03,Unit_01,Commercial_Model_02
PID_889,PRJ_889,CUST_266,PRJ_Vert_01,PRJ_Exec_26,Standard Billable,Active,PM_430,Project_Manager_430,ASDM_100,Account_Service_Delivery_Manager_99,Confirmed,01-03-2026,31-03-2026,Vertical_01,Unit_02,Commercial_Model_02
PID_890,PRJ_890,CUST_44,PRJ_Vert_03,PRJ_Exec_03,Standard Billable,Active,PM_431,Project_Manager_431,ASDM_43,Account_Service_Delivery_Manager_43,Yet to be confirmed,01-03-2026,31-03-2026,Vertical_03,Unit_01,Commercial_Model_04
PID_892,PRJ_892,CUST_104,PRJ_Vert_05,PRJ_Exec_09,Standard Billable,Active,PM_127,Project_Manager_127,ASDM_76,Account_Service_Delivery_Manager_75,Yet to be confirmed,01-03-2026,31-03-2026,Vertical_05,Unit_01,Commercial_Model_04
PID_893,PRJ_893,CUST_104,PRJ_Vert_05,PRJ_Exec_09,Standard Billable,Active,PM_127,Project_Manager_127,ASDM_76,Account_Service_Delivery_Manager_75,Yet to be confirmed,01-03-2026,31-03-2026,Vertical_05,Unit_01,Commercial_Model_04
PID_894,PRJ_894,CUST_14,PRJ_Vert_06,PRJ_Exec_05,Standard Billable,Active,PM_433,Project_Manager_433,ASDM_14,Account_Service_Delivery_Manager_14,Confirmed,01-03-2026,31-03-2026,Vertical_06,Unit_01,Commercial_Model_01
PID_895,PRJ_895,CUST_133,PRJ_Vert_05,PRJ_Exec_05,Standard Billable,Active,PM_434,Project_Manager_434,ASDM_76,Account_Service_Delivery_Manager_75,Yet to be confirmed,01-03-2026,31-03-2026,Vertical_05,Unit_01,Commercial_Model_02
PID_896,PRJ_896,CUST_13,PRJ_Vert_06,PRJ_Exec_28,Standard Billable,Active,PM_328,Project_Manager_328,ASDM_48,Account_Service_Delivery_Manager_48,Confirmed,01-03-2026,31-03-2026,Vertical_06,Unit_01,Commercial_Model_04
PID_897,PRJ_897,CUST_202,PRJ_Vert_05,PRJ_Exec_09,Standard Billable,Active,PM_275,Project_Manager_275,ASDM_76,Account_Service_Delivery_Manager_75,Confirmed,01-03-2026,31-03-2026,Vertical_05,Unit_01,Commercial_Model_04
PID_898,PRJ_898,CUST_67,PRJ_Vert_02,PRJ_Exec_23,Standard Billable,Active,PM_253,Project_Manager_253,ASDM_59,Account_Service_Delivery_Manager_58,Confirmed,01-03-2026,31-03-2026,Vertical_02,Unit_01,Commercial_Model_01
PID_899,PRJ_899,CUST_42,PRJ_Vert_05,PRJ_Exec_26,Standard Billable,Active,PM_435,Project_Manager_435,ASDM_42,Account_Service_Delivery_Manager_42,Confirmed,01-03-2026,31-03-2026,Vertical_05,Unit_02,Commercial_Model_05
PID_900,PRJ_900,CUST_41,PRJ_Vert_02,PRJ_Exec_02,Standard Billable,Active,PM_436,Project_Manager_436,ASDM_02,Account_Service_Delivery_Manager_02,Confirmed,01-03-2026,31-03-2026,Vertical_02,Unit_01,Commercial_Model_01
PID_901,PRJ_901,CUST_120,PRJ_Vert_02,PRJ_Exec_23,Standard Billable,Active,PM_121,Project_Manager_121,ASDM_60,Account_Service_Delivery_Manager_59,Yet to be confirmed,01-03-2026,31-03-2026,Vertical_02,Unit_01,Commercial_Model_04
PID_902,PRJ_902,CUST_145,PRJ_Vert_02,PRJ_Exec_19,Standard Billable,Active,PM_179,Project_Manager_179,ASDM_85,Account_Service_Delivery_Manager_84,Yet to be confirmed,01-03-2026,31-03-2026,Vertical_02,Unit_01,Commercial_Model_01
PID_903,PRJ_903,CUST_189,PRJ_Vert_03,PRJ_Exec_10,Standard Billable,Active,PM_386,Project_Manager_386,ASDM_113,Account_Service_Delivery_Manager_112,Yet to be confirmed,01-03-2026,31-03-2026,Vertical_03,Unit_02,Commercial_Model_02
PID_1191,PRJ_1191,CUST_05,PRJ_Vert_01,PRJ_Exec_20,Standard Billable,Active,PM_05,Project_Manager_05,ASDM_05,Account_Service_Delivery_Manager_05,Confirmed,01-03-2026,31-03-2026,Vertical_01,Unit_01,Commercial_Model_04
PID_905,PRJ_905,CUST_113,PRJ_Vert_01,PRJ_Exec_01,Standard Billable,Active,PM_138,Project_Manager_138,ASDM_79,Account_Service_Delivery_Manager_78,Confirmed,01-03-2026,31-03-2026,Vertical_01,Unit_01,Commercial_Model_04
PID_907,PRJ_907,CUST_32,PRJ_Vert_05,PRJ_Exec_09,Standard Billable,Active,PM_437,Project_Manager_437,ASDM_33,Account_Service_Delivery_Manager_33,Confirmed,01-03-2026,31-03-2026,Vertical_05,Unit_01,Commercial_Model_04
PID_908,PRJ_908,CUST_115,PRJ_Vert_01,PRJ_Exec_33,Standard Billable,Active,PM_141,Project_Manager_141,ASDM_62,Account_Service_Delivery_Manager_61,Confirmed,01-03-2026,31-03-2026,Vertical_01,Unit_01,Commercial_Model_02
PID_909,PRJ_909,CUST_13,PRJ_Vert_06,PRJ_Exec_18,Standard Billable,Active,PM_74,Project_Manager_74,ASDM_29,Account_Service_Delivery_Manager_29,Confirmed,01-03-2026,31-03-2026,Vertical_06,Unit_01,Commercial_Model_04
PID_911,PRJ_911,CUST_32,PRJ_Vert_05,PRJ_Exec_09,Standard Billable,Active,PM_438,Project_Manager_438,ASDM_33,Account_Service_Delivery_Manager_33,Confirmed,01-03-2026,31-03-2026,Vertical_05,Unit_01,Commercial_Model_04
PID_913,PRJ_913,CUST_177,PRJ_Vert_02,PRJ_Exec_02,Standard Billable,Active,PM_07,Project_Manager_07,ASDM_44,Account_Service_Delivery_Manager_44,Confirmed,01-03-2026,31-03-2026,Vertical_02,Unit_01,Commercial_Model_04
PID_914,PRJ_914,CUST_100,PRJ_Vert_06,PRJ_Exec_12,Standard Billable,Active,PM_119,Project_Manager_119,ASDM_14,Account_Service_Delivery_Manager_14,Confirmed,01-03-2026,31-03-2026,Vertical_06,Unit_01,Commercial_Model_04
PID_915,PRJ_915,CUST_80,PRJ_Vert_02,PRJ_Exec_06,Standard Billable,Active,PM_96,Project_Manager_96,ASDM_06,Account_Service_Delivery_Manager_06,Yet to be confirmed,01-03-2026,31-03-2026,Vertical_02,Unit_01,Commercial_Model_04
PID_916,PRJ_916,CUST_67,PRJ_Vert_02,PRJ_Exec_23,Standard Billable,Active,PM_78,Project_Manager_78,ASDM_59,Account_Service_Delivery_Manager_58,Confirmed,01-03-2026,31-03-2026,Vertical_02,Unit_01,Commercial_Model_02
PID_918,PRJ_918,CUST_27,PRJ_Vert_03,PRJ_Exec_03,Standard Billable,Active,PM_62,Project_Manager_62,ASDM_27,Account_Service_Delivery_Manager_27,Yet to be confirmed,01-03-2026,31-03-2026,Vertical_03,Unit_01,Commercial_Model_04
PID_919,PRJ_919,CUST_08,PRJ_Vert_02,PRJ_Exec_07,Standard Billable,Active,PM_133,Project_Manager_133,ASDM_08,Account_Service_Delivery_Manager_08,Confirmed,01-03-2026,31-03-2026,Vertical_02,Unit_02,Commercial_Model_03
PID_920,PRJ_920,CUST_301,PRJ_Vert_02,PRJ_Exec_19,Standard Billable,Active,PM_439,Project_Manager_439,ASDM_30,Account_Service_Delivery_Manager_30,Confirmed,01-03-2026,31-03-2026,Vertical_02,Unit_01,Commercial_Model_02
PID_921,PRJ_921,CUST_67,PRJ_Vert_02,PRJ_Exec_23,Standard Billable,Active,PM_253,Project_Manager_253,ASDM_59,Account_Service_Delivery_Manager_58,Confirmed,01-03-2026,31-03-2026,Vertical_02,Unit_01,Commercial_Model_01
PID_922,PRJ_922,CUST_302,PRJ_Vert_01,PRJ_Exec_01,Standard Billable,Active,PM_51,Project_Manager_51,ASDM_79,Account_Service_Delivery_Manager_78,Yet to be confirmed,01-03-2026,31-03-2026,Vertical_01,Unit_01,Commercial_Model_01
PID_923,PRJ_923,CUST_205,PRJ_Vert_01,PRJ_Exec_01,Standard Billable,Active,PM_01,Project_Manager_01,ASDM_01,Account_Service_Delivery_Manager_01,Confirmed,01-03-2026,31-03-2026,Vertical_01,Unit_01,Commercial_Model_04
PID_924,PRJ_924,CUST_261,PRJ_Vert_01,PRJ_Exec_01,Standard Billable,Active,PM_268,Project_Manager_268,ASDM_74,Account_Service_Delivery_Manager_73,Yet to be confirmed,01-03-2026,31-03-2026,Vertical_01,Unit_01,Commercial_Model_02
PID_925,PRJ_925,CUST_67,PRJ_Vert_02,PRJ_Exec_23,Standard Billable,Active,PM_253,Project_Manager_253,ASDM_59,Account_Service_Delivery_Manager_58,Confirmed,01-03-2026,31-03-2026,Vertical_02,Unit_01,Commercial_Model_04
PID_928,PRJ_928,CUST_32,PRJ_Vert_05,PRJ_Exec_09,Standard Billable,Active,PM_440,Project_Manager_440,ASDM_33,Account_Service_Delivery_Manager_33,Confirmed,01-03-2026,31-03-2026,Vertical_05,Unit_01,Commercial_Model_04
PID_929,PRJ_929,CUST_108,PRJ_Vert_02,PRJ_Exec_15,Standard Billable,Active,PM_155,Project_Manager_155,ASDM_21,Account_Service_Delivery_Manager_21,Yet to be confirmed,01-03-2026,31-03-2026,Vertical_02,Unit_01,Commercial_Model_01
PID_930,PRJ_930,CUST_12,PRJ_Vert_03,PRJ_Exec_10,Standard Billable,Active,PM_12,Project_Manager_12,ASDM_12,Account_Service_Delivery_Manager_12,Yet to be confirmed,01-03-2026,31-03-2026,Vertical_03,Unit_02,Commercial_Model_02
PID_931,PRJ_931,CUST_196,PRJ_Vert_01,PRJ_Exec_24,Standard Billable,Active,PM_254,Project_Manager_254,ASDM_81,Account_Service_Delivery_Manager_80,Confirmed,01-03-2026,31-03-2026,Vertical_01,Unit_01,Commercial_Model_02
PID_932,PRJ_932,CUST_286,PRJ_Vert_05,PRJ_Exec_09,Standard Billable,Active,PM_177,Project_Manager_177,ASDM_42,Account_Service_Delivery_Manager_42,Confirmed,01-03-2026,31-03-2026,Vertical_05,Unit_01,Commercial_Model_01
PID_933,PRJ_933,CUST_38,PRJ_Vert_03,PRJ_Exec_03,Standard Billable,Active,PM_42,Project_Manager_42,ASDM_40,Account_Service_Delivery_Manager_40,Confirmed,01-03-2026,31-03-2026,Vertical_03,Unit_01,Commercial_Model_01
PID_934,PRJ_934,CUST_12,PRJ_Vert_03,PRJ_Exec_03,Standard Billable,Active,PM_333,Project_Manager_333,ASDM_20,Account_Service_Delivery_Manager_20,Confirmed,01-03-2026,31-03-2026,Vertical_03,Unit_01,Commercial_Model_01
PID_935,PRJ_935,CUST_106,PRJ_Vert_06,PRJ_Exec_12,Standard Billable,Active,PM_129,Project_Manager_129,ASDM_14,Account_Service_Delivery_Manager_14,Confirmed,01-03-2026,31-03-2026,Vertical_06,Unit_01,Commercial_Model_02
PID_936,PRJ_936,CUST_32,PRJ_Vert_05,PRJ_Exec_09,Standard Billable,Active,PM_441,Project_Manager_441,ASDM_33,Account_Service_Delivery_Manager_33,Confirmed,01-03-2026,31-03-2026,Vertical_05,Unit_01,Commercial_Model_04
PID_937,PRJ_937,CUST_89,PRJ_Vert_03,PRJ_Exec_51,Standard Billable,Active,PM_420,Project_Manager_420,ASDM_24,Account_Service_Delivery_Manager_24,Confirmed,01-03-2026,31-03-2026,Vertical_03,Unit_02,Commercial_Model_04
PID_938,PRJ_938,CUST_196,PRJ_Vert_01,PRJ_Exec_24,Standard Billable,Active,PM_254,Project_Manager_254,ASDM_81,Account_Service_Delivery_Manager_80,Confirmed,01-03-2026,31-03-2026,Vertical_01,Unit_01,Commercial_Model_02
PID_939,PRJ_939,CUST_303,PRJ_Vert_04,PRJ_Exec_44,Standard Billable,Active,PM_176,Project_Manager_176,ASDM_23,Account_Service_Delivery_Manager_23,Yet to be confirmed,01-03-2026,31-03-2026,Vertical_04,Unit_02,Commercial_Model_03
PID_940,PRJ_940,CUST_40,PRJ_Vert_01,PRJ_Exec_05,Standard Billable,Active,PM_130,Project_Manager_130,ASDM_41,Account_Service_Delivery_Manager_41,Confirmed,01-03-2026,31-03-2026,Vertical_01,Unit_01,Commercial_Model_02
PID_1069,PRJ_1069,CUST_01,PRJ_Vert_01,PRJ_Exec_31,Standard Billable,Active,PM_01,Project_Manager_01,ASDM_01,Account_Service_Delivery_Manager_01,Confirmed,01-03-2026,31-03-2026,Vertical_01,Unit_01,Commercial_Model_02
PID_941,PRJ_941,CUST_120,PRJ_Vert_02,PRJ_Exec_23,Standard Billable,Active,PM_83,Project_Manager_83,ASDM_60,Account_Service_Delivery_Manager_59,Yet to be confirmed,01-03-2026,31-03-2026,Vertical_02,Unit_01,Commercial_Model_01
PID_838,PRJ_838,CUST_108,PRJ_Vert_02,PRJ_Exec_15,Standard Billable,Active,PM_153,Project_Manager_153,ASDM_21,Account_Service_Delivery_Manager_21,Yet to be confirmed,01-03-2026,31-03-2026,Vertical_02,Unit_01,Commercial_Model_01
PID_944,PRJ_944,CUST_12,PRJ_Vert_03,PRJ_Exec_10,Standard Billable,Active,PM_12,Project_Manager_12,ASDM_12,Account_Service_Delivery_Manager_12,Yet to be confirmed,01-03-2026,31-03-2026,Vertical_03,Unit_02,Commercial_Model_02
PID_1410,PRJ_1410,CUST_44,PRJ_Vert_03,PRJ_Exec_03,Standard Billable,Active,PM_471,Project_Manager_471,ASDM_43,Account_Service_Delivery_Manager_43,Confirmed,01-03-2026,31-03-2026,Vertical_03,Unit_01,Commercial_Model_04
PID_945,PRJ_945,CUST_52,PRJ_Vert_02,PRJ_Exec_07,Standard Billable,Active,PM_56,Project_Manager_56,ASDM_08,Account_Service_Delivery_Manager_08,Confirmed,01-03-2026,31-03-2026,Vertical_02,Unit_02,Commercial_Model_03
PID_946,PRJ_946,CUST_113,PRJ_Vert_01,PRJ_Exec_01,Standard Billable,Active,PM_138,Project_Manager_138,ASDM_79,Account_Service_Delivery_Manager_78,Confirmed,01-03-2026,31-03-2026,Vertical_01,Unit_01,Commercial_Model_04
PID_948,PRJ_948,CUST_67,PRJ_Vert_02,PRJ_Exec_23,Standard Billable,Active,PM_253,Project_Manager_253,ASDM_59,Account_Service_Delivery_Manager_58,Confirmed,01-03-2026,31-03-2026,Vertical_02,Unit_01,Commercial_Model_01
PID_949,PRJ_949,CUST_73,PRJ_Vert_02,PRJ_Exec_15,Standard Billable,Active,PM_87,Project_Manager_87,ASDM_26,Account_Service_Delivery_Manager_26,Confirmed,01-03-2026,31-03-2026,Vertical_02,Unit_01,Commercial_Model_04
PID_950,PRJ_950,CUST_82,PRJ_Vert_06,PRJ_Exec_29,Standard Billable,Active,PM_108,Project_Manager_108,ASDM_66,Account_Service_Delivery_Manager_65,Confirmed,01-03-2026,31-03-2026,Vertical_06,Unit_01,Commercial_Model_01
PID_951,PRJ_951,CUST_62,PRJ_Vert_06,PRJ_Exec_32,Standard Billable,Active,PM_139,Project_Manager_139,ASDM_56,Account_Service_Delivery_Manager_56,Confirmed,01-03-2026,31-03-2026,Vertical_06,Unit_01,Commercial_Model_02
PID_952,PRJ_952,CUST_89,PRJ_Vert_03,PRJ_Exec_03,Standard Billable,Active,PM_105,Project_Manager_105,ASDM_70,Account_Service_Delivery_Manager_69,Confirmed,01-03-2026,31-03-2026,Vertical_03,Unit_01,Commercial_Model_04
PID_953,PRJ_953,CUST_02,PRJ_Vert_02,PRJ_Exec_02,Standard Billable,Active,PM_02,Project_Manager_02,ASDM_02,Account_Service_Delivery_Manager_02,Confirmed,01-03-2026,31-03-2026,Vertical_02,Unit_01,Commercial_Model_05
PID_955,PRJ_955,CUST_12,PRJ_Vert_03,PRJ_Exec_10,Standard Billable,Active,PM_12,Project_Manager_12,ASDM_12,Account_Service_Delivery_Manager_12,Yet to be confirmed,01-03-2026,31-03-2026,Vertical_03,Unit_02,Commercial_Model_02
PID_956,PRJ_956,CUST_126,PRJ_Vert_04,PRJ_Exec_34,Standard Billable,Active,PM_443,Project_Manager_443,ASDM_10,Account_Service_Delivery_Manager_10,Confirmed,01-03-2026,31-03-2026,Vertical_04,Unit_01,Commercial_Model_04
PID_957,PRJ_957,CUST_89,PRJ_Vert_03,PRJ_Exec_05,Standard Billable,Active,PM_223,Project_Manager_223,ASDM_70,Account_Service_Delivery_Manager_69,Confirmed,01-03-2026,31-03-2026,Vertical_03,Unit_01,Commercial_Model_01
PID_190,PRJ_190,CUST_124,PRJ_Vert_01,PRJ_Exec_05,Standard Billable,Active,PM_148,Project_Manager_148,,,Confirmed,01-03-2026,31-03-2026,Vertical_01,Unit_01,Commercial_Model_01
PID_958,PRJ_958,CUST_54,PRJ_Vert_02,PRJ_Exec_19,Standard Billable,Active,PM_71,Project_Manager_71,ASDM_58,Account_Service_Delivery_Manager_50,Confirmed,01-03-2026,31-03-2026,Vertical_02,Unit_01,Commercial_Model_02
PID_959,PRJ_959,CUST_306,PRJ_Vert_02,PRJ_Exec_15,Standard Billable,Active,PM_372,Project_Manager_372,ASDM_84,Account_Service_Delivery_Manager_83,Yet to be confirmed,01-03-2026,31-03-2026,Vertical_02,Unit_01,Commercial_Model_04
PID_960,PRJ_960,CUST_307,PRJ_Vert_05,PRJ_Exec_16,Standard Billable,Active,PM_252,Project_Manager_252,ASDM_76,Account_Service_Delivery_Manager_75,Yet to be confirmed,01-03-2026,31-03-2026,Vertical_05,Unit_01,Commercial_Model_04
PID_961,PRJ_961,CUST_308,PRJ_Vert_05,PRJ_Exec_09,Standard Billable,Active,PM_252,Project_Manager_252,ASDM_76,Account_Service_Delivery_Manager_75,Yet to be confirmed,01-03-2026,31-03-2026,Vertical_05,Unit_01,Commercial_Model_04
PID_962,PRJ_962,CUST_104,PRJ_Vert_05,PRJ_Exec_09,Standard Billable,Active,PM_127,Project_Manager_127,ASDM_76,Account_Service_Delivery_Manager_75,Yet to be confirmed,01-03-2026,31-03-2026,Vertical_05,Unit_01,Commercial_Model_04
PID_963,PRJ_963,CUST_113,PRJ_Vert_01,PRJ_Exec_01,Standard Billable,Active,PM_138,Project_Manager_138,ASDM_79,Account_Service_Delivery_Manager_78,Confirmed,01-03-2026,31-03-2026,Vertical_01,Unit_01,Commercial_Model_04
PID_964,PRJ_964,CUST_183,PRJ_Vert_06,PRJ_Exec_41,Standard Billable,Active,PM_232,Project_Manager_232,ASDM_104,Account_Service_Delivery_Manager_103,Confirmed,01-03-2026,31-03-2026,Vertical_06,Unit_02,Commercial_Model_03
PID_965,PRJ_965,CUST_144,PRJ_Vert_05,PRJ_Exec_09,Standard Billable,Active,PM_177,Project_Manager_177,ASDM_42,Account_Service_Delivery_Manager_42,Confirmed,01-03-2026,31-03-2026,Vertical_05,Unit_01,Commercial_Model_04
PID_917,PRJ_917,CUST_67,PRJ_Vert_02,PRJ_Exec_23,Standard Billable,Active,PM_78,Project_Manager_78,ASDM_59,Account_Service_Delivery_Manager_58,Confirmed,01-03-2026,31-03-2026,Vertical_02,Unit_01,Commercial_Model_02
PID_966,PRJ_966,CUST_42,PRJ_Vert_05,PRJ_Exec_09,Standard Billable,Active,PM_444,Project_Manager_444,ASDM_42,Account_Service_Delivery_Manager_42,Yet to be confirmed,01-03-2026,31-03-2026,Vertical_05,Unit_01,Commercial_Model_04
PID_967,PRJ_967,CUST_309,PRJ_Vert_03,PRJ_Exec_03,Standard Billable,Active,PM_445,Project_Manager_445,ASDM_46,Account_Service_Delivery_Manager_46,Confirmed,01-03-2026,31-03-2026,Vertical_03,Unit_01,Commercial_Model_04
PID_430,PRJ_430,CUST_119,PRJ_Vert_02,PRJ_Exec_02,Standard Billable,Active,PM_144,Project_Manager_144,ASDM_59,Account_Service_Delivery_Manager_58,Yet to be confirmed,01-03-2026,31-03-2026,Vertical_02,Unit_01,Commercial_Model_04
PID_969,PRJ_969,CUST_47,PRJ_Vert_01,PRJ_Exec_24,Standard Billable,Active,PM_159,Project_Manager_159,ASDM_45,Account_Service_Delivery_Manager_45,Yet to be confirmed,01-03-2026,31-03-2026,Vertical_01,Unit_01,Commercial_Model_04
PID_970,PRJ_970,CUST_310,PRJ_Vert_03,PRJ_Exec_16,Standard Billable,Active,PM_447,Project_Manager_447,ASDM_07,Account_Service_Delivery_Manager_07,Confirmed,01-03-2026,31-03-2026,Vertical_03,Unit_01,Commercial_Model_04
PID_971,PRJ_971,CUST_116,PRJ_Vert_03,PRJ_Exec_03,Standard Billable,Active,PM_448,Project_Manager_448,ASDM_46,Account_Service_Delivery_Manager_46,Confirmed,01-03-2026,31-03-2026,Vertical_03,Unit_01,Commercial_Model_04
PID_972,PRJ_972,CUST_132,PRJ_Vert_01,PRJ_Exec_24,Standard Billable,Active,PM_158,Project_Manager_158,ASDM_87,Account_Service_Delivery_Manager_86,Confirmed,01-03-2026,31-03-2026,Vertical_01,Unit_01,Commercial_Model_04
PID_973,PRJ_973,CUST_04,PRJ_Vert_04,PRJ_Exec_04,Standard Billable,Active,PM_04,Project_Manager_04,ASDM_04,Account_Service_Delivery_Manager_04,Confirmed,01-03-2026,31-03-2026,Vertical_04,Unit_01,Commercial_Model_04
PID_974,PRJ_974,CUST_47,PRJ_Vert_01,PRJ_Exec_24,Standard Billable,Active,PM_159,Project_Manager_159,ASDM_45,Account_Service_Delivery_Manager_45,Yet to be confirmed,01-03-2026,31-03-2026,Vertical_01,Unit_01,Commercial_Model_04
PID_975,PRJ_975,CUST_311,PRJ_Vert_03,PRJ_Exec_05,Standard Billable,Active,PM_349,Project_Manager_349,ASDM_70,Account_Service_Delivery_Manager_69,Confirmed,01-03-2026,31-03-2026,Vertical_03,Unit_01,Commercial_Model_04
PID_976,PRJ_976,CUST_59,PRJ_Vert_08,PRJ_Exec_05,Standard Billable,Active,PM_449,Project_Manager_449,ASDM_54,Account_Service_Delivery_Manager_54,Yet to be confirmed,01-03-2026,31-03-2026,Vertical_08,Unit_01,Commercial_Model_02
PID_978,PRJ_978,CUST_184,PRJ_Vert_03,PRJ_Exec_03,Standard Billable,Active,PM_190,Project_Manager_190,ASDM_07,Account_Service_Delivery_Manager_07,Confirmed,01-03-2026,31-03-2026,Vertical_03,Unit_01,Commercial_Model_04
PID_979,PRJ_979,CUST_94,PRJ_Vert_01,PRJ_Exec_16,Standard Billable,Active,PM_259,Project_Manager_259,ASDM_45,Account_Service_Delivery_Manager_45,Confirmed,01-03-2026,31-03-2026,Vertical_01,Unit_01,Commercial_Model_01
PID_981,PRJ_981,CUST_285,PRJ_Vert_02,PRJ_Exec_19,Standard Billable,Active,PM_308,Project_Manager_308,ASDM_116,Account_Service_Delivery_Manager_115,Confirmed,01-03-2026,31-03-2026,Vertical_02,Unit_01,Commercial_Model_05
PID_982,PRJ_982,CUST_69,PRJ_Vert_05,PRJ_Exec_09,Standard Billable,Active,PM_71,Project_Manager_71,ASDM_58,Account_Service_Delivery_Manager_50,Confirmed,01-03-2026,31-03-2026,Vertical_05,Unit_01,Commercial_Model_01
PID_983,PRJ_983,CUST_71,PRJ_Vert_02,PRJ_Exec_23,Standard Billable,Active,PM_150,Project_Manager_150,ASDM_60,Account_Service_Delivery_Manager_59,Yet to be confirmed,01-03-2026,31-03-2026,Vertical_02,Unit_01,Commercial_Model_01
PID_984,PRJ_984,CUST_13,PRJ_Vert_06,PRJ_Exec_25,Standard Billable,Active,PM_43,Project_Manager_43,ASDM_36,Account_Service_Delivery_Manager_36,Yet to be confirmed,01-03-2026,31-03-2026,Vertical_06,Unit_01,Commercial_Model_01
PID_985,PRJ_985,CUST_313,PRJ_Vert_05,PRJ_Exec_37,Standard Billable,Active,PM_450,Project_Manager_450,ASDM_75,Account_Service_Delivery_Manager_74,Confirmed,01-03-2026,31-03-2026,Vertical_05,Unit_01,Commercial_Model_01
PID_987,PRJ_987,CUST_91,PRJ_Vert_02,PRJ_Exec_19,Standard Billable,Active,PM_71,Project_Manager_71,ASDM_58,Account_Service_Delivery_Manager_50,Confirmed,01-03-2026,31-03-2026,Vertical_02,Unit_01,Commercial_Model_02
PID_988,PRJ_988,CUST_164,PRJ_Vert_03,PRJ_Exec_03,Standard Billable,Active,PM_171,Project_Manager_171,ASDM_20,Account_Service_Delivery_Manager_20,Confirmed,01-03-2026,31-03-2026,Vertical_03,Unit_01,Commercial_Model_01
PID_989,PRJ_989,CUST_38,PRJ_Vert_03,PRJ_Exec_03,Standard Billable,Active,PM_42,Project_Manager_42,ASDM_40,Account_Service_Delivery_Manager_40,Confirmed,01-03-2026,31-03-2026,Vertical_03,Unit_01,Commercial_Model_01
PID_990,PRJ_990,CUST_01,PRJ_Vert_01,PRJ_Exec_01,Standard Billable,Active,PM_01,Project_Manager_01,ASDM_01,Account_Service_Delivery_Manager_01,Confirmed,01-03-2026,31-03-2026,Vertical_01,Unit_01,Commercial_Model_04
PID_991,PRJ_991,CUST_64,PRJ_Vert_01,PRJ_Exec_01,Standard Billable,Active,PM_72,Project_Manager_72,ASDM_55,Account_Service_Delivery_Manager_55,Confirmed,01-03-2026,31-03-2026,Vertical_01,Unit_01,Commercial_Model_04
PID_992,PRJ_992,CUST_249,PRJ_Vert_06,PRJ_Exec_05,Standard Billable,Active,PM_452,Project_Manager_452,ASDM_49,Account_Service_Delivery_Manager_49,Confirmed,01-03-2026,31-03-2026,Vertical_06,Unit_01,Commercial_Model_01
PID_1264,PRJ_1264,CUST_27,PRJ_Vert_03,PRJ_Exec_10,Standard Billable,Active,PM_536,Project_Manager_536,ASDM_27,Account_Service_Delivery_Manager_27,Confirmed,01-03-2026,31-03-2026,Vertical_03,Unit_02,Commercial_Model_02
PID_993,PRJ_993,CUST_104,PRJ_Vert_05,PRJ_Exec_09,Standard Billable,Active,PM_127,Project_Manager_127,ASDM_76,Account_Service_Delivery_Manager_75,Yet to be confirmed,01-03-2026,31-03-2026,Vertical_05,Unit_01,Commercial_Model_04
PID_994,PRJ_994,CUST_314,PRJ_Vert_03,PRJ_Exec_10,Standard Billable,Active,PM_386,Project_Manager_386,ASDM_113,Account_Service_Delivery_Manager_112,Confirmed,01-03-2026,31-03-2026,Vertical_03,Unit_02,Commercial_Model_04
PID_995,PRJ_995,CUST_104,PRJ_Vert_05,PRJ_Exec_09,Standard Billable,Active,PM_127,Project_Manager_127,ASDM_76,Account_Service_Delivery_Manager_75,Yet to be confirmed,01-03-2026,31-03-2026,Vertical_05,Unit_01,Commercial_Model_01
PID_458,PRJ_458,CUST_119,PRJ_Vert_02,PRJ_Exec_02,Standard Billable,Active,PM_144,Project_Manager_144,ASDM_59,Account_Service_Delivery_Manager_58,Yet to be confirmed,01-03-2026,31-03-2026,Vertical_02,Unit_01,Commercial_Model_04
PID_996,PRJ_996,CUST_315,PRJ_Vert_08,PRJ_Exec_26,Standard Billable,Active,PM_369,Project_Manager_369,ASDM_125,Account_Service_Delivery_Manager_124,Confirmed,01-03-2026,31-03-2026,Vertical_08,Unit_02,Commercial_Model_01
PID_459,PRJ_459,CUST_77,PRJ_Vert_01,PRJ_Exec_05,Standard Billable,Active,PM_94,Project_Manager_94,ASDM_64,Account_Service_Delivery_Manager_63,Yet to be confirmed,01-03-2026,31-03-2026,Vertical_01,Unit_01,Commercial_Model_01
PID_997,PRJ_997,CUST_119,PRJ_Vert_02,PRJ_Exec_02,Standard Billable,Active,PM_375,Project_Manager_375,ASDM_59,Account_Service_Delivery_Manager_58,Yet to be confirmed,01-03-2026,31-03-2026,Vertical_02,Unit_01,Commercial_Model_05
PID_998,PRJ_998,CUST_316,PRJ_Vert_02,PRJ_Exec_15,Standard Billable,Active,PM_372,Project_Manager_372,ASDM_84,Account_Service_Delivery_Manager_83,Yet to be confirmed,01-03-2026,31-03-2026,Vertical_02,Unit_01,Commercial_Model_04
PID_999,PRJ_999,CUST_62,PRJ_Vert_06,PRJ_Exec_32,Standard Billable,Active,PM_139,Project_Manager_139,ASDM_56,Account_Service_Delivery_Manager_56,Confirmed,01-03-2026,31-03-2026,Vertical_06,Unit_01,Commercial_Model_04
PID_1000,PRJ_1000,CUST_108,PRJ_Vert_02,PRJ_Exec_42,Standard Billable,Active,PM_153,Project_Manager_153,ASDM_21,Account_Service_Delivery_Manager_21,Yet to be confirmed,01-03-2026,31-03-2026,Vertical_02,Unit_01,Commercial_Model_01
PID_1001,PRJ_1001,CUST_157,PRJ_Vert_05,PRJ_Exec_16,Standard Billable,Active,PM_453,Project_Manager_453,ASDM_97,Account_Service_Delivery_Manager_96,Confirmed,01-03-2026,31-03-2026,Vertical_05,Unit_01,Commercial_Model_04
PID_1003,PRJ_1003,CUST_108,PRJ_Vert_02,PRJ_Exec_15,Standard Billable,Active,PM_153,Project_Manager_153,ASDM_21,Account_Service_Delivery_Manager_21,Yet to be confirmed,01-03-2026,31-03-2026,Vertical_02,Unit_01,Commercial_Model_01
PID_1004,PRJ_1004,CUST_89,PRJ_Vert_03,PRJ_Exec_05,Standard Billable,Active,PM_223,Project_Manager_223,ASDM_70,Account_Service_Delivery_Manager_69,Confirmed,01-03-2026,31-03-2026,Vertical_03,Unit_01,Commercial_Model_01
PID_1005,PRJ_1005,CUST_196,PRJ_Vert_01,PRJ_Exec_24,Standard Billable,Active,PM_254,Project_Manager_254,ASDM_81,Account_Service_Delivery_Manager_80,Confirmed,01-03-2026,31-03-2026,Vertical_01,Unit_01,Commercial_Model_01
PID_1007,PRJ_1007,CUST_52,PRJ_Vert_02,PRJ_Exec_15,Standard Billable,Active,PM_380,Project_Manager_380,ASDM_121,Account_Service_Delivery_Manager_120,Confirmed,01-03-2026,31-03-2026,Vertical_02,Unit_01,Commercial_Model_01
PID_465,PRJ_465,CUST_104,PRJ_Vert_05,PRJ_Exec_30,Standard Billable,Active,PM_279,Project_Manager_279,ASDM_76,Account_Service_Delivery_Manager_75,Confirmed,01-03-2026,31-03-2026,Vertical_05,Unit_02,Commercial_Model_04
PID_1008,PRJ_1008,CUST_205,PRJ_Vert_01,PRJ_Exec_01,Standard Billable,Active,PM_01,Project_Manager_01,ASDM_01,Account_Service_Delivery_Manager_01,Confirmed,01-03-2026,31-03-2026,Vertical_01,Unit_01,Commercial_Model_04
PID_1009,PRJ_1009,CUST_20,PRJ_Vert_03,PRJ_Exec_52,Customer Non Billable,Active,PM_454,Project_Manager_454,ASDM_20,Account_Service_Delivery_Manager_20,Confirmed,01-03-2026,31-03-2026,Vertical_03,Unit_01,Commercial_Model_05
PID_1010,PRJ_1010,CUST_317,PRJ_Vert_03,PRJ_Exec_10,Standard Billable,Active,PM_309,Project_Manager_309,ASDM_117,Account_Service_Delivery_Manager_116,Confirmed,01-03-2026,31-03-2026,Vertical_03,Unit_02,Commercial_Model_04
PID_1011,PRJ_1011,CUST_82,PRJ_Vert_06,PRJ_Exec_16,Standard Billable,Active,PM_108,Project_Manager_108,ASDM_66,Account_Service_Delivery_Manager_65,Confirmed,01-03-2026,31-03-2026,Vertical_06,Unit_01,Commercial_Model_01
PID_1013,PRJ_1013,CUST_05,PRJ_Vert_01,PRJ_Exec_53,Standard Billable,Active,PM_162,Project_Manager_162,ASDM_05,Account_Service_Delivery_Manager_05,Confirmed,01-03-2026,31-03-2026,Vertical_01,Unit_01,Commercial_Model_05
PID_1014,PRJ_1014,CUST_13,PRJ_Vert_06,PRJ_Exec_28,Standard Billable,Active,PM_328,Project_Manager_328,ASDM_48,Account_Service_Delivery_Manager_48,Confirmed,01-03-2026,31-03-2026,Vertical_06,Unit_01,Commercial_Model_05
PID_1015,PRJ_1015,CUST_12,PRJ_Vert_03,PRJ_Exec_10,Standard Billable,Active,PM_12,Project_Manager_12,ASDM_12,Account_Service_Delivery_Manager_12,Yet to be confirmed,01-03-2026,31-03-2026,Vertical_03,Unit_02,Commercial_Model_02
PID_1016,PRJ_1016,CUST_12,PRJ_Vert_03,PRJ_Exec_10,Standard Billable,Active,PM_12,Project_Manager_12,ASDM_12,Account_Service_Delivery_Manager_12,Yet to be confirmed,01-03-2026,31-03-2026,Vertical_03,Unit_02,Commercial_Model_02
PID_1017,PRJ_1017,CUST_52,PRJ_Vert_02,PRJ_Exec_07,Standard Billable,Active,PM_456,Project_Manager_456,ASDM_08,Account_Service_Delivery_Manager_08,Confirmed,01-03-2026,31-03-2026,Vertical_02,Unit_02,Commercial_Model_03
PID_1018,PRJ_1018,CUST_174,PRJ_Vert_03,PRJ_Exec_03,Standard Billable,Active,PM_223,Project_Manager_223,ASDM_70,Account_Service_Delivery_Manager_69,Confirmed,01-03-2026,31-03-2026,Vertical_03,Unit_01,Commercial_Model_04
PID_1020,PRJ_1020,CUST_285,PRJ_Vert_02,PRJ_Exec_19,Standard Billable,Active,PM_308,Project_Manager_308,ASDM_116,Account_Service_Delivery_Manager_115,Yet to be confirmed,01-03-2026,31-03-2026,Vertical_02,Unit_01,Commercial_Model_05
PID_1021,PRJ_1021,CUST_318,PRJ_Vert_02,PRJ_Exec_23,Standard Billable,Active,PM_83,Project_Manager_83,ASDM_60,Account_Service_Delivery_Manager_59,Yet to be confirmed,01-03-2026,31-03-2026,Vertical_02,Unit_01,Commercial_Model_04
PID_1022,PRJ_1022,CUST_12,PRJ_Vert_03,PRJ_Exec_10,Standard Billable,Active,PM_12,Project_Manager_12,ASDM_12,Account_Service_Delivery_Manager_12,Yet to be confirmed,01-03-2026,31-03-2026,Vertical_03,Unit_02,Commercial_Model_02
PID_1023,PRJ_1023,CUST_13,PRJ_Vert_06,PRJ_Exec_28,Standard Billable,Active,PM_57,Project_Manager_57,ASDM_48,Account_Service_Delivery_Manager_48,Yet to be confirmed,01-03-2026,31-03-2026,Vertical_06,Unit_01,Commercial_Model_04
PID_1024,PRJ_1024,CUST_04,PRJ_Vert_04,PRJ_Exec_04,Standard Billable,Active,PM_457,Project_Manager_457,ASDM_04,Account_Service_Delivery_Manager_04,Yet to be confirmed,01-03-2026,31-03-2026,Vertical_04,Unit_01,Commercial_Model_04
PID_1025,PRJ_1025,CUST_15,PRJ_Vert_01,PRJ_Exec_44,Standard Billable,Active,PM_15,Project_Manager_15,ASDM_15,Account_Service_Delivery_Manager_15,Confirmed,01-03-2026,31-03-2026,Vertical_01,Unit_02,Commercial_Model_03
PID_1027,PRJ_1027,CUST_320,PRJ_Vert_01,PRJ_Exec_43,Standard Billable,Active,PM_459,Project_Manager_459,ASDM_130,Account_Service_Delivery_Manager_129,Confirmed,01-03-2026,31-03-2026,Vertical_01,Unit_02,Commercial_Model_03
PID_745,PRJ_745,CUST_77,PRJ_Vert_01,PRJ_Exec_05,Standard Billable,Active,PM_94,Project_Manager_94,ASDM_64,Account_Service_Delivery_Manager_63,Yet to be confirmed,01-03-2026,31-03-2026,Vertical_01,Unit_01,Commercial_Model_01
PID_1028,PRJ_1028,CUST_12,PRJ_Vert_03,PRJ_Exec_10,Standard Billable,Active,PM_12,Project_Manager_12,ASDM_12,Account_Service_Delivery_Manager_12,Yet to be confirmed,01-03-2026,31-03-2026,Vertical_03,Unit_02,Commercial_Model_02
PID_482,PRJ_482,CUST_69,PRJ_Vert_05,PRJ_Exec_09,Standard Billable,Active,PM_71,Project_Manager_71,ASDM_58,Account_Service_Delivery_Manager_50,Confirmed,01-03-2026,31-03-2026,Vertical_05,Unit_01,Commercial_Model_02
PID_1030,PRJ_1030,CUST_73,PRJ_Vert_02,PRJ_Exec_15,Standard Billable,Active,PM_87,Project_Manager_87,ASDM_26,Account_Service_Delivery_Manager_26,Confirmed,01-03-2026,31-03-2026,Vertical_02,Unit_01,Commercial_Model_01
PID_1031,PRJ_1031,CUST_161,PRJ_Vert_05,PRJ_Exec_09,Standard Billable,Active,PM_416,Project_Manager_416,ASDM_99,Account_Service_Delivery_Manager_98,Confirmed,01-03-2026,31-03-2026,Vertical_05,Unit_01,Commercial_Model_04
PID_1032,PRJ_1032,CUST_161,PRJ_Vert_05,PRJ_Exec_09,Standard Billable,Active,PM_460,Project_Manager_460,ASDM_99,Account_Service_Delivery_Manager_98,Confirmed,01-03-2026,31-03-2026,Vertical_05,Unit_01,Commercial_Model_04
PID_1033,PRJ_1033,CUST_19,PRJ_Vert_04,PRJ_Exec_16,Standard Billable,Active,PM_461,Project_Manager_461,ASDM_19,Account_Service_Delivery_Manager_19,Yet to be confirmed,01-03-2026,31-03-2026,Vertical_04,Unit_01,Commercial_Model_01
PID_1034,PRJ_1034,CUST_321,PRJ_Vert_01,PRJ_Exec_14,Standard Billable,Active,PM_462,Project_Manager_462,ASDM_127,Account_Service_Delivery_Manager_126,Confirmed,01-03-2026,31-03-2026,Vertical_01,Unit_02,Commercial_Model_03
PID_1036,PRJ_1036,CUST_67,PRJ_Vert_02,PRJ_Exec_23,Standard Billable,Active,PM_78,Project_Manager_78,ASDM_59,Account_Service_Delivery_Manager_58,Confirmed,01-03-2026,31-03-2026,Vertical_02,Unit_01,Commercial_Model_02
PID_1037,PRJ_1037,CUST_179,PRJ_Vert_02,PRJ_Exec_23,Standard Billable,Active,PM_463,Project_Manager_463,ASDM_102,Account_Service_Delivery_Manager_101,Yet to be confirmed,01-03-2026,31-03-2026,Vertical_02,Unit_01,Commercial_Model_04
PID_1038,PRJ_1038,CUST_27,PRJ_Vert_03,PRJ_Exec_03,Standard Billable,Active,PM_464,Project_Manager_464,ASDM_27,Account_Service_Delivery_Manager_27,Confirmed,01-03-2026,31-03-2026,Vertical_03,Unit_01,Commercial_Model_04
PID_1576,PRJ_1576,CUST_27,PRJ_Vert_03,PRJ_Exec_10,Standard Billable,Active,PM_174,Project_Manager_174,ASDM_27,Account_Service_Delivery_Manager_27,Confirmed,01-03-2026,31-03-2026,Vertical_03,Unit_02,Commercial_Model_02
PID_1040,PRJ_1040,CUST_41,PRJ_Vert_02,PRJ_Exec_02,Standard Billable,Active,PM_466,Project_Manager_466,ASDM_02,Account_Service_Delivery_Manager_02,Confirmed,01-03-2026,31-03-2026,Vertical_02,Unit_01,Commercial_Model_02
PID_1580,PRJ_1580,CUST_87,PRJ_Vert_03,PRJ_Exec_05,Standard Billable,Active,PM_103,Project_Manager_103,ASDM_69,Account_Service_Delivery_Manager_68,Confirmed,01-03-2026,31-03-2026,Vertical_03,Unit_01,Commercial_Model_02
PID_1042,PRJ_1042,CUST_09,PRJ_Vert_04,PRJ_Exec_08,Standard Billable,Active,PM_467,Project_Manager_467,ASDM_09,Account_Service_Delivery_Manager_09,Yet to be confirmed,01-03-2026,31-03-2026,Vertical_04,Unit_01,Commercial_Model_04
PID_1043,PRJ_1043,CUST_323,PRJ_Vert_02,PRJ_Exec_15,Standard Billable,Active,PM_295,Project_Manager_295,ASDM_77,Account_Service_Delivery_Manager_76,Confirmed,01-03-2026,31-03-2026,Vertical_02,Unit_01,Commercial_Model_02
PID_1044,PRJ_1044,CUST_75,PRJ_Vert_01,PRJ_Exec_31,Standard Billable,Active,PM_91,Project_Manager_91,ASDM_62,Account_Service_Delivery_Manager_61,Confirmed,01-03-2026,31-03-2026,Vertical_01,Unit_01,Commercial_Model_02
PID_1045,PRJ_1045,CUST_62,PRJ_Vert_06,PRJ_Exec_32,Standard Billable,Active,PM_468,Project_Manager_468,ASDM_56,Account_Service_Delivery_Manager_56,Confirmed,01-03-2026,31-03-2026,Vertical_06,Unit_01,Commercial_Model_04
PID_1329,PRJ_1329,CUST_213,PRJ_Vert_02,PRJ_Exec_19,Standard Billable,Active,PM_202,Project_Manager_202,ASDM_30,Account_Service_Delivery_Manager_30,Confirmed,01-03-2026,31-03-2026,Vertical_02,Unit_01,Commercial_Model_02
PID_1046,PRJ_1046,CUST_324,PRJ_Vert_02,PRJ_Exec_19,Standard Billable,Active,PM_179,Project_Manager_179,ASDM_85,Account_Service_Delivery_Manager_84,Yet to be confirmed,01-03-2026,31-03-2026,Vertical_02,Unit_01,Commercial_Model_04
PID_1039,PRJ_1039,CUST_230,PRJ_Vert_06,PRJ_Exec_41,Standard Billable,Active,PM_465,Project_Manager_465,ASDM_126,Account_Service_Delivery_Manager_125,Confirmed,01-03-2026,31-03-2026,Vertical_06,Unit_02,Commercial_Model_03
PID_1047,PRJ_1047,CUST_215,PRJ_Vert_05,PRJ_Exec_09,Standard Billable,Active,PM_469,Project_Manager_469,ASDM_112,Account_Service_Delivery_Manager_111,Confirmed,01-03-2026,31-03-2026,Vertical_05,Unit_01,Commercial_Model_04
PID_1048,PRJ_1048,CUST_82,PRJ_Vert_06,PRJ_Exec_16,Standard Billable,Active,PM_108,Project_Manager_108,ASDM_66,Account_Service_Delivery_Manager_65,Confirmed,01-03-2026,31-03-2026,Vertical_06,Unit_01,Commercial_Model_01
PID_1049,PRJ_1049,CUST_10,PRJ_Vert_04,PRJ_Exec_04,Standard Billable,Active,PM_10,Project_Manager_10,ASDM_10,Account_Service_Delivery_Manager_10,Yet to be confirmed,01-03-2026,31-03-2026,Vertical_04,Unit_01,Commercial_Model_04
PID_1050,PRJ_1050,CUST_38,PRJ_Vert_03,PRJ_Exec_03,Standard Billable,Active,PM_42,Project_Manager_42,ASDM_40,Account_Service_Delivery_Manager_40,Confirmed,01-03-2026,31-03-2026,Vertical_03,Unit_01,Commercial_Model_04
PID_1051,PRJ_1051,CUST_27,PRJ_Vert_03,PRJ_Exec_03,Standard Billable,Active,PM_470,Project_Manager_470,ASDM_27,Account_Service_Delivery_Manager_27,Confirmed,01-03-2026,31-03-2026,Vertical_03,Unit_01,Commercial_Model_04
PID_1053,PRJ_1053,CUST_229,PRJ_Vert_04,PRJ_Exec_08,Standard Billable,Active,PM_472,Project_Manager_472,ASDM_120,Account_Service_Delivery_Manager_119,Yet to be confirmed,01-03-2026,31-03-2026,Vertical_04,Unit_01,Commercial_Model_01
PID_274,PRJ_274,CUST_44,PRJ_Vert_03,PRJ_Exec_03,Standard Billable,Active,PM_192,Project_Manager_192,ASDM_43,Account_Service_Delivery_Manager_43,Confirmed,01-03-2026,31-03-2026,Vertical_03,Unit_01,Commercial_Model_02
PID_1055,PRJ_1055,CUST_132,PRJ_Vert_01,PRJ_Exec_05,Standard Billable,Active,PM_158,Project_Manager_158,ASDM_87,Account_Service_Delivery_Manager_86,Confirmed,01-03-2026,31-03-2026,Vertical_01,Unit_01,Commercial_Model_02
PID_1057,PRJ_1057,CUST_325,PRJ_Vert_07,PRJ_Exec_39,Standard Billable,Active,PM_143,Project_Manager_143,ASDM_72,Account_Service_Delivery_Manager_71,Confirmed,01-03-2026,31-03-2026,Vertical_07,Unit_01,Commercial_Model_04
PID_1058,PRJ_1058,CUST_137,PRJ_Vert_05,PRJ_Exec_16,Standard Billable,Active,PM_475,Project_Manager_475,ASDM_89,Account_Service_Delivery_Manager_88,Confirmed,01-03-2026,31-03-2026,Vertical_05,Unit_01,Commercial_Model_04
PID_1061,PRJ_1061,CUST_154,PRJ_Vert_03,PRJ_Exec_03,Standard Billable,Active,PM_195,Project_Manager_195,ASDM_95,Account_Service_Delivery_Manager_94,Confirmed,01-03-2026,31-03-2026,Vertical_03,Unit_01,Commercial_Model_04
PID_1062,PRJ_1062,CUST_161,PRJ_Vert_05,PRJ_Exec_09,Standard Billable,Active,PM_251,Project_Manager_251,ASDM_99,Account_Service_Delivery_Manager_98,Yet to be confirmed,01-03-2026,31-03-2026,Vertical_05,Unit_01,Commercial_Model_04
PID_1063,PRJ_1063,CUST_111,PRJ_Vert_04,PRJ_Exec_08,Standard Billable,Active,PM_136,Project_Manager_136,ASDM_78,Account_Service_Delivery_Manager_77,Confirmed,01-03-2026,31-03-2026,Vertical_04,Unit_01,Commercial_Model_02
PID_1064,PRJ_1064,CUST_326,PRJ_Vert_03,PRJ_Exec_03,Standard Billable,Active,PM_311,Project_Manager_311,ASDM_07,Account_Service_Delivery_Manager_07,Confirmed,01-03-2026,31-03-2026,Vertical_03,Unit_01,Commercial_Model_04
PID_1065,PRJ_1065,CUST_165,PRJ_Vert_02,PRJ_Exec_07,Standard Billable,Active,PM_477,Project_Manager_477,ASDM_35,Account_Service_Delivery_Manager_35,Confirmed,01-03-2026,31-03-2026,Vertical_02,Unit_02,Commercial_Model_03
PID_1066,PRJ_1066,CUST_81,PRJ_Vert_05,PRJ_Exec_09,Standard Billable,Active,PM_478,Project_Manager_478,ASDM_33,Account_Service_Delivery_Manager_33,Confirmed,01-03-2026,31-03-2026,Vertical_05,Unit_01,Commercial_Model_04
PID_1067,PRJ_1067,CUST_327,PRJ_Vert_04,PRJ_Exec_40,Standard Billable,Active,PM_479,Project_Manager_479,ASDM_80,Account_Service_Delivery_Manager_79,Confirmed,01-03-2026,31-03-2026,Vertical_04,Unit_01,Commercial_Model_04
PID_1068,PRJ_1068,CUST_44,PRJ_Vert_03,PRJ_Exec_03,Standard Billable,Active,PM_480,Project_Manager_480,ASDM_43,Account_Service_Delivery_Manager_43,Confirmed,01-03-2026,31-03-2026,Vertical_03,Unit_01,Commercial_Model_01
PID_1069,PRJ_1069,CUST_01,PRJ_Vert_01,PRJ_Exec_01,Standard Billable,Active,PM_01,Project_Manager_01,ASDM_01,Account_Service_Delivery_Manager_01,Confirmed,01-03-2026,31-03-2026,Vertical_01,Unit_01,Commercial_Model_02
PID_1071,PRJ_1071,CUST_242,PRJ_Vert_03,PRJ_Exec_03,Standard Billable,Active,PM_482,Project_Manager_482,ASDM_46,Account_Service_Delivery_Manager_46,Yet to be confirmed,01-03-2026,31-03-2026,Vertical_03,Unit_01,Commercial_Model_04
PID_1072,PRJ_1072,CUST_229,PRJ_Vert_04,PRJ_Exec_44,Standard Billable,Active,PM_483,Project_Manager_483,ASDM_100,Account_Service_Delivery_Manager_99,Confirmed,01-03-2026,31-03-2026,Vertical_04,Unit_02,Commercial_Model_04
PID_1073,PRJ_1073,CUST_03,PRJ_Vert_03,PRJ_Exec_03,Standard Billable,Active,PM_206,Project_Manager_206,ASDM_03,Account_Service_Delivery_Manager_03,Confirmed,01-03-2026,31-03-2026,Vertical_03,Unit_01,Commercial_Model_03
PID_1074,PRJ_1074,CUST_132,PRJ_Vert_01,PRJ_Exec_24,Standard Billable,Active,PM_484,Project_Manager_484,ASDM_87,Account_Service_Delivery_Manager_86,Confirmed,01-03-2026,31-03-2026,Vertical_01,Unit_01,Commercial_Model_04
PID_1075,PRJ_1075,CUST_196,PRJ_Vert_01,PRJ_Exec_24,Standard Billable,Active,PM_254,Project_Manager_254,ASDM_81,Account_Service_Delivery_Manager_80,Confirmed,01-03-2026,31-03-2026,Vertical_01,Unit_01,Commercial_Model_02
PID_1076,PRJ_1076,CUST_13,PRJ_Vert_06,PRJ_Exec_25,Standard Billable,Active,PM_43,Project_Manager_43,ASDM_36,Account_Service_Delivery_Manager_36,Yet to be confirmed,01-03-2026,31-03-2026,Vertical_06,Unit_01,Commercial_Model_01
PID_1077,PRJ_1077,CUST_27,PRJ_Vert_03,PRJ_Exec_03,Standard Billable,Active,PM_485,Project_Manager_485,ASDM_27,Account_Service_Delivery_Manager_27,Confirmed,01-03-2026,31-03-2026,Vertical_03,Unit_01,Commercial_Model_04
PID_1078,PRJ_1078,CUST_191,PRJ_Vert_04,PRJ_Exec_31,Standard Billable,Active,PM_486,Project_Manager_486,ASDM_106,Account_Service_Delivery_Manager_105,Yet to be confirmed,01-03-2026,31-03-2026,Vertical_04,Unit_01,Commercial_Model_02
PID_1081,PRJ_1081,CUST_02,PRJ_Vert_02,PRJ_Exec_02,Standard Billable,Active,PM_489,Project_Manager_489,ASDM_02,Account_Service_Delivery_Manager_02,Confirmed,01-03-2026,31-03-2026,Vertical_02,Unit_01,Commercial_Model_02
PID_1082,PRJ_1082,CUST_89,PRJ_Vert_03,PRJ_Exec_03,Standard Billable,Active,PM_105,Project_Manager_105,ASDM_70,Account_Service_Delivery_Manager_69,Confirmed,01-03-2026,31-03-2026,Vertical_03,Unit_01,Commercial_Model_04
PID_1083,PRJ_1083,CUST_120,PRJ_Vert_02,PRJ_Exec_23,Standard Billable,Active,PM_150,Project_Manager_150,ASDM_60,Account_Service_Delivery_Manager_59,Yet to be confirmed,01-03-2026,31-03-2026,Vertical_02,Unit_01,Commercial_Model_01
PID_1084,PRJ_1084,CUST_12,PRJ_Vert_03,PRJ_Exec_10,Standard Billable,Active,PM_12,Project_Manager_12,ASDM_12,Account_Service_Delivery_Manager_12,Yet to be confirmed,01-03-2026,31-03-2026,Vertical_03,Unit_02,Commercial_Model_02
PID_1085,PRJ_1085,CUST_03,PRJ_Vert_03,PRJ_Exec_03,Standard Billable,Active,PM_03,Project_Manager_03,ASDM_03,Account_Service_Delivery_Manager_03,Confirmed,01-03-2026,31-03-2026,Vertical_03,Unit_01,Commercial_Model_01
PID_1086,PRJ_1086,CUST_73,PRJ_Vert_02,PRJ_Exec_15,Standard Billable,Active,PM_87,Project_Manager_87,ASDM_26,Account_Service_Delivery_Manager_26,Confirmed,01-03-2026,31-03-2026,Vertical_02,Unit_01,Commercial_Model_01
PID_1087,PRJ_1087,CUST_52,PRJ_Vert_02,PRJ_Exec_07,Standard Billable,Active,PM_133,Project_Manager_133,ASDM_08,Account_Service_Delivery_Manager_08,Confirmed,01-03-2026,31-03-2026,Vertical_02,Unit_02,Commercial_Model_03
PID_1088,PRJ_1088,CUST_143,PRJ_Vert_04,PRJ_Exec_13,Standard Billable,Active,PM_176,Project_Manager_176,ASDM_23,Account_Service_Delivery_Manager_23,Yet to be confirmed,01-03-2026,31-03-2026,Vertical_04,Unit_02,Commercial_Model_03
PID_1089,PRJ_1089,CUST_247,PRJ_Vert_01,PRJ_Exec_05,Standard Billable,Active,PM_490,Project_Manager_490,ASDM_52,Account_Service_Delivery_Manager_52,Confirmed,01-03-2026,31-03-2026,Vertical_01,Unit_01,Commercial_Model_01
PID_1091,PRJ_1091,CUST_214,PRJ_Vert_04,PRJ_Exec_13,Standard Billable,Active,PM_289,Project_Manager_289,ASDM_23,Account_Service_Delivery_Manager_23,Yet to be confirmed,01-03-2026,31-03-2026,Vertical_04,Unit_02,Commercial_Model_03
PID_1092,PRJ_1092,CUST_249,PRJ_Vert_06,PRJ_Exec_05,Standard Billable,Active,PM_491,Project_Manager_491,ASDM_49,Account_Service_Delivery_Manager_49,Confirmed,01-03-2026,31-03-2026,Vertical_06,Unit_01,Commercial_Model_02
PID_1093,PRJ_1093,CUST_162,PRJ_Vert_01,PRJ_Exec_01,Standard Billable,Active,PM_249,Project_Manager_249,ASDM_47,Account_Service_Delivery_Manager_47,Confirmed,01-03-2026,31-03-2026,Vertical_01,Unit_01,Commercial_Model_04
PID_1094,PRJ_1094,CUST_294,PRJ_Vert_02,PRJ_Exec_19,Standard Billable,Active,PM_308,Project_Manager_308,ASDM_116,Account_Service_Delivery_Manager_115,Yet to be confirmed,01-03-2026,31-03-2026,Vertical_02,Unit_01,Commercial_Model_01
PID_1095,PRJ_1095,CUST_03,PRJ_Vert_03,PRJ_Exec_03,Standard Billable,Active,PM_03,Project_Manager_03,ASDM_03,Account_Service_Delivery_Manager_03,Confirmed,01-03-2026,31-03-2026,Vertical_03,Unit_01,Commercial_Model_03
PID_1096,PRJ_1096,CUST_13,PRJ_Vert_06,PRJ_Exec_21,Standard Billable,Active,PM_492,Project_Manager_492,ASDM_36,Account_Service_Delivery_Manager_36,Confirmed,01-03-2026,31-03-2026,Vertical_06,Unit_01,Commercial_Model_01
PID_1097,PRJ_1097,CUST_67,PRJ_Vert_02,PRJ_Exec_23,Standard Billable,Active,PM_78,Project_Manager_78,ASDM_59,Account_Service_Delivery_Manager_58,Confirmed,01-03-2026,31-03-2026,Vertical_02,Unit_01,Commercial_Model_02
PID_1099,PRJ_1099,CUST_89,PRJ_Vert_03,PRJ_Exec_03,Standard Billable,Active,PM_349,Project_Manager_349,ASDM_70,Account_Service_Delivery_Manager_69,Confirmed,01-03-2026,31-03-2026,Vertical_03,Unit_01,Commercial_Model_04
PID_1100,PRJ_1100,CUST_20,PRJ_Vert_03,PRJ_Exec_16,Standard Billable,Active,PM_28,Project_Manager_28,ASDM_20,Account_Service_Delivery_Manager_20,Confirmed,01-03-2026,31-03-2026,Vertical_03,Unit_01,Commercial_Model_04
PID_1102,PRJ_1102,CUST_54,PRJ_Vert_02,PRJ_Exec_19,Standard Billable,Active,PM_494,Project_Manager_494,ASDM_58,Account_Service_Delivery_Manager_50,Confirmed,01-03-2026,31-03-2026,Vertical_02,Unit_01,Commercial_Model_02
PID_1103,PRJ_1103,CUST_81,PRJ_Vert_05,PRJ_Exec_09,Standard Billable,Active,PM_495,Project_Manager_495,ASDM_33,Account_Service_Delivery_Manager_33,Confirmed,01-03-2026,31-03-2026,Vertical_05,Unit_01,Commercial_Model_04
PID_1634,PRJ_1634,CUST_46,PRJ_Vert_02,PRJ_Exec_02,Standard Billable,Active,PM_07,Project_Manager_07,ASDM_44,Account_Service_Delivery_Manager_44,Confirmed,01-03-2026,31-03-2026,Vertical_02,Unit_01,Commercial_Model_04
PID_1635,PRJ_1635,CUST_08,PRJ_Vert_02,PRJ_Exec_05,Standard Billable,Active,PM_287,Project_Manager_287,ASDM_121,Account_Service_Delivery_Manager_120,Yet to be confirmed,01-03-2026,31-03-2026,Vertical_02,Unit_01,Commercial_Model_02
PID_1105,PRJ_1105,CUST_331,PRJ_Vert_02,PRJ_Exec_06,Standard Billable,Active,PM_413,Project_Manager_413,ASDM_06,Account_Service_Delivery_Manager_06,Yet to be confirmed,01-03-2026,31-03-2026,Vertical_02,Unit_01,Commercial_Model_04
PID_1106,PRJ_1106,CUST_285,PRJ_Vert_02,PRJ_Exec_19,Standard Billable,Active,PM_308,Project_Manager_308,ASDM_116,Account_Service_Delivery_Manager_115,Yet to be confirmed,01-03-2026,31-03-2026,Vertical_02,Unit_01,Commercial_Model_05
PID_836,PRJ_836,CUST_05,PRJ_Vert_01,PRJ_Exec_17,Standard Billable,Active,PM_151,Project_Manager_151,ASDM_05,Account_Service_Delivery_Manager_05,Confirmed,01-03-2026,31-03-2026,Vertical_01,Unit_02,Commercial_Model_02
PID_1107,PRJ_1107,CUST_62,PRJ_Vert_06,PRJ_Exec_32,Standard Billable,Active,PM_139,Project_Manager_139,ASDM_56,Account_Service_Delivery_Manager_56,Confirmed,01-03-2026,31-03-2026,Vertical_06,Unit_01,Commercial_Model_04
PID_1108,PRJ_1108,CUST_249,PRJ_Vert_06,PRJ_Exec_05,Standard Billable,Active,PM_351,Project_Manager_351,ASDM_49,Account_Service_Delivery_Manager_49,Confirmed,01-03-2026,31-03-2026,Vertical_06,Unit_01,Commercial_Model_02
PID_1109,PRJ_1109,CUST_32,PRJ_Vert_05,PRJ_Exec_09,Standard Billable,Active,PM_496,Project_Manager_496,ASDM_33,Account_Service_Delivery_Manager_33,Confirmed,01-03-2026,31-03-2026,Vertical_05,Unit_01,Commercial_Model_04
PID_1110,PRJ_1110,CUST_26,PRJ_Vert_02,PRJ_Exec_15,Standard Billable,Active,PM_398,Project_Manager_398,ASDM_26,Account_Service_Delivery_Manager_26,Yet to be confirmed,01-03-2026,31-03-2026,Vertical_02,Unit_01,Commercial_Model_02
PID_1111,PRJ_1111,CUST_13,PRJ_Vert_06,PRJ_Exec_11,Standard Billable,Active,PM_13,Project_Manager_13,ASDM_13,Account_Service_Delivery_Manager_13,Yet to be confirmed,01-03-2026,31-03-2026,Vertical_06,Unit_01,Commercial_Model_04
PID_1112,PRJ_1112,CUST_27,PRJ_Vert_03,PRJ_Exec_03,Standard Billable,Active,PM_497,Project_Manager_497,ASDM_27,Account_Service_Delivery_Manager_27,Confirmed,01-03-2026,31-03-2026,Vertical_03,Unit_01,Commercial_Model_04
PID_1114,PRJ_1114,CUST_43,PRJ_Vert_02,PRJ_Exec_06,Standard Billable,Active,PM_48,Project_Manager_48,ASDM_06,Account_Service_Delivery_Manager_06,Yet to be confirmed,01-03-2026,31-03-2026,Vertical_02,Unit_01,Commercial_Model_04
PID_1115,PRJ_1115,CUST_146,PRJ_Vert_03,PRJ_Exec_30,Standard Billable,Active,PM_354,Project_Manager_354,ASDM_98,Account_Service_Delivery_Manager_97,Confirmed,01-03-2026,31-03-2026,Vertical_03,Unit_02,Commercial_Model_02
PID_1116,PRJ_1116,CUST_65,PRJ_Vert_01,PRJ_Exec_26,Standard Billable,Active,PM_241,Project_Manager_241,ASDM_39,Account_Service_Delivery_Manager_39,Confirmed,01-03-2026,31-03-2026,Vertical_01,Unit_02,Commercial_Model_01
PID_1117,PRJ_1117,CUST_81,PRJ_Vert_05,PRJ_Exec_09,Standard Billable,Active,PM_498,Project_Manager_498,ASDM_33,Account_Service_Delivery_Manager_33,Confirmed,01-03-2026,31-03-2026,Vertical_05,Unit_01,Commercial_Model_04
PID_1118,PRJ_1118,CUST_332,PRJ_Vert_06,PRJ_Exec_29,Standard Billable,Active,PM_163,Project_Manager_163,ASDM_66,Account_Service_Delivery_Manager_65,Confirmed,01-03-2026,31-03-2026,Vertical_06,Unit_01,Commercial_Model_04
PID_576,PRJ_576,CUST_154,PRJ_Vert_03,PRJ_Exec_31,Standard Billable,Active,PM_313,Project_Manager_313,ASDM_95,Account_Service_Delivery_Manager_94,Confirmed,01-03-2026,31-03-2026,Vertical_03,Unit_01,Commercial_Model_02
PID_1119,PRJ_1119,CUST_231,PRJ_Vert_01,PRJ_Exec_01,Standard Billable,Active,PM_322,Project_Manager_322,ASDM_52,Account_Service_Delivery_Manager_52,Yet to be confirmed,01-03-2026,31-03-2026,Vertical_01,Unit_01,Commercial_Model_04
PID_1120,PRJ_1120,CUST_13,PRJ_Vert_06,PRJ_Exec_11,Standard Billable,Active,PM_59,Project_Manager_59,ASDM_13,Account_Service_Delivery_Manager_13,Confirmed,01-03-2026,31-03-2026,Vertical_06,Unit_01,Commercial_Model_04
PID_1121,PRJ_1121,CUST_333,PRJ_Vert_06,PRJ_Exec_12,Standard Billable,Active,PM_327,Project_Manager_327,ASDM_29,Account_Service_Delivery_Manager_29,Confirmed,01-03-2026,31-03-2026,Vertical_06,Unit_01,Commercial_Model_04
PID_1122,PRJ_1122,CUST_12,PRJ_Vert_03,PRJ_Exec_10,Standard Billable,Active,PM_12,Project_Manager_12,ASDM_12,Account_Service_Delivery_Manager_12,Yet to be confirmed,01-03-2026,31-03-2026,Vertical_03,Unit_02,Commercial_Model_02
PID_1123,PRJ_1123,CUST_122,PRJ_Vert_01,PRJ_Exec_01,Standard Billable,Active,PM_72,Project_Manager_72,ASDM_55,Account_Service_Delivery_Manager_55,Confirmed,01-03-2026,31-03-2026,Vertical_01,Unit_01,Commercial_Model_01
PID_847,PRJ_847,CUST_276,PRJ_Vert_05,PRJ_Exec_09,Standard Billable,Active,PM_384,Project_Manager_384,ASDM_42,Account_Service_Delivery_Manager_42,Confirmed,01-03-2026,31-03-2026,Vertical_05,Unit_01,Commercial_Model_05
PID_1124,PRJ_1124,CUST_35,PRJ_Vert_01,PRJ_Exec_22,Standard Billable,Active,PM_499,Project_Manager_499,ASDM_37,Account_Service_Delivery_Manager_37,Yet to be confirmed,01-03-2026,31-03-2026,Vertical_01,Unit_01,Commercial_Model_04
PID_1125,PRJ_1125,CUST_310,PRJ_Vert_03,PRJ_Exec_16,Standard Billable,Active,PM_447,Project_Manager_447,ASDM_07,Account_Service_Delivery_Manager_07,Confirmed,01-03-2026,31-03-2026,Vertical_03,Unit_01,Commercial_Model_04
PID_1126,PRJ_1126,CUST_154,PRJ_Vert_03,PRJ_Exec_03,Standard Billable,Active,PM_294,Project_Manager_294,ASDM_95,Account_Service_Delivery_Manager_94,Confirmed,01-03-2026,31-03-2026,Vertical_03,Unit_01,Commercial_Model_04
PID_1127,PRJ_1127,CUST_04,PRJ_Vert_02,PRJ_Exec_07,Standard Billable,Active,PM_500,Project_Manager_500,ASDM_35,Account_Service_Delivery_Manager_35,Confirmed,01-03-2026,31-03-2026,Vertical_04,Unit_02,Commercial_Model_04
PID_1128,PRJ_1128,CUST_132,PRJ_Vert_01,PRJ_Exec_24,Standard Billable,Active,PM_158,Project_Manager_158,ASDM_87,Account_Service_Delivery_Manager_86,Confirmed,01-03-2026,31-03-2026,Vertical_01,Unit_01,Commercial_Model_02
PID_1129,PRJ_1129,CUST_286,PRJ_Vert_05,PRJ_Exec_09,Standard Billable,Active,PM_177,Project_Manager_177,ASDM_42,Account_Service_Delivery_Manager_42,Confirmed,01-03-2026,31-03-2026,Vertical_05,Unit_01,Commercial_Model_01
PID_1130,PRJ_1130,CUST_108,PRJ_Vert_02,PRJ_Exec_15,Standard Billable,Active,PM_155,Project_Manager_155,ASDM_21,Account_Service_Delivery_Manager_21,Yet to be confirmed,01-03-2026,31-03-2026,Vertical_02,Unit_01,Commercial_Model_01
PID_1131,PRJ_1131,CUST_20,PRJ_Vert_03,PRJ_Exec_03,Standard Billable,Active,PM_28,Project_Manager_28,ASDM_20,Account_Service_Delivery_Manager_20,Confirmed,01-03-2026,31-03-2026,Vertical_03,Unit_01,Commercial_Model_04
PID_1132,PRJ_1132,CUST_168,PRJ_Vert_02,PRJ_Exec_02,Standard Billable,Active,PM_264,Project_Manager_264,ASDM_02,Account_Service_Delivery_Manager_02,Yet to be confirmed,01-03-2026,31-03-2026,Vertical_02,Unit_01,Commercial_Model_04
PID_1133,PRJ_1133,CUST_32,PRJ_Vert_05,PRJ_Exec_09,Standard Billable,Active,PM_501,Project_Manager_501,ASDM_33,Account_Service_Delivery_Manager_33,Confirmed,01-03-2026,31-03-2026,Vertical_05,Unit_01,Commercial_Model_04
PID_1134,PRJ_1134,CUST_334,PRJ_Vert_06,PRJ_Exec_12,Standard Billable,Active,PM_327,Project_Manager_327,ASDM_14,Account_Service_Delivery_Manager_14,Confirmed,01-03-2026,31-03-2026,Vertical_06,Unit_01,Commercial_Model_02
PID_106,PRJ_106,CUST_76,PRJ_Vert_08,PRJ_Exec_05,Standard Billable,Active,PM_92,Project_Manager_92,ASDM_63,Account_Service_Delivery_Manager_62,Confirmed,01-03-2026,31-03-2026,Vertical_08,Unit_01,Commercial_Model_02
PID_1135,PRJ_1135,CUST_120,PRJ_Vert_02,PRJ_Exec_23,Standard Billable,Active,PM_502,Project_Manager_502,ASDM_60,Account_Service_Delivery_Manager_59,Yet to be confirmed,01-03-2026,31-03-2026,Vertical_02,Unit_01,Commercial_Model_02
PID_1136,PRJ_1136,CUST_132,PRJ_Vert_01,PRJ_Exec_24,Standard Billable,Active,PM_158,Project_Manager_158,ASDM_87,Account_Service_Delivery_Manager_86,Confirmed,01-03-2026,31-03-2026,Vertical_01,Unit_01,Commercial_Model_01
PID_1137,PRJ_1137,CUST_89,PRJ_Vert_03,PRJ_Exec_16,Standard Billable,Active,PM_105,Project_Manager_105,ASDM_70,Account_Service_Delivery_Manager_69,Confirmed,01-03-2026,31-03-2026,Vertical_03,Unit_01,Commercial_Model_04
PID_1138,PRJ_1138,CUST_183,PRJ_Vert_06,PRJ_Exec_41,Standard Billable,Active,PM_232,Project_Manager_232,ASDM_104,Account_Service_Delivery_Manager_103,Confirmed,01-03-2026,31-03-2026,Vertical_06,Unit_02,Commercial_Model_03
PID_1139,PRJ_1139,CUST_26,PRJ_Vert_02,PRJ_Exec_15,Standard Billable,Active,PM_26,Project_Manager_26,ASDM_26,Account_Service_Delivery_Manager_26,Confirmed,01-03-2026,31-03-2026,Vertical_02,Unit_01,Commercial_Model_02
PID_1141,PRJ_1141,CUST_145,PRJ_Vert_02,PRJ_Exec_16,Standard Billable,Active,PM_179,Project_Manager_179,ASDM_85,Account_Service_Delivery_Manager_84,Yet to be confirmed,01-03-2026,31-03-2026,Vertical_02,Unit_01,Commercial_Model_01
PID_1410,PRJ_1410,CUST_44,PRJ_Vert_03,PRJ_Exec_03,Standard Billable,Active,PM_319,Project_Manager_319,ASDM_43,Account_Service_Delivery_Manager_43,Confirmed,01-03-2026,31-03-2026,Vertical_03,Unit_01,Commercial_Model_04
PID_1669,PRJ_1669,CUST_133,PRJ_Vert_05,PRJ_Exec_05,Standard Billable,Active,PM_648,Project_Manager_647,ASDM_76,Account_Service_Delivery_Manager_75,Confirmed,01-03-2026,31-03-2026,Vertical_05,Unit_01,Commercial_Model_02
PID_1143,PRJ_1143,CUST_69,PRJ_Vert_05,PRJ_Exec_09,Standard Billable,Active,PM_71,Project_Manager_71,ASDM_58,Account_Service_Delivery_Manager_50,Confirmed,01-03-2026,31-03-2026,Vertical_05,Unit_01,Commercial_Model_04
PID_1145,PRJ_1145,CUST_233,PRJ_Vert_06,PRJ_Exec_37,Standard Billable,Active,PM_433,Project_Manager_433,ASDM_14,Account_Service_Delivery_Manager_14,Confirmed,01-03-2026,31-03-2026,Vertical_06,Unit_01,Commercial_Model_01
PID_1146,PRJ_1146,CUST_12,PRJ_Vert_03,PRJ_Exec_10,Standard Billable,Active,PM_12,Project_Manager_12,ASDM_12,Account_Service_Delivery_Manager_12,Yet to be confirmed,01-03-2026,31-03-2026,Vertical_03,Unit_02,Commercial_Model_02
PID_1147,PRJ_1147,CUST_68,PRJ_Vert_05,PRJ_Exec_16,Standard Billable,Active,PM_85,Project_Manager_85,ASDM_11,Account_Service_Delivery_Manager_11,Confirmed,01-03-2026,31-03-2026,Vertical_05,Unit_01,Commercial_Model_04
PID_1148,PRJ_1148,CUST_113,PRJ_Vert_01,PRJ_Exec_01,Standard Billable,Active,PM_138,Project_Manager_138,ASDM_79,Account_Service_Delivery_Manager_78,Confirmed,01-03-2026,31-03-2026,Vertical_01,Unit_01,Commercial_Model_04
PID_1149,PRJ_1149,CUST_120,PRJ_Vert_02,PRJ_Exec_23,Standard Billable,Active,PM_121,Project_Manager_121,ASDM_60,Account_Service_Delivery_Manager_59,Yet to be confirmed,01-03-2026,31-03-2026,Vertical_02,Unit_01,Commercial_Model_01
PID_1150,PRJ_1150,CUST_67,PRJ_Vert_02,PRJ_Exec_23,Standard Billable,Active,PM_253,Project_Manager_253,ASDM_59,Account_Service_Delivery_Manager_58,Confirmed,01-03-2026,31-03-2026,Vertical_02,Unit_01,Commercial_Model_01
PID_1151,PRJ_1151,CUST_132,PRJ_Vert_01,PRJ_Exec_24,Standard Billable,Active,PM_347,Project_Manager_347,ASDM_87,Account_Service_Delivery_Manager_86,Yet to be confirmed,01-03-2026,31-03-2026,Vertical_01,Unit_01,Commercial_Model_01
PID_1152,PRJ_1152,CUST_335,PRJ_Vert_05,PRJ_Exec_09,Standard Billable,Active,PM_504,Project_Manager_504,ASDM_42,Account_Service_Delivery_Manager_42,Confirmed,01-03-2026,31-03-2026,Vertical_05,Unit_01,Commercial_Model_05
PID_1153,PRJ_1153,CUST_44,PRJ_Vert_03,PRJ_Exec_03,Standard Billable,Active,PM_505,Project_Manager_505,ASDM_43,Account_Service_Delivery_Manager_43,Confirmed,01-03-2026,31-03-2026,Vertical_03,Unit_01,Commercial_Model_04
PID_1154,PRJ_1154,CUST_122,PRJ_Vert_01,PRJ_Exec_16,Standard Billable,Active,PM_72,Project_Manager_72,ASDM_55,Account_Service_Delivery_Manager_55,Confirmed,01-03-2026,31-03-2026,Vertical_01,Unit_01,Commercial_Model_02
PID_1155,PRJ_1155,CUST_94,PRJ_Vert_01,PRJ_Exec_31,Standard Billable,Active,PM_259,Project_Manager_259,ASDM_45,Account_Service_Delivery_Manager_45,Confirmed,01-03-2026,31-03-2026,Vertical_01,Unit_01,Commercial_Model_01
PID_1156,PRJ_1156,CUST_336,PRJ_Vert_02,PRJ_Exec_19,Standard Billable,Active,PM_179,Project_Manager_179,ASDM_38,Account_Service_Delivery_Manager_38,Yet to be confirmed,01-03-2026,31-03-2026,Vertical_02,Unit_01,Commercial_Model_04
PID_1157,PRJ_1157,CUST_337,PRJ_Vert_01,PRJ_Exec_05,Standard Billable,Active,PM_506,Project_Manager_506,ASDM_37,Account_Service_Delivery_Manager_37,Confirmed,01-03-2026,31-03-2026,Vertical_01,Unit_01,Commercial_Model_02
PID_1159,PRJ_1159,CUST_41,PRJ_Vert_02,PRJ_Exec_02,Standard Billable,Active,PM_507,Project_Manager_507,ASDM_02,Account_Service_Delivery_Manager_02,Confirmed,01-03-2026,31-03-2026,Vertical_02,Unit_01,Commercial_Model_02
PID_1160,PRJ_1160,CUST_12,PRJ_Vert_03,PRJ_Exec_10,Standard Billable,Active,PM_12,Project_Manager_12,ASDM_12,Account_Service_Delivery_Manager_12,Yet to be confirmed,01-03-2026,31-03-2026,Vertical_03,Unit_02,Commercial_Model_02
PID_1161,PRJ_1161,CUST_14,PRJ_Vert_06,PRJ_Exec_12,Standard Billable,Active,PM_129,Project_Manager_129,ASDM_14,Account_Service_Delivery_Manager_14,Confirmed,01-03-2026,31-03-2026,Vertical_06,Unit_01,Commercial_Model_02
PID_1162,PRJ_1162,CUST_338,PRJ_Vert_08,PRJ_Exec_51,Standard Billable,Active,PM_508,Project_Manager_508,ASDM_35,Account_Service_Delivery_Manager_35,Confirmed,01-03-2026,31-03-2026,Vertical_08,Unit_02,Commercial_Model_01
PID_1163,PRJ_1163,CUST_108,PRJ_Vert_02,PRJ_Exec_42,Standard Billable,Active,PM_155,Project_Manager_155,ASDM_21,Account_Service_Delivery_Manager_21,Yet to be confirmed,01-03-2026,31-03-2026,Vertical_02,Unit_01,Commercial_Model_05
PID_1164,PRJ_1164,CUST_32,PRJ_Vert_05,PRJ_Exec_09,Standard Billable,Active,PM_509,Project_Manager_509,ASDM_33,Account_Service_Delivery_Manager_33,Confirmed,01-03-2026,31-03-2026,Vertical_05,Unit_01,Commercial_Model_04
PID_1166,PRJ_1166,CUST_02,PRJ_Vert_02,PRJ_Exec_02,Standard Billable,Active,PM_02,Project_Manager_02,ASDM_02,Account_Service_Delivery_Manager_02,Confirmed,01-03-2026,31-03-2026,Vertical_02,Unit_01,Commercial_Model_05
PID_1168,PRJ_1168,CUST_12,PRJ_Vert_03,PRJ_Exec_10,Standard Billable,Active,PM_12,Project_Manager_12,ASDM_12,Account_Service_Delivery_Manager_12,Yet to be confirmed,01-03-2026,31-03-2026,Vertical_03,Unit_02,Commercial_Model_02
PID_362,PRJ_362,CUST_188,PRJ_Vert_08,PRJ_Exec_36,Standard Billable,Active,PM_92,Project_Manager_92,ASDM_67,Account_Service_Delivery_Manager_66,Confirmed,01-03-2026,31-03-2026,Vertical_08,Unit_01,Commercial_Model_04
PID_1169,PRJ_1169,CUST_113,PRJ_Vert_01,PRJ_Exec_01,Standard Billable,Active,PM_138,Project_Manager_138,ASDM_79,Account_Service_Delivery_Manager_78,Confirmed,01-03-2026,31-03-2026,Vertical_01,Unit_01,Commercial_Model_04
PID_1680,PRJ_1680,CUST_352,PRJ_Vert_07,PRJ_Exec_31,Standard Billable,Active,PM_68,Project_Manager_68,ASDM_16,Account_Service_Delivery_Manager_16,Confirmed,01-03-2026,31-03-2026,Vertical_07,Unit_01,Commercial_Model_04
PID_12,PRJ_12,CUST_12,PRJ_Vert_03,PRJ_Exec_54,Standard Billable,Active,PM_12,Project_Manager_12,ASDM_12,Account_Service_Delivery_Manager_12,Yet to be confirmed,01-03-2026,31-03-2026,Vertical_03,Unit_02,Commercial_Model_02
PID_610,PRJ_610,CUST_119,PRJ_Vert_02,PRJ_Exec_02,Standard Billable,Active,PM_144,Project_Manager_144,ASDM_59,Account_Service_Delivery_Manager_58,Yet to be confirmed,01-03-2026,31-03-2026,Vertical_02,Unit_01,Commercial_Model_04
PID_1170,PRJ_1170,CUST_132,PRJ_Vert_01,PRJ_Exec_24,Standard Billable,Active,PM_511,Project_Manager_511,ASDM_87,Account_Service_Delivery_Manager_86,Confirmed,01-03-2026,31-03-2026,Vertical_01,Unit_01,Commercial_Model_01
PID_1171,PRJ_1171,CUST_09,PRJ_Vert_04,PRJ_Exec_08,Standard Billable,Active,PM_512,Project_Manager_512,ASDM_09,Account_Service_Delivery_Manager_09,Confirmed,01-03-2026,31-03-2026,Vertical_04,Unit_01,Commercial_Model_01
PID_117,PRJ_117,CUST_85,PRJ_Vert_06,PRJ_Exec_16,Standard Billable,Active,PM_100,Project_Manager_100,ASDM_68,Account_Service_Delivery_Manager_67,Confirmed,01-03-2026,31-03-2026,Vertical_06,Unit_01,Commercial_Model_01
PID_1172,PRJ_1172,CUST_114,PRJ_Vert_04,PRJ_Exec_08,Standard Billable,Active,PM_513,Project_Manager_513,ASDM_80,Account_Service_Delivery_Manager_79,Confirmed,01-03-2026,31-03-2026,Vertical_04,Unit_01,Commercial_Model_02
PID_1174,PRJ_1174,CUST_230,PRJ_Vert_06,PRJ_Exec_16,Standard Billable,Active,PM_327,Project_Manager_327,ASDM_14,Account_Service_Delivery_Manager_14,Confirmed,01-03-2026,31-03-2026,Vertical_06,Unit_01,Commercial_Model_02
PID_1175,PRJ_1175,CUST_147,PRJ_Vert_03,PRJ_Exec_03,Standard Billable,Active,PM_184,Project_Manager_184,ASDM_88,Account_Service_Delivery_Manager_87,Confirmed,01-03-2026,31-03-2026,Vertical_03,Unit_01,Commercial_Model_04
PID_1176,PRJ_1176,CUST_12,PRJ_Vert_03,PRJ_Exec_10,Standard Billable,Active,PM_12,Project_Manager_12,ASDM_12,Account_Service_Delivery_Manager_12,Yet to be confirmed,01-03-2026,31-03-2026,Vertical_03,Unit_02,Commercial_Model_02
PID_1177,PRJ_1177,CUST_89,PRJ_Vert_03,PRJ_Exec_03,Standard Billable,Active,PM_105,Project_Manager_105,ASDM_70,Account_Service_Delivery_Manager_69,Confirmed,01-03-2026,31-03-2026,Vertical_03,Unit_01,Commercial_Model_04
PID_1178,PRJ_1178,CUST_42,PRJ_Vert_05,PRJ_Exec_16,Standard Billable,Active,PM_515,Project_Manager_515,ASDM_42,Account_Service_Delivery_Manager_42,Yet to be confirmed,01-03-2026,31-03-2026,Vertical_05,Unit_01,Commercial_Model_04
PID_1179,PRJ_1179,CUST_32,PRJ_Vert_05,PRJ_Exec_05,Standard Billable,Active,PM_516,Project_Manager_516,ASDM_33,Account_Service_Delivery_Manager_33,Confirmed,01-03-2026,31-03-2026,Vertical_05,Unit_01,Commercial_Model_02
PID_1180,PRJ_1180,CUST_113,PRJ_Vert_01,PRJ_Exec_01,Standard Billable,Active,PM_138,Project_Manager_138,ASDM_79,Account_Service_Delivery_Manager_78,Confirmed,01-03-2026,31-03-2026,Vertical_01,Unit_01,Commercial_Model_04
PID_137,PRJ_137,CUST_97,PRJ_Vert_03,PRJ_Exec_03,Standard Billable,Active,PM_116,Project_Manager_116,ASDM_43,Account_Service_Delivery_Manager_43,Confirmed,01-03-2026,31-03-2026,Vertical_03,Unit_01,Commercial_Model_01
PID_1181,PRJ_1181,CUST_33,PRJ_Vert_02,PRJ_Exec_23,Standard Billable,Active,PM_517,Project_Manager_517,ASDM_34,Account_Service_Delivery_Manager_34,Yet to be confirmed,01-03-2026,31-03-2026,Vertical_02,Unit_01,Commercial_Model_01
PID_1183,PRJ_1183,CUST_81,PRJ_Vert_05,PRJ_Exec_09,Standard Billable,Active,PM_519,Project_Manager_519,ASDM_33,Account_Service_Delivery_Manager_33,Confirmed,01-03-2026,31-03-2026,Vertical_05,Unit_01,Commercial_Model_04
PID_1185,PRJ_1185,CUST_339,PRJ_Vert_05,PRJ_Exec_16,Standard Billable,Active,PM_265,Project_Manager_265,,,Confirmed,01-03-2026,31-03-2026,Vertical_05,Unit_01,Commercial_Model_05
PID_1186,PRJ_1186,CUST_134,PRJ_Vert_03,PRJ_Exec_03,Standard Billable,Active,PM_160,Project_Manager_160,ASDM_88,Account_Service_Delivery_Manager_87,Confirmed,01-03-2026,31-03-2026,Vertical_03,Unit_01,Commercial_Model_01
PID_1187,PRJ_1187,CUST_63,PRJ_Vert_01,PRJ_Exec_20,Standard Billable,Active,PM_70,Project_Manager_70,ASDM_57,Account_Service_Delivery_Manager_57,Confirmed,01-03-2026,31-03-2026,Vertical_01,Unit_01,Commercial_Model_02
PID_1188,PRJ_1188,CUST_340,PRJ_Vert_06,PRJ_Exec_26,Standard Billable,Active,PM_369,Project_Manager_369,ASDM_125,Account_Service_Delivery_Manager_124,Confirmed,01-03-2026,31-03-2026,Vertical_06,Unit_02,Commercial_Model_04
PID_1189,PRJ_1189,CUST_32,PRJ_Vert_05,PRJ_Exec_09,Standard Billable,Active,PM_520,Project_Manager_520,ASDM_33,Account_Service_Delivery_Manager_33,Confirmed,01-03-2026,31-03-2026,Vertical_05,Unit_01,Commercial_Model_04
PID_1190,PRJ_1190,CUST_62,PRJ_Vert_06,PRJ_Exec_32,Standard Billable,Active,PM_139,Project_Manager_139,ASDM_56,Account_Service_Delivery_Manager_56,Confirmed,01-03-2026,31-03-2026,Vertical_06,Unit_01,Commercial_Model_01
PID_630,PRJ_630,CUST_97,PRJ_Vert_03,PRJ_Exec_03,Standard Billable,Active,PM_116,Project_Manager_116,ASDM_43,Account_Service_Delivery_Manager_43,Confirmed,01-03-2026,31-03-2026,Vertical_03,Unit_01,Commercial_Model_04
PID_1193,PRJ_1193,CUST_107,PRJ_Vert_02,PRJ_Exec_19,Standard Billable,Active,PM_48,Project_Manager_48,ASDM_38,Account_Service_Delivery_Manager_38,Yet to be confirmed,01-03-2026,31-03-2026,Vertical_02,Unit_01,Commercial_Model_04
PID_1194,PRJ_1194,CUST_113,PRJ_Vert_01,PRJ_Exec_01,Standard Billable,Active,PM_138,Project_Manager_138,ASDM_79,Account_Service_Delivery_Manager_78,Confirmed,01-03-2026,31-03-2026,Vertical_01,Unit_01,Commercial_Model_04
PID_1196,PRJ_1196,CUST_114,PRJ_Vert_04,PRJ_Exec_17,Standard Billable,Active,PM_50,Project_Manager_50,ASDM_80,Account_Service_Delivery_Manager_79,Confirmed,01-03-2026,31-03-2026,Vertical_04,Unit_02,Commercial_Model_04
PID_1197,PRJ_1197,CUST_76,PRJ_Vert_08,PRJ_Exec_50,Standard Billable,Active,PM_521,Project_Manager_521,ASDM_63,Account_Service_Delivery_Manager_62,Confirmed,01-03-2026,31-03-2026,Vertical_08,Unit_01,Commercial_Model_04
PID_1934,PRJ_1934,CUST_119,PRJ_Vert_02,PRJ_Exec_02,Standard Billable,Active,PM_144,Project_Manager_144,ASDM_59,Account_Service_Delivery_Manager_58,Yet to be confirmed,01-03-2026,31-03-2026,Vertical_02,Unit_01,Commercial_Model_01
PID_1936,PRJ_1936,CUST_229,PRJ_Vert_04,PRJ_Exec_34,Standard Billable,Active,PM_385,Project_Manager_385,ASDM_120,Account_Service_Delivery_Manager_119,Confirmed,01-03-2026,31-03-2026,Vertical_04,Unit_01,Commercial_Model_02
PID_1100,PRJ_1100,CUST_20,PRJ_Vert_03,PRJ_Exec_03,Standard Billable,Active,PM_28,Project_Manager_28,ASDM_20,Account_Service_Delivery_Manager_20,Confirmed,01-03-2026,31-03-2026,Vertical_03,Unit_01,Commercial_Model_04
PID_1199,PRJ_1199,CUST_266,PRJ_Vert_01,PRJ_Exec_26,Standard Billable,Active,PM_366,Project_Manager_366,ASDM_31,Account_Service_Delivery_Manager_31,Confirmed,01-03-2026,31-03-2026,Vertical_01,Unit_02,Commercial_Model_02
PID_1200,PRJ_1200,CUST_32,PRJ_Vert_05,PRJ_Exec_09,Standard Billable,Active,PM_522,Project_Manager_522,ASDM_33,Account_Service_Delivery_Manager_33,Confirmed,01-03-2026,31-03-2026,Vertical_05,Unit_01,Commercial_Model_04
PID_1201,PRJ_1201,CUST_201,PRJ_Vert_01,PRJ_Exec_01,Standard Billable,Active,PM_268,Project_Manager_268,ASDM_74,Account_Service_Delivery_Manager_73,Yet to be confirmed,01-03-2026,31-03-2026,Vertical_01,Unit_01,Commercial_Model_02
PID_1202,PRJ_1202,CUST_43,PRJ_Vert_02,PRJ_Exec_06,Standard Billable,Active,PM_48,Project_Manager_48,ASDM_06,Account_Service_Delivery_Manager_06,Yet to be confirmed,01-03-2026,31-03-2026,Vertical_02,Unit_01,Commercial_Model_05
PID_1203,PRJ_1203,CUST_99,PRJ_Vert_05,PRJ_Exec_09,Standard Billable,Active,PM_523,Project_Manager_523,ASDM_75,Account_Service_Delivery_Manager_74,Confirmed,01-03-2026,31-03-2026,Vertical_05,Unit_01,Commercial_Model_02
PID_926,PRJ_926,CUST_119,PRJ_Vert_02,PRJ_Exec_02,Standard Billable,Active,PM_144,Project_Manager_144,ASDM_59,Account_Service_Delivery_Manager_58,Yet to be confirmed,01-03-2026,31-03-2026,Vertical_02,Unit_01,Commercial_Model_04
PID_1204,PRJ_1204,CUST_113,PRJ_Vert_01,PRJ_Exec_01,Standard Billable,Active,PM_138,Project_Manager_138,ASDM_79,Account_Service_Delivery_Manager_78,Confirmed,01-03-2026,31-03-2026,Vertical_01,Unit_01,Commercial_Model_04
PID_1205,PRJ_1205,CUST_186,PRJ_Vert_04,PRJ_Exec_34,Standard Billable,Active,PM_239,Project_Manager_239,ASDM_10,Account_Service_Delivery_Manager_10,Confirmed,01-03-2026,31-03-2026,Vertical_04,Unit_01,Commercial_Model_02
PID_1206,PRJ_1206,CUST_342,PRJ_Vert_02,PRJ_Exec_06,Standard Billable,Active,PM_524,Project_Manager_524,ASDM_103,Account_Service_Delivery_Manager_102,Confirmed,01-03-2026,31-03-2026,Vertical_02,Unit_01,Commercial_Model_04
PID_1207,PRJ_1207,CUST_181,PRJ_Vert_05,PRJ_Exec_16,Standard Billable,Active,PM_230,Project_Manager_230,ASDM_76,Account_Service_Delivery_Manager_75,Yet to be confirmed,01-03-2026,31-03-2026,Vertical_05,Unit_01,Commercial_Model_04
PID_1208,PRJ_1208,CUST_106,PRJ_Vert_06,PRJ_Exec_12,Standard Billable,Active,PM_129,Project_Manager_129,ASDM_14,Account_Service_Delivery_Manager_14,Confirmed,01-03-2026,31-03-2026,Vertical_06,Unit_01,Commercial_Model_02
PID_1209,PRJ_1209,CUST_12,PRJ_Vert_03,PRJ_Exec_03,Standard Billable,Active,PM_333,Project_Manager_333,ASDM_20,Account_Service_Delivery_Manager_20,Confirmed,01-03-2026,31-03-2026,Vertical_03,Unit_01,Commercial_Model_04
PID_1210,PRJ_1210,CUST_13,PRJ_Vert_06,PRJ_Exec_11,Standard Billable,Active,PM_525,Project_Manager_525,ASDM_13,Account_Service_Delivery_Manager_13,Confirmed,01-03-2026,31-03-2026,Vertical_06,Unit_01,Commercial_Model_02
PID_1212,PRJ_1212,CUST_323,PRJ_Vert_02,PRJ_Exec_15,Standard Billable,Active,PM_295,Project_Manager_295,ASDM_77,Account_Service_Delivery_Manager_76,Confirmed,01-03-2026,31-03-2026,Vertical_02,Unit_01,Commercial_Model_04
PID_1715,PRJ_1715,CUST_32,PRJ_Vert_05,PRJ_Exec_09,Customer Non Billable,Active,PM_364,Project_Manager_364,ASDM_131,Account_Service_Delivery_Manager_130,Confirmed,01-03-2026,31-03-2026,Vertical_05,Unit_01,Commercial_Model_05
PID_1213,PRJ_1213,CUST_265,PRJ_Vert_01,PRJ_Exec_20,Standard Billable,Active,PM_70,Project_Manager_70,ASDM_57,Account_Service_Delivery_Manager_57,Confirmed,01-03-2026,31-03-2026,Vertical_01,Unit_01,Commercial_Model_04
PID_1214,PRJ_1214,CUST_343,PRJ_Vert_05,PRJ_Exec_09,Standard Billable,Active,PM_177,Project_Manager_177,ASDM_42,Account_Service_Delivery_Manager_42,Confirmed,01-03-2026,31-03-2026,Vertical_05,Unit_01,Commercial_Model_05
PID_1215,PRJ_1215,CUST_47,PRJ_Vert_01,PRJ_Exec_16,Standard Billable,Active,PM_165,Project_Manager_165,ASDM_45,Account_Service_Delivery_Manager_45,Confirmed,01-03-2026,31-03-2026,Vertical_01,Unit_01,Commercial_Model_02
PID_1216,PRJ_1216,CUST_120,PRJ_Vert_02,PRJ_Exec_23,Standard Billable,Active,PM_150,Project_Manager_150,ASDM_60,Account_Service_Delivery_Manager_59,Yet to be confirmed,01-03-2026,31-03-2026,Vertical_02,Unit_01,Commercial_Model_01
PID_1217,PRJ_1217,CUST_205,PRJ_Vert_01,PRJ_Exec_01,Standard Billable,Active,PM_01,Project_Manager_01,ASDM_01,Account_Service_Delivery_Manager_01,Confirmed,01-03-2026,31-03-2026,Vertical_01,Unit_01,Commercial_Model_04
PID_1218,PRJ_1218,CUST_31,PRJ_Vert_02,PRJ_Exec_05,Standard Billable,Active,PM_33,Project_Manager_33,ASDM_73,Account_Service_Delivery_Manager_72,Yet to be confirmed,01-03-2026,31-03-2026,Vertical_02,Unit_01,Commercial_Model_04
PID_1219,PRJ_1219,CUST_344,PRJ_Vert_02,PRJ_Exec_15,Standard Billable,Active,PM_357,Project_Manager_357,ASDM_84,Account_Service_Delivery_Manager_83,Yet to be confirmed,01-03-2026,31-03-2026,Vertical_02,Unit_01,Commercial_Model_01
PID_1220,PRJ_1220,CUST_345,PRJ_Vert_04,PRJ_Exec_08,Standard Billable,Active,PM_526,Project_Manager_526,ASDM_09,Account_Service_Delivery_Manager_09,Confirmed,01-03-2026,31-03-2026,Vertical_04,Unit_01,Commercial_Model_04
PID_1221,PRJ_1221,CUST_111,PRJ_Vert_04,PRJ_Exec_08,Standard Billable,Active,PM_136,Project_Manager_136,ASDM_78,Account_Service_Delivery_Manager_77,Confirmed,01-03-2026,31-03-2026,Vertical_04,Unit_01,Commercial_Model_02
PID_1222,PRJ_1222,CUST_201,PRJ_Vert_01,PRJ_Exec_01,Standard Billable,Active,PM_268,Project_Manager_268,ASDM_74,Account_Service_Delivery_Manager_73,Yet to be confirmed,01-03-2026,31-03-2026,Vertical_01,Unit_01,Commercial_Model_02
PID_1223,PRJ_1223,CUST_198,PRJ_Vert_05,PRJ_Exec_26,Standard Billable,Active,PM_483,Project_Manager_483,ASDM_101,Account_Service_Delivery_Manager_100,Confirmed,01-03-2026,31-03-2026,Vertical_05,Unit_02,Commercial_Model_04
PID_559,PRJ_559,CUST_232,PRJ_Vert_04,PRJ_Exec_08,Standard Billable,Active,PM_240,Project_Manager_240,ASDM_105,Account_Service_Delivery_Manager_104,Confirmed,01-03-2026,31-03-2026,Vertical_04,Unit_01,Commercial_Model_04
PID_947,PRJ_947,CUST_305,PRJ_Vert_02,PRJ_Exec_02,Standard Billable,Active,PM_144,Project_Manager_144,ASDM_59,Account_Service_Delivery_Manager_58,Yet to be confirmed,01-03-2026,31-03-2026,Vertical_02,Unit_01,Commercial_Model_04
PID_413,PRJ_413,CUST_121,PRJ_Vert_01,PRJ_Exec_24,Standard Billable,Active,PM_146,Project_Manager_146,ASDM_81,Account_Service_Delivery_Manager_80,Confirmed,01-03-2026,31-03-2026,Vertical_01,Unit_01,Commercial_Model_02
PID_577,PRJ_577,CUST_125,PRJ_Vert_04,PRJ_Exec_31,Standard Billable,Active,PM_136,Project_Manager_136,ASDM_78,Account_Service_Delivery_Manager_77,Confirmed,01-03-2026,31-03-2026,Vertical_04,Unit_01,Commercial_Model_02
PID_1227,PRJ_1227,CUST_261,PRJ_Vert_01,PRJ_Exec_01,Standard Billable,Active,PM_268,Project_Manager_268,ASDM_74,Account_Service_Delivery_Manager_73,Yet to be confirmed,01-03-2026,31-03-2026,Vertical_01,Unit_01,Commercial_Model_05
PID_1228,PRJ_1228,CUST_347,PRJ_Vert_07,PRJ_Exec_07,Standard Billable,Active,PM_456,Project_Manager_456,ASDM_08,Account_Service_Delivery_Manager_08,Confirmed,01-03-2026,31-03-2026,Vertical_07,Unit_02,Commercial_Model_02
PID_1230,PRJ_1230,CUST_02,PRJ_Vert_02,PRJ_Exec_02,Standard Billable,Active,PM_528,Project_Manager_528,ASDM_02,Account_Service_Delivery_Manager_02,Yet to be confirmed,01-03-2026,31-03-2026,Vertical_02,Unit_01,Commercial_Model_05
PID_1195,PRJ_1195,CUST_341,PRJ_Vert_06,PRJ_Exec_29,Standard Billable,Active,PM_108,Project_Manager_108,ASDM_66,Account_Service_Delivery_Manager_65,Confirmed,01-03-2026,31-03-2026,Vertical_06,Unit_01,Commercial_Model_04
PID_1232,PRJ_1232,CUST_80,PRJ_Vert_02,PRJ_Exec_06,Standard Billable,Active,PM_96,Project_Manager_96,ASDM_06,Account_Service_Delivery_Manager_06,Yet to be confirmed,01-03-2026,31-03-2026,Vertical_02,Unit_01,Commercial_Model_04
PID_1233,PRJ_1233,CUST_349,PRJ_Vert_01,PRJ_Exec_01,Standard Billable,Active,PM_01,Project_Manager_01,ASDM_01,Account_Service_Delivery_Manager_01,Confirmed,01-03-2026,31-03-2026,Vertical_01,Unit_01,Commercial_Model_04
PID_1234,PRJ_1234,CUST_38,PRJ_Vert_03,PRJ_Exec_03,Standard Billable,Active,PM_42,Project_Manager_42,ASDM_40,Account_Service_Delivery_Manager_40,Confirmed,01-03-2026,31-03-2026,Vertical_03,Unit_01,Commercial_Model_01
PID_1235,PRJ_1235,CUST_198,PRJ_Vert_05,PRJ_Exec_09,Standard Billable,Active,PM_257,Project_Manager_257,ASDM_75,Account_Service_Delivery_Manager_74,Confirmed,01-03-2026,31-03-2026,Vertical_05,Unit_01,Commercial_Model_04
PID_1236,PRJ_1236,CUST_33,PRJ_Vert_02,PRJ_Exec_26,Standard Billable,Active,PM_529,Project_Manager_529,ASDM_132,Account_Service_Delivery_Manager_131,Confirmed,01-03-2026,31-03-2026,Vertical_02,Unit_02,Commercial_Model_03
PID_1237,PRJ_1237,CUST_133,PRJ_Vert_05,PRJ_Exec_09,Standard Billable,Active,PM_127,Project_Manager_127,ASDM_76,Account_Service_Delivery_Manager_75,Yet to be confirmed,01-03-2026,31-03-2026,Vertical_05,Unit_01,Commercial_Model_04
PID_693,PRJ_693,CUST_32,PRJ_Vert_05,PRJ_Exec_09,Customer Non Billable,Active,PM_364,Project_Manager_364,ASDM_131,Account_Service_Delivery_Manager_130,Confirmed,01-03-2026,31-03-2026,Vertical_05,Unit_01,Commercial_Model_05
PID_1239,PRJ_1239,CUST_205,PRJ_Vert_01,PRJ_Exec_01,Standard Billable,Active,PM_01,Project_Manager_01,ASDM_01,Account_Service_Delivery_Manager_01,Confirmed,01-03-2026,31-03-2026,Vertical_01,Unit_01,Commercial_Model_04
PID_1984,PRJ_1984,CUST_31,PRJ_Vert_02,PRJ_Exec_23,Standard Billable,Active,PM_111,Project_Manager_111,ASDM_73,Account_Service_Delivery_Manager_72,Yet to be confirmed,01-03-2026,31-03-2026,Vertical_02,Unit_01,Commercial_Model_04
PID_1240,PRJ_1240,CUST_172,PRJ_Vert_01,PRJ_Exec_45,Standard Billable,Active,PM_530,Project_Manager_530,ASDM_28,Account_Service_Delivery_Manager_28,Confirmed,01-03-2026,31-03-2026,Vertical_01,Unit_01,Commercial_Model_01
PID_1986,PRJ_1986,CUST_185,PRJ_Vert_05,PRJ_Exec_27,Standard Billable,Active,PM_236,Project_Manager_236,ASDM_97,Account_Service_Delivery_Manager_96,Confirmed,01-03-2026,31-03-2026,Vertical_05,Unit_01,Commercial_Model_04
PID_1241,PRJ_1241,CUST_89,PRJ_Vert_03,PRJ_Exec_03,Standard Billable,Active,PM_105,Project_Manager_105,ASDM_70,Account_Service_Delivery_Manager_69,Confirmed,01-03-2026,31-03-2026,Vertical_03,Unit_01,Commercial_Model_04
PID_1242,PRJ_1242,CUST_132,PRJ_Vert_01,PRJ_Exec_24,Standard Billable,Active,PM_158,Project_Manager_158,ASDM_87,Account_Service_Delivery_Manager_86,Confirmed,01-03-2026,31-03-2026,Vertical_01,Unit_01,Commercial_Model_04
PID_1243,PRJ_1243,CUST_24,PRJ_Vert_01,PRJ_Exec_13,Standard Billable,Active,PM_24,Project_Manager_24,ASDM_24,Account_Service_Delivery_Manager_24,Confirmed,01-03-2026,31-03-2026,Vertical_01,Unit_02,Commercial_Model_04
PID_196,PRJ_196,CUST_127,PRJ_Vert_01,PRJ_Exec_17,Standard Billable,Active,PM_151,Project_Manager_151,ASDM_83,Account_Service_Delivery_Manager_82,Confirmed,01-03-2026,31-03-2026,Vertical_01,Unit_02,Commercial_Model_02
PID_1245,PRJ_1245,CUST_350,PRJ_Vert_02,PRJ_Exec_15,Standard Billable,Active,PM_531,Project_Manager_531,ASDM_22,Account_Service_Delivery_Manager_22,Yet to be confirmed,01-03-2026,31-03-2026,Vertical_02,Unit_01,Commercial_Model_04
PID_1246,PRJ_1246,CUST_76,PRJ_Vert_08,PRJ_Exec_55,Standard Billable,Active,PM_521,Project_Manager_521,ASDM_63,Account_Service_Delivery_Manager_62,Confirmed,01-03-2026,31-03-2026,Vertical_08,Unit_01,Commercial_Model_04
PID_1247,PRJ_1247,CUST_159,PRJ_Vert_02,PRJ_Exec_19,Standard Billable,Active,PM_202,Project_Manager_202,ASDM_30,Account_Service_Delivery_Manager_30,Confirmed,01-03-2026,31-03-2026,Vertical_02,Unit_01,Commercial_Model_02
PID_1248,PRJ_1248,CUST_94,PRJ_Vert_01,PRJ_Exec_16,Standard Billable,Active,PM_259,Project_Manager_259,ASDM_45,Account_Service_Delivery_Manager_45,Confirmed,01-03-2026,31-03-2026,Vertical_01,Unit_01,Commercial_Model_04
PID_1249,PRJ_1249,CUST_38,PRJ_Vert_03,PRJ_Exec_03,Standard Billable,Active,PM_42,Project_Manager_42,ASDM_40,Account_Service_Delivery_Manager_40,Confirmed,01-03-2026,31-03-2026,Vertical_03,Unit_01,Commercial_Model_01
PID_1250,PRJ_1250,CUST_137,PRJ_Vert_05,PRJ_Exec_16,Standard Billable,Active,PM_475,Project_Manager_475,ASDM_89,Account_Service_Delivery_Manager_88,Confirmed,01-03-2026,31-03-2026,Vertical_05,Unit_01,Commercial_Model_04
PID_1251,PRJ_1251,CUST_62,PRJ_Vert_06,PRJ_Exec_32,Standard Billable,Active,PM_139,Project_Manager_139,ASDM_56,Account_Service_Delivery_Manager_56,Confirmed,01-03-2026,31-03-2026,Vertical_06,Unit_01,Commercial_Model_02
PID_1252,PRJ_1252,CUST_62,PRJ_Vert_06,PRJ_Exec_32,Standard Billable,Active,PM_139,Project_Manager_139,ASDM_56,Account_Service_Delivery_Manager_56,Confirmed,01-03-2026,31-03-2026,Vertical_06,Unit_01,Commercial_Model_01
PID_1253,PRJ_1253,CUST_315,PRJ_Vert_08,PRJ_Exec_26,Standard Billable,Active,PM_369,Project_Manager_369,ASDM_125,Account_Service_Delivery_Manager_124,Confirmed,01-03-2026,31-03-2026,Vertical_08,Unit_02,Commercial_Model_01
PID_1254,PRJ_1254,CUST_91,PRJ_Vert_02,PRJ_Exec_19,Standard Billable,Active,PM_71,Project_Manager_71,ASDM_58,Account_Service_Delivery_Manager_50,Confirmed,01-03-2026,31-03-2026,Vertical_02,Unit_01,Commercial_Model_02
PID_1998,PRJ_1998,CUST_167,PRJ_Vert_02,PRJ_Exec_02,Standard Billable,Active,PM_144,Project_Manager_144,,,Yet to be confirmed,01-03-2026,31-03-2026,Vertical_02,Unit_01,Commercial_Model_01
PID_1256,PRJ_1256,CUST_59,PRJ_Vert_08,PRJ_Exec_05,Standard Billable,Active,PM_532,Project_Manager_532,ASDM_54,Account_Service_Delivery_Manager_54,Yet to be confirmed,01-03-2026,31-03-2026,Vertical_08,Unit_01,Commercial_Model_02
PID_1257,PRJ_1257,CUST_133,PRJ_Vert_05,PRJ_Exec_09,Standard Billable,Active,PM_252,Project_Manager_252,ASDM_76,Account_Service_Delivery_Manager_75,Yet to be confirmed,01-03-2026,31-03-2026,Vertical_05,Unit_01,Commercial_Model_04
PID_1258,PRJ_1258,CUST_82,PRJ_Vert_06,PRJ_Exec_29,Standard Billable,Active,PM_108,Project_Manager_108,ASDM_66,Account_Service_Delivery_Manager_65,Confirmed,01-03-2026,31-03-2026,Vertical_06,Unit_01,Commercial_Model_04
PID_2000,PRJ_2000,CUST_120,PRJ_Vert_02,PRJ_Exec_23,Standard Billable,Active,PM_262,Project_Manager_262,ASDM_60,Account_Service_Delivery_Manager_59,Confirmed,01-03-2026,31-03-2026,Vertical_02,Unit_01,Commercial_Model_02
PID_1259,PRJ_1259,CUST_27,PRJ_Vert_03,PRJ_Exec_03,Standard Billable,Active,PM_533,Project_Manager_533,ASDM_27,Account_Service_Delivery_Manager_27,Yet to be confirmed,01-03-2026,31-03-2026,Vertical_03,Unit_01,Commercial_Model_04
PID_1260,PRJ_1260,CUST_39,PRJ_Vert_01,PRJ_Exec_05,Standard Billable,Active,PM_44,Project_Manager_44,ASDM_41,Account_Service_Delivery_Manager_41,Confirmed,01-03-2026,31-03-2026,Vertical_01,Unit_01,Commercial_Model_02
PID_1261,PRJ_1261,CUST_01,PRJ_Vert_01,PRJ_Exec_26,Standard Billable,Active,PM_534,Project_Manager_534,ASDM_133,Account_Service_Delivery_Manager_132,Confirmed,01-03-2026,31-03-2026,Vertical_01,Unit_02,Commercial_Model_01
PID_1263,PRJ_1263,CUST_351,PRJ_Vert_01,PRJ_Exec_49,Standard Billable,Active,PM_535,Project_Manager_535,ASDM_39,Account_Service_Delivery_Manager_39,Confirmed,01-03-2026,31-03-2026,Vertical_01,Unit_01,Commercial_Model_01
PID_2002,PRJ_2002,CUST_202,PRJ_Vert_05,PRJ_Exec_09,Standard Billable,Active,PM_276,Project_Manager_276,ASDM_76,Account_Service_Delivery_Manager_75,Confirmed,01-03-2026,31-03-2026,Vertical_05,Unit_01,Commercial_Model_04
PID_1265,PRJ_1265,CUST_204,PRJ_Vert_05,PRJ_Exec_09,Standard Billable,Active,PM_537,Project_Manager_537,ASDM_76,Account_Service_Delivery_Manager_75,Yet to be confirmed,01-03-2026,31-03-2026,Vertical_05,Unit_01,Commercial_Model_04
PID_1266,PRJ_1266,CUST_352,PRJ_Vert_07,PRJ_Exec_39,Standard Billable,Active,PM_68,Project_Manager_68,ASDM_16,Account_Service_Delivery_Manager_16,Confirmed,01-03-2026,31-03-2026,Vertical_07,Unit_01,Commercial_Model_04
PID_1267,PRJ_1267,CUST_47,PRJ_Vert_01,PRJ_Exec_24,Standard Billable,Active,PM_159,Project_Manager_159,ASDM_45,Account_Service_Delivery_Manager_45,Yet to be confirmed,01-03-2026,31-03-2026,Vertical_01,Unit_01,Commercial_Model_04
PID_1268,PRJ_1268,CUST_137,PRJ_Vert_05,PRJ_Exec_16,Standard Billable,Active,PM_167,Project_Manager_167,ASDM_89,Account_Service_Delivery_Manager_88,Confirmed,01-03-2026,31-03-2026,Vertical_05,Unit_01,Commercial_Model_04
PID_1269,PRJ_1269,CUST_315,PRJ_Vert_08,PRJ_Exec_26,Standard Billable,Active,PM_369,Project_Manager_369,ASDM_125,Account_Service_Delivery_Manager_124,Confirmed,01-03-2026,31-03-2026,Vertical_08,Unit_02,Commercial_Model_01
PID_1270,PRJ_1270,CUST_72,PRJ_Vert_01,PRJ_Exec_01,Standard Billable,Active,PM_86,Project_Manager_86,ASDM_79,Account_Service_Delivery_Manager_78,Confirmed,01-03-2026,31-03-2026,Vertical_01,Unit_01,Commercial_Model_01
PID_1271,PRJ_1271,CUST_247,PRJ_Vert_01,PRJ_Exec_24,Standard Billable,Active,PM_350,Project_Manager_350,ASDM_52,Account_Service_Delivery_Manager_52,Confirmed,01-03-2026,31-03-2026,Vertical_01,Unit_01,Commercial_Model_02
PID_1273,PRJ_1273,CUST_30,PRJ_Vert_01,PRJ_Exec_26,Standard Billable,Active,PM_539,Project_Manager_539,ASDM_101,Account_Service_Delivery_Manager_100,Confirmed,01-03-2026,31-03-2026,Vertical_01,Unit_02,Commercial_Model_04
PID_1274,PRJ_1274,CUST_108,PRJ_Vert_02,PRJ_Exec_15,Standard Billable,Active,PM_153,Project_Manager_153,ASDM_21,Account_Service_Delivery_Manager_21,Yet to be confirmed,01-03-2026,31-03-2026,Vertical_02,Unit_01,Commercial_Model_01
PID_1276,PRJ_1276,CUST_126,PRJ_Vert_04,PRJ_Exec_34,Standard Billable,Active,PM_540,Project_Manager_540,ASDM_10,Account_Service_Delivery_Manager_10,Confirmed,01-03-2026,31-03-2026,Vertical_04,Unit_01,Commercial_Model_04
PID_1277,PRJ_1277,CUST_164,PRJ_Vert_03,PRJ_Exec_03,Standard Billable,Active,PM_171,Project_Manager_171,ASDM_20,Account_Service_Delivery_Manager_20,Confirmed,01-03-2026,31-03-2026,Vertical_03,Unit_01,Commercial_Model_01
PID_1278,PRJ_1278,CUST_354,PRJ_Vert_02,PRJ_Exec_15,Standard Billable,Active,PM_541,Project_Manager_541,ASDM_77,Account_Service_Delivery_Manager_76,Confirmed,01-03-2026,31-03-2026,Vertical_02,Unit_01,Commercial_Model_02
PID_1279,PRJ_1279,CUST_67,PRJ_Vert_02,PRJ_Exec_23,Standard Billable,Active,PM_253,Project_Manager_253,ASDM_59,Account_Service_Delivery_Manager_58,Confirmed,01-03-2026,31-03-2026,Vertical_02,Unit_01,Commercial_Model_01
PID_1280,PRJ_1280,CUST_189,PRJ_Vert_03,PRJ_Exec_03,Standard Billable,Active,PM_448,Project_Manager_448,ASDM_46,Account_Service_Delivery_Manager_46,Confirmed,01-03-2026,31-03-2026,Vertical_03,Unit_01,Commercial_Model_01
PID_1281,PRJ_1281,CUST_108,PRJ_Vert_02,PRJ_Exec_15,Standard Billable,Active,PM_153,Project_Manager_153,ASDM_21,Account_Service_Delivery_Manager_21,Yet to be confirmed,01-03-2026,31-03-2026,Vertical_02,Unit_01,Commercial_Model_01
PID_725,PRJ_725,CUST_119,PRJ_Vert_02,PRJ_Exec_02,Standard Billable,Active,PM_375,Project_Manager_375,ASDM_59,Account_Service_Delivery_Manager_58,Yet to be confirmed,01-03-2026,31-03-2026,Vertical_02,Unit_01,Commercial_Model_04
PID_1282,PRJ_1282,CUST_42,PRJ_Vert_05,PRJ_Exec_30,Standard Billable,Active,PM_219,Project_Manager_219,ASDM_98,Account_Service_Delivery_Manager_97,Confirmed,01-03-2026,31-03-2026,Vertical_05,Unit_02,Commercial_Model_04
PID_1283,PRJ_1283,CUST_108,PRJ_Vert_02,PRJ_Exec_15,Standard Billable,Active,PM_153,Project_Manager_153,ASDM_21,Account_Service_Delivery_Manager_21,Yet to be confirmed,01-03-2026,31-03-2026,Vertical_02,Unit_01,Commercial_Model_01
PID_1783,PRJ_1783,CUST_410,PRJ_Vert_10,PRJ_Exec_57,Standard Billable,Active,PM_01,Project_Manager_01,,,Yet to be confirmed,01-03-2026,31-03-2026,Vertical_01,Unit_01,Commercial_Model_05
PID_1284,PRJ_1284,CUST_355,PRJ_Vert_05,PRJ_Exec_09,Standard Billable,Active,PM_542,Project_Manager_542,ASDM_134,Account_Service_Delivery_Manager_133,Confirmed,01-03-2026,31-03-2026,Vertical_05,Unit_01,Commercial_Model_01
PID_1285,PRJ_1285,CUST_205,PRJ_Vert_01,PRJ_Exec_01,Standard Billable,Active,PM_01,Project_Manager_01,ASDM_01,Account_Service_Delivery_Manager_01,Confirmed,01-03-2026,31-03-2026,Vertical_01,Unit_01,Commercial_Model_05
PID_1286,PRJ_1286,CUST_52,PRJ_Vert_02,PRJ_Exec_15,Standard Billable,Active,PM_419,Project_Manager_419,ASDM_121,Account_Service_Delivery_Manager_120,Confirmed,01-03-2026,31-03-2026,Vertical_02,Unit_01,Commercial_Model_01
PID_1287,PRJ_1287,CUST_176,PRJ_Vert_02,PRJ_Exec_02,Standard Billable,Active,PM_374,Project_Manager_374,ASDM_02,Account_Service_Delivery_Manager_02,Yet to be confirmed,01-03-2026,31-03-2026,Vertical_02,Unit_01,Commercial_Model_04
PID_1545,PRJ_1545,CUST_119,PRJ_Vert_02,PRJ_Exec_02,Standard Billable,Active,PM_375,Project_Manager_375,ASDM_59,Account_Service_Delivery_Manager_58,Yet to be confirmed,01-03-2026,31-03-2026,Vertical_02,Unit_01,Commercial_Model_04
PID_1288,PRJ_1288,CUST_356,PRJ_Vert_07,PRJ_Exec_39,Standard Billable,Active,PM_68,Project_Manager_68,ASDM_16,Account_Service_Delivery_Manager_16,Confirmed,01-03-2026,31-03-2026,Vertical_07,Unit_01,Commercial_Model_01
PID_1289,PRJ_1289,CUST_113,PRJ_Vert_01,PRJ_Exec_01,Standard Billable,Active,PM_138,Project_Manager_138,ASDM_79,Account_Service_Delivery_Manager_78,Confirmed,01-03-2026,31-03-2026,Vertical_01,Unit_01,Commercial_Model_04
PID_1290,PRJ_1290,CUST_111,PRJ_Vert_04,PRJ_Exec_38,Standard Billable,Active,PM_136,Project_Manager_136,ASDM_78,Account_Service_Delivery_Manager_77,Confirmed,01-03-2026,31-03-2026,Vertical_04,Unit_01,Commercial_Model_02
PID_1291,PRJ_1291,CUST_113,PRJ_Vert_01,PRJ_Exec_01,Standard Billable,Active,PM_138,Project_Manager_138,ASDM_79,Account_Service_Delivery_Manager_78,Confirmed,01-03-2026,31-03-2026,Vertical_01,Unit_01,Commercial_Model_04
PID_1292,PRJ_1292,CUST_113,PRJ_Vert_01,PRJ_Exec_01,Standard Billable,Active,PM_138,Project_Manager_138,ASDM_79,Account_Service_Delivery_Manager_78,Confirmed,01-03-2026,31-03-2026,Vertical_01,Unit_01,Commercial_Model_04
PID_1838,PRJ_1838,CUST_282,PRJ_Vert_01,PRJ_Exec_05,Standard Billable,Active,PM_94,Project_Manager_94,ASDM_64,Account_Service_Delivery_Manager_63,Yet to be confirmed,01-03-2026,31-03-2026,Vertical_01,Unit_01,Commercial_Model_02
PID_1293,PRJ_1293,CUST_215,PRJ_Vert_05,PRJ_Exec_09,Standard Billable,Active,PM_543,Project_Manager_543,ASDM_112,Account_Service_Delivery_Manager_111,Confirmed,01-03-2026,31-03-2026,Vertical_05,Unit_01,Commercial_Model_04
PID_1294,PRJ_1294,CUST_12,PRJ_Vert_03,PRJ_Exec_10,Standard Billable,Active,PM_12,Project_Manager_12,ASDM_12,Account_Service_Delivery_Manager_12,Yet to be confirmed,01-03-2026,31-03-2026,Vertical_03,Unit_02,Commercial_Model_02
PID_1295,PRJ_1295,CUST_125,PRJ_Vert_04,PRJ_Exec_31,Standard Billable,Active,PM_136,Project_Manager_136,ASDM_78,Account_Service_Delivery_Manager_77,Confirmed,01-03-2026,31-03-2026,Vertical_04,Unit_01,Commercial_Model_02
PID_1272,PRJ_1272,CUST_412,PRJ_Vert_08,PRJ_Exec_36,Standard Billable,Active,PM_538,Project_Manager_538,ASDM_108,Account_Service_Delivery_Manager_107,Confirmed,01-03-2026,31-03-2026,Vertical_08,Unit_01,Commercial_Model_05
PID_1296,PRJ_1296,CUST_146,PRJ_Vert_03,PRJ_Exec_30,Standard Billable,Active,PM_354,Project_Manager_354,ASDM_98,Account_Service_Delivery_Manager_97,Confirmed,01-03-2026,31-03-2026,Vertical_03,Unit_02,Commercial_Model_04
PID_1297,PRJ_1297,CUST_17,PRJ_Vert_04,PRJ_Exec_40,Standard Billable,Active,PM_246,Project_Manager_246,ASDM_09,Account_Service_Delivery_Manager_09,Yet to be confirmed,01-03-2026,31-03-2026,Vertical_04,Unit_01,Commercial_Model_02
PID_1298,PRJ_1298,CUST_108,PRJ_Vert_02,PRJ_Exec_15,Standard Billable,Active,PM_310,Project_Manager_310,ASDM_21,Account_Service_Delivery_Manager_21,Yet to be confirmed,01-03-2026,31-03-2026,Vertical_02,Unit_01,Commercial_Model_01
PID_1299,PRJ_1299,CUST_189,PRJ_Vert_03,PRJ_Exec_10,Standard Billable,Active,PM_386,Project_Manager_386,ASDM_113,Account_Service_Delivery_Manager_112,Yet to be confirmed,01-03-2026,31-03-2026,Vertical_03,Unit_02,Commercial_Model_02
PID_1300,PRJ_1300,CUST_12,PRJ_Vert_03,PRJ_Exec_10,Standard Billable,Active,PM_12,Project_Manager_12,ASDM_12,Account_Service_Delivery_Manager_12,Yet to be confirmed,01-03-2026,31-03-2026,Vertical_03,Unit_02,Commercial_Model_02
PID_474,PRJ_474,CUST_200,PRJ_Vert_01,PRJ_Exec_20,Standard Billable,Active,PM_263,Project_Manager_263,ASDM_31,Account_Service_Delivery_Manager_31,Confirmed,01-03-2026,31-03-2026,Vertical_01,Unit_01,Commercial_Model_01
PID_1301,PRJ_1301,CUST_59,PRJ_Vert_08,PRJ_Exec_05,Standard Billable,Active,PM_532,Project_Manager_532,ASDM_135,Account_Service_Delivery_Manager_134,Yet to be confirmed,01-03-2026,31-03-2026,Vertical_08,Unit_01,Commercial_Model_02
PID_1303,PRJ_1303,CUST_15,PRJ_Vert_01,PRJ_Exec_44,Standard Billable,Active,PM_15,Project_Manager_15,ASDM_15,Account_Service_Delivery_Manager_15,Confirmed,01-03-2026,31-03-2026,Vertical_01,Unit_02,Commercial_Model_03
PID_1304,PRJ_1304,CUST_04,PRJ_Vert_04,PRJ_Exec_04,Standard Billable,Active,PM_544,Project_Manager_544,ASDM_04,Account_Service_Delivery_Manager_04,Yet to be confirmed,01-03-2026,31-03-2026,Vertical_04,Unit_01,Commercial_Model_04
PID_1305,PRJ_1305,CUST_243,PRJ_Vert_02,PRJ_Exec_05,Standard Billable,Active,PM_344,Project_Manager_344,ASDM_84,Account_Service_Delivery_Manager_83,Yet to be confirmed,01-03-2026,31-03-2026,Vertical_02,Unit_01,Commercial_Model_02
PID_1306,PRJ_1306,CUST_106,PRJ_Vert_06,PRJ_Exec_12,Standard Billable,Active,PM_129,Project_Manager_129,ASDM_14,Account_Service_Delivery_Manager_14,Confirmed,01-03-2026,31-03-2026,Vertical_06,Unit_01,Commercial_Model_02
PID_1307,PRJ_1307,CUST_120,PRJ_Vert_02,PRJ_Exec_23,Standard Billable,Active,PM_545,Project_Manager_545,ASDM_60,Account_Service_Delivery_Manager_59,Yet to be confirmed,01-03-2026,31-03-2026,Vertical_02,Unit_01,Commercial_Model_02
PID_1308,PRJ_1308,CUST_158,PRJ_Vert_05,PRJ_Exec_30,Standard Billable,Active,PM_201,Project_Manager_201,ASDM_98,Account_Service_Delivery_Manager_97,Confirmed,01-03-2026,31-03-2026,Vertical_05,Unit_02,Commercial_Model_02
PID_1026,PRJ_1026,CUST_319,PRJ_Vert_06,PRJ_Exec_16,Standard Billable,Active,PM_458,Project_Manager_458,,,Confirmed,01-03-2026,31-03-2026,Vertical_06,Unit_01,Commercial_Model_04
PID_1309,PRJ_1309,CUST_252,PRJ_Vert_04,PRJ_Exec_13,Standard Billable,Active,PM_23,Project_Manager_23,ASDM_23,Account_Service_Delivery_Manager_23,Yet to be confirmed,01-03-2026,31-03-2026,Vertical_04,Unit_02,Commercial_Model_03
PID_1310,PRJ_1310,CUST_189,PRJ_Vert_03,PRJ_Exec_03,Standard Billable,Active,PM_546,Project_Manager_546,ASDM_46,Account_Service_Delivery_Manager_46,Confirmed,01-03-2026,31-03-2026,Vertical_03,Unit_01,Commercial_Model_04
PID_1311,PRJ_1311,CUST_350,PRJ_Vert_02,PRJ_Exec_15,Standard Billable,Active,PM_531,Project_Manager_531,ASDM_22,Account_Service_Delivery_Manager_22,Yet to be confirmed,01-03-2026,31-03-2026,Vertical_02,Unit_01,Commercial_Model_04
PID_1312,PRJ_1312,CUST_333,PRJ_Vert_06,PRJ_Exec_51,Standard Billable,Active,PM_500,Project_Manager_500,ASDM_35,Account_Service_Delivery_Manager_35,Confirmed,01-03-2026,31-03-2026,Vertical_06,Unit_02,Commercial_Model_02
PID_1313,PRJ_1313,CUST_145,PRJ_Vert_02,PRJ_Exec_19,Standard Billable,Active,PM_179,Project_Manager_179,ASDM_85,Account_Service_Delivery_Manager_84,Yet to be confirmed,01-03-2026,31-03-2026,Vertical_02,Unit_01,Commercial_Model_02
PID_1314,PRJ_1314,CUST_38,PRJ_Vert_03,PRJ_Exec_03,Standard Billable,Active,PM_42,Project_Manager_42,ASDM_40,Account_Service_Delivery_Manager_40,Confirmed,01-03-2026,31-03-2026,Vertical_03,Unit_01,Commercial_Model_04
PID_1315,PRJ_1315,CUST_303,PRJ_Vert_04,PRJ_Exec_44,Standard Billable,Active,PM_176,Project_Manager_176,ASDM_23,Account_Service_Delivery_Manager_23,Yet to be confirmed,01-03-2026,31-03-2026,Vertical_04,Unit_02,Commercial_Model_03
PID_1316,PRJ_1316,CUST_32,PRJ_Vert_05,PRJ_Exec_09,Standard Billable,Active,PM_547,Project_Manager_547,ASDM_33,Account_Service_Delivery_Manager_33,Confirmed,01-03-2026,31-03-2026,Vertical_05,Unit_01,Commercial_Model_04
PID_1317,PRJ_1317,CUST_357,PRJ_Vert_03,PRJ_Exec_05,Standard Billable,Active,PM_548,Project_Manager_548,ASDM_136,Account_Service_Delivery_Manager_135,Confirmed,01-03-2026,31-03-2026,Vertical_03,Unit_01,Commercial_Model_02
PID_1318,PRJ_1318,CUST_59,PRJ_Vert_08,PRJ_Exec_05,Standard Billable,Active,PM_549,Project_Manager_549,ASDM_137,Account_Service_Delivery_Manager_136,Yet to be confirmed,01-03-2026,31-03-2026,Vertical_08,Unit_01,Commercial_Model_03
PID_1319,PRJ_1319,CUST_106,PRJ_Vert_06,PRJ_Exec_12,Standard Billable,Active,PM_129,Project_Manager_129,ASDM_14,Account_Service_Delivery_Manager_14,Confirmed,01-03-2026,31-03-2026,Vertical_06,Unit_01,Commercial_Model_02
PID_754,PRJ_754,CUST_277,PRJ_Vert_07,PRJ_Exec_17,Standard Billable,Active,PM_110,Project_Manager_110,ASDM_83,Account_Service_Delivery_Manager_82,Confirmed,01-03-2026,31-03-2026,Vertical_07,Unit_02,Commercial_Model_03
PID_1320,PRJ_1320,CUST_62,PRJ_Vert_06,PRJ_Exec_32,Standard Billable,Active,PM_468,Project_Manager_468,ASDM_56,Account_Service_Delivery_Manager_56,Confirmed,01-03-2026,31-03-2026,Vertical_06,Unit_01,Commercial_Model_02
PID_1321,PRJ_1321,CUST_79,PRJ_Vert_03,PRJ_Exec_03,Standard Billable,Active,PM_445,Project_Manager_445,ASDM_46,Account_Service_Delivery_Manager_46,Confirmed,01-03-2026,31-03-2026,Vertical_03,Unit_01,Commercial_Model_02
PID_1323,PRJ_1323,CUST_13,PRJ_Vert_06,PRJ_Exec_18,Standard Billable,Active,PM_74,Project_Manager_74,ASDM_29,Account_Service_Delivery_Manager_29,Confirmed,01-03-2026,31-03-2026,Vertical_06,Unit_01,Commercial_Model_01
PID_1324,PRJ_1324,CUST_142,PRJ_Vert_01,PRJ_Exec_43,Standard Billable,Active,PM_550,Project_Manager_550,ASDM_91,Account_Service_Delivery_Manager_90,Confirmed,01-03-2026,31-03-2026,Vertical_01,Unit_02,Commercial_Model_02
PID_1325,PRJ_1325,CUST_358,PRJ_Vert_06,PRJ_Exec_13,Standard Billable,Active,PM_551,Project_Manager_551,ASDM_138,Account_Service_Delivery_Manager_137,Confirmed,01-03-2026,31-03-2026,Vertical_06,Unit_02,Commercial_Model_03
PID_1811,PRJ_1811,CUST_227,PRJ_Vert_06,PRJ_Exec_37,Standard Billable,Active,PM_680,Project_Manager_678,ASDM_14,Account_Service_Delivery_Manager_14,Confirmed,01-03-2026,31-03-2026,Vertical_06,Unit_01,Commercial_Model_01
PID_1327,PRJ_1327,CUST_219,PRJ_Vert_02,PRJ_Exec_07,Standard Billable,Active,PM_37,Project_Manager_37,ASDM_35,Account_Service_Delivery_Manager_35,Confirmed,01-03-2026,31-03-2026,Vertical_02,Unit_02,Commercial_Model_03
PID_1330,PRJ_1330,CUST_154,PRJ_Vert_03,PRJ_Exec_03,Standard Billable,Active,PM_294,Project_Manager_294,ASDM_95,Account_Service_Delivery_Manager_94,Confirmed,01-03-2026,31-03-2026,Vertical_03,Unit_01,Commercial_Model_04
PID_259,PRJ_259,CUST_146,PRJ_Vert_03,PRJ_Exec_03,Standard Billable,Active,PM_62,Project_Manager_62,ASDM_07,Account_Service_Delivery_Manager_07,Confirmed,01-03-2026,31-03-2026,Vertical_03,Unit_01,Commercial_Model_04
PID_1331,PRJ_1331,CUST_131,PRJ_Vert_05,PRJ_Exec_27,Standard Billable,Active,PM_156,Project_Manager_156,ASDM_86,Account_Service_Delivery_Manager_85,Confirmed,01-03-2026,31-03-2026,Vertical_05,Unit_01,Commercial_Model_01
PID_1332,PRJ_1332,CUST_13,PRJ_Vert_06,PRJ_Exec_21,Standard Billable,Active,PM_38,Project_Manager_38,ASDM_36,Account_Service_Delivery_Manager_36,Confirmed,01-03-2026,31-03-2026,Vertical_06,Unit_01,Commercial_Model_04
PID_1333,PRJ_1333,CUST_46,PRJ_Vert_02,PRJ_Exec_02,Standard Billable,Active,PM_07,Project_Manager_07,ASDM_44,Account_Service_Delivery_Manager_44,Confirmed,01-03-2026,31-03-2026,Vertical_02,Unit_01,Commercial_Model_04
PID_1334,PRJ_1334,CUST_154,PRJ_Vert_03,PRJ_Exec_31,Standard Billable,Active,PM_313,Project_Manager_313,ASDM_95,Account_Service_Delivery_Manager_94,Confirmed,01-03-2026,31-03-2026,Vertical_03,Unit_01,Commercial_Model_04
PID_1335,PRJ_1335,CUST_342,PRJ_Vert_02,PRJ_Exec_06,Standard Billable,Active,PM_524,Project_Manager_524,ASDM_103,Account_Service_Delivery_Manager_102,Confirmed,01-03-2026,31-03-2026,Vertical_02,Unit_01,Commercial_Model_04
PID_1336,PRJ_1336,CUST_32,PRJ_Vert_05,PRJ_Exec_09,Standard Billable,Active,PM_553,Project_Manager_553,ASDM_33,Account_Service_Delivery_Manager_33,Confirmed,01-03-2026,31-03-2026,Vertical_05,Unit_01,Commercial_Model_04
PID_1054,PRJ_1054,CUST_96,PRJ_Vert_03,PRJ_Exec_05,Standard Billable,Active,PM_473,Project_Manager_473,ASDM_64,Account_Service_Delivery_Manager_63,Confirmed,01-03-2026,31-03-2026,Vertical_03,Unit_01,Commercial_Model_02
PID_1338,PRJ_1338,CUST_359,PRJ_Vert_06,PRJ_Exec_51,Standard Billable,Active,PM_500,Project_Manager_500,ASDM_35,Account_Service_Delivery_Manager_35,Confirmed,01-03-2026,31-03-2026,Vertical_06,Unit_02,Commercial_Model_02
PID_1339,PRJ_1339,CUST_229,PRJ_Vert_04,PRJ_Exec_08,Standard Billable,Active,PM_554,Project_Manager_554,ASDM_120,Account_Service_Delivery_Manager_119,Yet to be confirmed,01-03-2026,31-03-2026,Vertical_04,Unit_01,Commercial_Model_02
PID_276,PRJ_276,CUST_73,PRJ_Vert_02,PRJ_Exec_15,Standard Billable,Active,PM_87,Project_Manager_87,ASDM_26,Account_Service_Delivery_Manager_26,Confirmed,01-03-2026,31-03-2026,Vertical_02,Unit_01,Commercial_Model_01
PID_1341,PRJ_1341,CUST_10,PRJ_Vert_04,PRJ_Exec_08,Standard Billable,Active,PM_10,Project_Manager_10,ASDM_10,Account_Service_Delivery_Manager_10,Yet to be confirmed,01-03-2026,31-03-2026,Vertical_04,Unit_01,Commercial_Model_02
PID_1342,PRJ_1342,CUST_179,PRJ_Vert_02,PRJ_Exec_05,Standard Billable,Active,PM_556,Project_Manager_556,ASDM_102,Account_Service_Delivery_Manager_101,Yet to be confirmed,01-03-2026,31-03-2026,Vertical_02,Unit_01,Commercial_Model_02
PID_1824,PRJ_1824,CUST_416,PRJ_Vert_05,PRJ_Exec_09,Standard Billable,Active,PM_684,Project_Manager_682,ASDM_11,Account_Service_Delivery_Manager_11,Confirmed,01-03-2026,31-03-2026,Vertical_05,Unit_01,Commercial_Model_04
PID_1343,PRJ_1343,CUST_189,PRJ_Vert_03,PRJ_Exec_03,Standard Billable,Active,PM_557,Project_Manager_557,ASDM_46,Account_Service_Delivery_Manager_46,Confirmed,01-03-2026,31-03-2026,Vertical_03,Unit_01,Commercial_Model_04
PID_1344,PRJ_1344,CUST_03,PRJ_Vert_03,PRJ_Exec_03,Standard Billable,Active,PM_03,Project_Manager_03,ASDM_03,Account_Service_Delivery_Manager_03,Confirmed,01-03-2026,31-03-2026,Vertical_03,Unit_01,Commercial_Model_04
PID_1345,PRJ_1345,CUST_360,PRJ_Vert_02,PRJ_Exec_15,Standard Billable,Active,PM_295,Project_Manager_295,ASDM_77,Account_Service_Delivery_Manager_76,Confirmed,01-03-2026,31-03-2026,Vertical_02,Unit_01,Commercial_Model_02
PID_1060,PRJ_1060,CUST_12,PRJ_Vert_03,PRJ_Exec_10,Standard Billable,Active,PM_12,Project_Manager_12,ASDM_12,Account_Service_Delivery_Manager_12,Yet to be confirmed,01-03-2026,31-03-2026,Vertical_03,Unit_02,Commercial_Model_02
PID_280,PRJ_280,CUST_154,PRJ_Vert_03,PRJ_Exec_03,Standard Billable,Active,PM_195,Project_Manager_195,ASDM_95,Account_Service_Delivery_Manager_94,Confirmed,01-03-2026,31-03-2026,Vertical_03,Unit_01,Commercial_Model_02
PID_1346,PRJ_1346,CUST_283,PRJ_Vert_05,PRJ_Exec_30,Standard Billable,Active,PM_201,Project_Manager_201,ASDM_98,Account_Service_Delivery_Manager_97,Confirmed,01-03-2026,31-03-2026,Vertical_05,Unit_02,Commercial_Model_02
PID_1347,PRJ_1347,CUST_230,PRJ_Vert_06,PRJ_Exec_16,Standard Billable,Active,PM_558,Project_Manager_558,ASDM_14,Account_Service_Delivery_Manager_14,Confirmed,01-03-2026,31-03-2026,Vertical_06,Unit_01,Commercial_Model_02
PID_1349,PRJ_1349,CUST_114,PRJ_Vert_04,PRJ_Exec_05,Standard Billable,Active,PM_559,Project_Manager_559,ASDM_80,Account_Service_Delivery_Manager_79,Confirmed,01-03-2026,31-03-2026,Vertical_04,Unit_01,Commercial_Model_04
PID_53,PRJ_53,CUST_44,PRJ_Vert_03,PRJ_Exec_03,Standard Billable,Active,PM_49,Project_Manager_49,ASDM_43,Account_Service_Delivery_Manager_43,Confirmed,01-03-2026,31-03-2026,Vertical_03,Unit_01,Commercial_Model_04
PID_1351,PRJ_1351,CUST_223,PRJ_Vert_02,PRJ_Exec_07,Standard Billable,Active,PM_561,Project_Manager_561,ASDM_35,Account_Service_Delivery_Manager_35,Confirmed,01-03-2026,31-03-2026,Vertical_02,Unit_02,Commercial_Model_02
PID_1352,PRJ_1352,CUST_89,PRJ_Vert_03,PRJ_Exec_03,Standard Billable,Active,PM_105,Project_Manager_105,ASDM_70,Account_Service_Delivery_Manager_69,Confirmed,01-03-2026,31-03-2026,Vertical_03,Unit_01,Commercial_Model_01
PID_1353,PRJ_1353,CUST_363,PRJ_Vert_08,PRJ_Exec_16,Standard Billable,Active,PM_562,Project_Manager_562,ASDM_129,Account_Service_Delivery_Manager_128,Yet to be confirmed,01-03-2026,31-03-2026,Vertical_08,Unit_01,Commercial_Model_04
PID_1354,PRJ_1354,CUST_32,PRJ_Vert_05,PRJ_Exec_16,Standard Billable,Active,PM_563,Project_Manager_563,ASDM_33,Account_Service_Delivery_Manager_33,Confirmed,01-03-2026,31-03-2026,Vertical_05,Unit_01,Commercial_Model_04
PID_1355,PRJ_1355,CUST_32,PRJ_Vert_05,PRJ_Exec_09,Standard Billable,Active,PM_564,Project_Manager_564,ASDM_33,Account_Service_Delivery_Manager_33,Confirmed,01-03-2026,31-03-2026,Vertical_05,Unit_01,Commercial_Model_02
PID_1356,PRJ_1356,CUST_364,PRJ_Vert_02,PRJ_Exec_15,Standard Billable,Active,PM_565,Project_Manager_565,ASDM_21,Account_Service_Delivery_Manager_21,Confirmed,01-03-2026,31-03-2026,Vertical_02,Unit_01,Commercial_Model_02
PID_534,PRJ_534,CUST_44,PRJ_Vert_03,PRJ_Exec_16,Customer Non Billable,Active,PM_315,Project_Manager_315,ASDM_131,Account_Service_Delivery_Manager_130,Confirmed,01-03-2026,31-03-2026,Vertical_03,Unit_01,Commercial_Model_05
PID_1358,PRJ_1358,CUST_67,PRJ_Vert_02,PRJ_Exec_23,Standard Billable,Active,PM_78,Project_Manager_78,ASDM_59,Account_Service_Delivery_Manager_58,Confirmed,01-03-2026,31-03-2026,Vertical_02,Unit_01,Commercial_Model_02
PID_1359,PRJ_1359,CUST_41,PRJ_Vert_02,PRJ_Exec_02,Standard Billable,Active,PM_566,Project_Manager_566,ASDM_02,Account_Service_Delivery_Manager_02,Yet to be confirmed,01-03-2026,31-03-2026,Vertical_02,Unit_01,Commercial_Model_01
PID_540,PRJ_540,CUST_24,PRJ_Vert_01,PRJ_Exec_13,Standard Billable,Active,PM_24,Project_Manager_24,ASDM_127,Account_Service_Delivery_Manager_126,Confirmed,01-03-2026,31-03-2026,Vertical_01,Unit_02,Commercial_Model_02
PID_1360,PRJ_1360,CUST_13,PRJ_Vert_06,PRJ_Exec_18,Standard Billable,Active,PM_188,Project_Manager_188,ASDM_29,Account_Service_Delivery_Manager_29,Confirmed,01-03-2026,31-03-2026,Vertical_06,Unit_01,Commercial_Model_01
PID_1361,PRJ_1361,CUST_08,PRJ_Vert_02,PRJ_Exec_07,Standard Billable,Active,PM_56,Project_Manager_56,ASDM_08,Account_Service_Delivery_Manager_08,Confirmed,01-03-2026,31-03-2026,Vertical_02,Unit_02,Commercial_Model_03
PID_1362,PRJ_1362,CUST_365,PRJ_Vert_02,PRJ_Exec_15,Standard Billable,Active,PM_567,Project_Manager_567,ASDM_26,Account_Service_Delivery_Manager_26,Confirmed,01-03-2026,31-03-2026,Vertical_02,Unit_01,Commercial_Model_02
PID_1363,PRJ_1363,CUST_101,PRJ_Vert_02,PRJ_Exec_23,Standard Billable,Active,PM_362,Project_Manager_362,ASDM_60,Account_Service_Delivery_Manager_59,Yet to be confirmed,01-03-2026,31-03-2026,Vertical_02,Unit_01,Commercial_Model_01
PID_1366,PRJ_1366,CUST_13,PRJ_Vert_06,PRJ_Exec_11,Standard Billable,Active,PM_334,Project_Manager_334,ASDM_13,Account_Service_Delivery_Manager_13,Confirmed,01-03-2026,31-03-2026,Vertical_06,Unit_01,Commercial_Model_04
PID_1367,PRJ_1367,CUST_219,PRJ_Vert_02,PRJ_Exec_07,Standard Billable,Active,PM_37,Project_Manager_37,ASDM_35,Account_Service_Delivery_Manager_35,Confirmed,01-03-2026,31-03-2026,Vertical_02,Unit_02,Commercial_Model_03
PID_1368,PRJ_1368,CUST_224,PRJ_Vert_03,PRJ_Exec_03,Standard Billable,Active,PM_309,Project_Manager_309,ASDM_113,Account_Service_Delivery_Manager_112,Confirmed,01-03-2026,31-03-2026,Vertical_03,Unit_01,Commercial_Model_02
PID_1369,PRJ_1369,CUST_366,PRJ_Vert_05,PRJ_Exec_09,Standard Billable,Active,PM_504,Project_Manager_504,ASDM_42,Account_Service_Delivery_Manager_42,Yet to be confirmed,01-03-2026,31-03-2026,Vertical_05,Unit_01,Commercial_Model_05
PID_1370,PRJ_1370,CUST_92,PRJ_Vert_03,PRJ_Exec_03,Standard Billable,Active,PM_569,Project_Manager_569,ASDM_46,Account_Service_Delivery_Manager_46,Yet to be confirmed,01-03-2026,31-03-2026,Vertical_03,Unit_01,Commercial_Model_02
PID_1371,PRJ_1371,CUST_342,PRJ_Vert_02,PRJ_Exec_06,Standard Billable,Active,PM_524,Project_Manager_524,ASDM_103,Account_Service_Delivery_Manager_102,Confirmed,01-03-2026,31-03-2026,Vertical_02,Unit_01,Commercial_Model_04
PID_1372,PRJ_1372,CUST_367,PRJ_Vert_03,PRJ_Exec_03,Standard Billable,Active,PM_223,Project_Manager_223,ASDM_70,Account_Service_Delivery_Manager_69,Confirmed,01-03-2026,31-03-2026,Vertical_03,Unit_01,Commercial_Model_04
PID_1373,PRJ_1373,CUST_249,PRJ_Vert_06,PRJ_Exec_05,Standard Billable,Active,PM_570,Project_Manager_570,ASDM_49,Account_Service_Delivery_Manager_49,Confirmed,01-03-2026,31-03-2026,Vertical_06,Unit_01,Commercial_Model_01
PID_1375,PRJ_1375,CUST_145,PRJ_Vert_02,PRJ_Exec_19,Standard Billable,Active,PM_179,Project_Manager_179,ASDM_85,Account_Service_Delivery_Manager_84,Confirmed,01-03-2026,31-03-2026,Vertical_02,Unit_01,Commercial_Model_04
PID_1376,PRJ_1376,CUST_108,PRJ_Vert_02,PRJ_Exec_15,Standard Billable,Active,PM_377,Project_Manager_377,ASDM_21,Account_Service_Delivery_Manager_21,Yet to be confirmed,01-03-2026,31-03-2026,Vertical_02,Unit_01,Commercial_Model_01
PID_1377,PRJ_1377,CUST_180,PRJ_Vert_02,PRJ_Exec_06,Standard Billable,Active,PM_229,Project_Manager_229,ASDM_103,Account_Service_Delivery_Manager_102,Yet to be confirmed,01-03-2026,31-03-2026,Vertical_02,Unit_01,Commercial_Model_02
PID_1378,PRJ_1378,CUST_103,PRJ_Vert_02,PRJ_Exec_02,Standard Billable,Active,PM_126,Project_Manager_126,ASDM_02,Account_Service_Delivery_Manager_02,Yet to be confirmed,01-03-2026,31-03-2026,Vertical_02,Unit_01,Commercial_Model_05
PID_1379,PRJ_1379,CUST_263,PRJ_Vert_01,PRJ_Exec_05,Standard Billable,Active,PM_571,Project_Manager_571,ASDM_124,Account_Service_Delivery_Manager_123,Yet to be confirmed,01-03-2026,31-03-2026,Vertical_01,Unit_01,Commercial_Model_04
PID_1380,PRJ_1380,CUST_13,PRJ_Vert_06,PRJ_Exec_28,Standard Billable,Active,PM_57,Project_Manager_57,ASDM_48,Account_Service_Delivery_Manager_48,Confirmed,01-03-2026,31-03-2026,Vertical_06,Unit_01,Commercial_Model_04
PID_1381,PRJ_1381,CUST_89,PRJ_Vert_03,PRJ_Exec_16,Standard Billable,Active,PM_105,Project_Manager_105,ASDM_70,Account_Service_Delivery_Manager_69,Confirmed,01-03-2026,31-03-2026,Vertical_03,Unit_01,Commercial_Model_04
PID_1382,PRJ_1382,CUST_189,PRJ_Vert_03,PRJ_Exec_10,Standard Billable,Active,PM_386,Project_Manager_386,ASDM_113,Account_Service_Delivery_Manager_112,Yet to be confirmed,01-03-2026,31-03-2026,Vertical_03,Unit_02,Commercial_Model_02
PID_1383,PRJ_1383,CUST_132,PRJ_Vert_01,PRJ_Exec_24,Standard Billable,Active,PM_158,Project_Manager_158,ASDM_87,Account_Service_Delivery_Manager_86,Confirmed,01-03-2026,31-03-2026,Vertical_01,Unit_01,Commercial_Model_04
PID_1384,PRJ_1384,CUST_215,PRJ_Vert_05,PRJ_Exec_09,Standard Billable,Active,PM_572,Project_Manager_572,ASDM_112,Account_Service_Delivery_Manager_111,Confirmed,01-03-2026,31-03-2026,Vertical_05,Unit_01,Commercial_Model_04
PID_1385,PRJ_1385,CUST_13,PRJ_Vert_06,PRJ_Exec_25,Standard Billable,Active,PM_573,Project_Manager_573,ASDM_36,Account_Service_Delivery_Manager_36,Confirmed,01-03-2026,31-03-2026,Vertical_06,Unit_01,Commercial_Model_01
PID_843,PRJ_843,CUST_294,PRJ_Vert_02,PRJ_Exec_19,Standard Billable,Active,PM_308,Project_Manager_308,ASDM_116,Account_Service_Delivery_Manager_115,Confirmed,01-03-2026,31-03-2026,Vertical_02,Unit_01,Commercial_Model_01
PID_844,PRJ_844,CUST_54,PRJ_Vert_02,PRJ_Exec_19,Standard Billable,Active,PM_71,Project_Manager_71,ASDM_58,Account_Service_Delivery_Manager_50,Confirmed,01-03-2026,31-03-2026,Vertical_02,Unit_01,Commercial_Model_02
PID_1386,PRJ_1386,CUST_172,PRJ_Vert_01,PRJ_Exec_45,Standard Billable,Active,PM_220,Project_Manager_220,ASDM_28,Account_Service_Delivery_Manager_28,Confirmed,01-03-2026,31-03-2026,Vertical_01,Unit_01,Commercial_Model_04
PID_1387,PRJ_1387,CUST_13,PRJ_Vert_06,PRJ_Exec_25,Standard Billable,Active,PM_574,Project_Manager_574,ASDM_36,Account_Service_Delivery_Manager_36,Confirmed,01-03-2026,31-03-2026,Vertical_06,Unit_01,Commercial_Model_01
PID_1388,PRJ_1388,CUST_132,PRJ_Vert_01,PRJ_Exec_24,Standard Billable,Active,PM_158,Project_Manager_158,ASDM_87,Account_Service_Delivery_Manager_86,Confirmed,01-03-2026,31-03-2026,Vertical_01,Unit_01,Commercial_Model_01
PID_1389,PRJ_1389,CUST_368,PRJ_Vert_02,PRJ_Exec_31,Standard Billable,Active,PM_88,Project_Manager_88,ASDM_38,Account_Service_Delivery_Manager_38,Yet to be confirmed,01-03-2026,31-03-2026,Vertical_02,Unit_01,Commercial_Model_04
PID_1390,PRJ_1390,CUST_05,PRJ_Vert_01,PRJ_Exec_53,Standard Billable,Active,PM_162,Project_Manager_162,ASDM_05,Account_Service_Delivery_Manager_05,Confirmed,01-03-2026,31-03-2026,Vertical_01,Unit_01,Commercial_Model_04
PID_1391,PRJ_1391,CUST_317,PRJ_Vert_03,PRJ_Exec_10,Standard Billable,Active,PM_309,Project_Manager_309,ASDM_117,Account_Service_Delivery_Manager_116,Confirmed,01-03-2026,31-03-2026,Vertical_03,Unit_02,Commercial_Model_04
PID_1392,PRJ_1392,CUST_20,PRJ_Vert_03,PRJ_Exec_03,Standard Billable,Active,PM_575,Project_Manager_575,ASDM_20,Account_Service_Delivery_Manager_20,Yet to be confirmed,01-03-2026,31-03-2026,Vertical_03,Unit_01,Commercial_Model_02
PID_1393,PRJ_1393,CUST_12,PRJ_Vert_03,PRJ_Exec_10,Standard Billable,Active,PM_12,Project_Manager_12,ASDM_12,Account_Service_Delivery_Manager_12,Yet to be confirmed,01-03-2026,31-03-2026,Vertical_03,Unit_02,Commercial_Model_02
PID_1394,PRJ_1394,CUST_121,PRJ_Vert_01,PRJ_Exec_24,Standard Billable,Active,PM_576,Project_Manager_576,ASDM_81,Account_Service_Delivery_Manager_80,Confirmed,01-03-2026,31-03-2026,Vertical_01,Unit_01,Commercial_Model_01
PID_1395,PRJ_1395,CUST_31,PRJ_Vert_02,PRJ_Exec_05,Standard Billable,Active,PM_33,Project_Manager_33,ASDM_73,Account_Service_Delivery_Manager_72,Yet to be confirmed,01-03-2026,31-03-2026,Vertical_02,Unit_01,Commercial_Model_02
PID_1397,PRJ_1397,CUST_333,PRJ_Vert_06,PRJ_Exec_12,Standard Billable,Active,PM_577,Project_Manager_577,ASDM_29,Account_Service_Delivery_Manager_29,Confirmed,01-03-2026,31-03-2026,Vertical_06,Unit_01,Commercial_Model_01
PID_1878,PRJ_1878,CUST_44,PRJ_Vert_03,PRJ_Exec_03,Standard Billable,Active,PM_476,Project_Manager_476,ASDM_43,Account_Service_Delivery_Manager_43,Confirmed,01-03-2026,31-03-2026,Vertical_03,Unit_01,Commercial_Model_04
PID_1398,PRJ_1398,CUST_44,PRJ_Vert_03,PRJ_Exec_03,Standard Billable,Active,PM_578,Project_Manager_578,ASDM_43,Account_Service_Delivery_Manager_43,Yet to be confirmed,01-03-2026,31-03-2026,Vertical_03,Unit_01,Commercial_Model_04
PID_1399,PRJ_1399,CUST_13,PRJ_Vert_06,PRJ_Exec_25,Standard Billable,Active,PM_579,Project_Manager_579,ASDM_36,Account_Service_Delivery_Manager_36,Confirmed,01-03-2026,31-03-2026,Vertical_06,Unit_01,Commercial_Model_01
PID_1400,PRJ_1400,CUST_250,PRJ_Vert_02,PRJ_Exec_06,Standard Billable,Active,PM_580,Project_Manager_580,ASDM_06,Account_Service_Delivery_Manager_06,Confirmed,01-03-2026,31-03-2026,Vertical_02,Unit_01,Commercial_Model_02
PID_1401,PRJ_1401,CUST_99,PRJ_Vert_05,PRJ_Exec_09,Standard Billable,Active,PM_205,Project_Manager_205,ASDM_75,Account_Service_Delivery_Manager_74,Confirmed,01-03-2026,31-03-2026,Vertical_05,Unit_01,Commercial_Model_02
PID_1402,PRJ_1402,CUST_349,PRJ_Vert_01,PRJ_Exec_01,Standard Billable,Active,PM_01,Project_Manager_01,ASDM_01,Account_Service_Delivery_Manager_01,Confirmed,01-03-2026,31-03-2026,Vertical_01,Unit_01,Commercial_Model_04
PID_1403,PRJ_1403,CUST_09,PRJ_Vert_04,PRJ_Exec_08,Standard Billable,Active,PM_512,Project_Manager_512,ASDM_09,Account_Service_Delivery_Manager_09,Confirmed,01-03-2026,31-03-2026,Vertical_04,Unit_01,Commercial_Model_04
PID_862,PRJ_862,CUST_69,PRJ_Vert_05,PRJ_Exec_09,Standard Billable,Active,PM_71,Project_Manager_71,ASDM_58,Account_Service_Delivery_Manager_50,Confirmed,01-03-2026,31-03-2026,Vertical_05,Unit_01,Commercial_Model_02
PID_1404,PRJ_1404,CUST_71,PRJ_Vert_02,PRJ_Exec_23,Standard Billable,Active,PM_183,Project_Manager_183,ASDM_60,Account_Service_Delivery_Manager_59,Yet to be confirmed,01-03-2026,31-03-2026,Vertical_02,Unit_01,Commercial_Model_01
PID_1405,PRJ_1405,CUST_12,PRJ_Vert_03,PRJ_Exec_10,Standard Billable,Active,PM_12,Project_Manager_12,ASDM_12,Account_Service_Delivery_Manager_12,Yet to be confirmed,01-03-2026,31-03-2026,Vertical_03,Unit_02,Commercial_Model_02
PID_1407,PRJ_1407,CUST_92,PRJ_Vert_03,PRJ_Exec_03,Standard Billable,Active,PM_109,Project_Manager_109,ASDM_46,Account_Service_Delivery_Manager_46,Confirmed,01-03-2026,31-03-2026,Vertical_03,Unit_01,Commercial_Model_04
PID_1408,PRJ_1408,CUST_364,PRJ_Vert_02,PRJ_Exec_15,Standard Billable,Active,PM_565,Project_Manager_565,ASDM_21,Account_Service_Delivery_Manager_21,Confirmed,01-03-2026,31-03-2026,Vertical_02,Unit_01,Commercial_Model_05
PID_1409,PRJ_1409,CUST_108,PRJ_Vert_02,PRJ_Exec_15,Standard Billable,Active,PM_582,Project_Manager_582,ASDM_21,Account_Service_Delivery_Manager_21,Yet to be confirmed,01-03-2026,31-03-2026,Vertical_02,Unit_01,Commercial_Model_01
PID_592,PRJ_592,CUST_44,PRJ_Vert_03,PRJ_Exec_03,Standard Billable,Active,PM_337,Project_Manager_337,ASDM_43,Account_Service_Delivery_Manager_43,Confirmed,01-03-2026,31-03-2026,Vertical_03,Unit_01,Commercial_Model_02
PID_1411,PRJ_1411,CUST_338,PRJ_Vert_08,PRJ_Exec_36,Standard Billable,Active,PM_169,Project_Manager_169,ASDM_67,Account_Service_Delivery_Manager_66,Confirmed,01-03-2026,31-03-2026,Vertical_08,Unit_01,Commercial_Model_04
PID_1412,PRJ_1412,CUST_13,PRJ_Vert_06,PRJ_Exec_21,Standard Billable,Active,PM_583,Project_Manager_583,ASDM_36,Account_Service_Delivery_Manager_36,Confirmed,01-03-2026,31-03-2026,Vertical_06,Unit_01,Commercial_Model_01
PID_1413,PRJ_1413,CUST_69,PRJ_Vert_05,PRJ_Exec_09,Standard Billable,Active,PM_584,Project_Manager_584,ASDM_58,Account_Service_Delivery_Manager_50,Confirmed,01-03-2026,31-03-2026,Vertical_05,Unit_01,Commercial_Model_01
PID_1415,PRJ_1415,CUST_350,PRJ_Vert_02,PRJ_Exec_15,Standard Billable,Active,PM_531,Project_Manager_531,ASDM_22,Account_Service_Delivery_Manager_22,Confirmed,01-03-2026,31-03-2026,Vertical_02,Unit_01,Commercial_Model_04
PID_1417,PRJ_1417,CUST_14,PRJ_Vert_06,PRJ_Exec_12,Standard Billable,Active,PM_129,Project_Manager_129,ASDM_14,Account_Service_Delivery_Manager_14,Confirmed,01-03-2026,31-03-2026,Vertical_06,Unit_01,Commercial_Model_02
PID_1418,PRJ_1418,CUST_132,PRJ_Vert_01,PRJ_Exec_35,Standard Billable,Active,PM_347,Project_Manager_347,ASDM_87,Account_Service_Delivery_Manager_86,Yet to be confirmed,01-03-2026,31-03-2026,Vertical_01,Unit_01,Commercial_Model_01
PID_1419,PRJ_1419,CUST_75,PRJ_Vert_01,PRJ_Exec_16,Standard Billable,Active,PM_91,Project_Manager_91,ASDM_62,Account_Service_Delivery_Manager_61,Confirmed,01-03-2026,31-03-2026,Vertical_01,Unit_01,Commercial_Model_01
PID_1420,PRJ_1420,CUST_41,PRJ_Vert_02,PRJ_Exec_02,Standard Billable,Active,PM_586,Project_Manager_586,ASDM_02,Account_Service_Delivery_Manager_02,Yet to be confirmed,01-03-2026,31-03-2026,Vertical_02,Unit_01,Commercial_Model_02
PID_1421,PRJ_1421,CUST_27,PRJ_Vert_03,PRJ_Exec_03,Standard Billable,Active,PM_587,Project_Manager_587,ASDM_27,Account_Service_Delivery_Manager_27,Confirmed,01-03-2026,31-03-2026,Vertical_03,Unit_01,Commercial_Model_04
PID_1422,PRJ_1422,CUST_13,PRJ_Vert_06,PRJ_Exec_18,Standard Billable,Active,PM_74,Project_Manager_74,ASDM_29,Account_Service_Delivery_Manager_29,Confirmed,01-03-2026,31-03-2026,Vertical_06,Unit_01,Commercial_Model_04
PID_1424,PRJ_1424,CUST_370,PRJ_Vert_07,PRJ_Exec_39,Standard Billable,Active,PM_217,Project_Manager_217,ASDM_16,Account_Service_Delivery_Manager_16,Confirmed,01-03-2026,31-03-2026,Vertical_07,Unit_01,Commercial_Model_02
PID_1425,PRJ_1425,CUST_154,PRJ_Vert_03,PRJ_Exec_16,Standard Billable,Active,PM_294,Project_Manager_294,ASDM_95,Account_Service_Delivery_Manager_94,Yet to be confirmed,01-03-2026,31-03-2026,Vertical_03,Unit_01,Commercial_Model_04
PID_970,PRJ_970,CUST_310,PRJ_Vert_03,PRJ_Exec_03,Standard Billable,Active,PM_447,Project_Manager_447,ASDM_07,Account_Service_Delivery_Manager_07,Confirmed,01-03-2026,31-03-2026,Vertical_03,Unit_01,Commercial_Model_04
PID_1426,PRJ_1426,CUST_13,PRJ_Vert_06,PRJ_Exec_21,Standard Billable,Active,PM_492,Project_Manager_492,ASDM_36,Account_Service_Delivery_Manager_36,Confirmed,01-03-2026,31-03-2026,Vertical_06,Unit_01,Commercial_Model_01
PID_1427,PRJ_1427,CUST_89,PRJ_Vert_03,PRJ_Exec_51,Standard Billable,Active,PM_420,Project_Manager_420,ASDM_24,Account_Service_Delivery_Manager_24,Confirmed,01-03-2026,31-03-2026,Vertical_03,Unit_02,Commercial_Model_04
PID_1428,PRJ_1428,CUST_132,PRJ_Vert_01,PRJ_Exec_24,Standard Billable,Active,PM_589,Project_Manager_589,ASDM_87,Account_Service_Delivery_Manager_86,Yet to be confirmed,01-03-2026,31-03-2026,Vertical_01,Unit_01,Commercial_Model_01
PID_1429,PRJ_1429,CUST_143,PRJ_Vert_04,PRJ_Exec_13,Standard Billable,Active,PM_176,Project_Manager_176,ASDM_23,Account_Service_Delivery_Manager_23,Yet to be confirmed,01-03-2026,31-03-2026,Vertical_04,Unit_02,Commercial_Model_03
PID_1899,PRJ_1899,CUST_202,PRJ_Vert_05,PRJ_Exec_09,Standard Billable,Active,PM_704,Project_Manager_702,ASDM_76,Account_Service_Delivery_Manager_75,Confirmed,01-03-2026,31-03-2026,Vertical_05,Unit_01,Commercial_Model_04
PID_1430,PRJ_1430,CUST_232,PRJ_Vert_04,PRJ_Exec_08,Standard Billable,Active,PM_590,Project_Manager_590,ASDM_105,Account_Service_Delivery_Manager_104,Confirmed,01-03-2026,31-03-2026,Vertical_04,Unit_01,Commercial_Model_04
PID_1432,PRJ_1432,CUST_238,PRJ_Vert_02,PRJ_Exec_06,Standard Billable,Active,PM_264,Project_Manager_264,ASDM_103,Account_Service_Delivery_Manager_102,Confirmed,01-03-2026,31-03-2026,Vertical_02,Unit_01,Commercial_Model_02
PID_1434,PRJ_1434,CUST_27,PRJ_Vert_03,PRJ_Exec_03,Standard Billable,Active,PM_592,Project_Manager_592,ASDM_27,Account_Service_Delivery_Manager_27,Confirmed,01-03-2026,31-03-2026,Vertical_03,Unit_01,Commercial_Model_04
PID_1435,PRJ_1435,CUST_371,PRJ_Vert_01,PRJ_Exec_01,Standard Billable,Active,PM_593,Project_Manager_593,ASDM_47,Account_Service_Delivery_Manager_47,Confirmed,01-03-2026,31-03-2026,Vertical_01,Unit_01,Commercial_Model_02
PID_1436,PRJ_1436,CUST_231,PRJ_Vert_01,PRJ_Exec_01,Standard Billable,Active,PM_64,Project_Manager_64,ASDM_52,Account_Service_Delivery_Manager_52,Confirmed,01-03-2026,31-03-2026,Vertical_01,Unit_01,Commercial_Model_04
PID_1437,PRJ_1437,CUST_193,PRJ_Vert_07,PRJ_Exec_39,Standard Billable,Active,PM_137,Project_Manager_137,ASDM_16,Account_Service_Delivery_Manager_16,Confirmed,01-03-2026,31-03-2026,Vertical_07,Unit_01,Commercial_Model_04
PID_1438,PRJ_1438,CUST_186,PRJ_Vert_04,PRJ_Exec_34,Standard Billable,Active,PM_239,Project_Manager_239,ASDM_10,Account_Service_Delivery_Manager_10,Confirmed,01-03-2026,31-03-2026,Vertical_04,Unit_01,Commercial_Model_02
PID_1439,PRJ_1439,CUST_103,PRJ_Vert_02,PRJ_Exec_02,Standard Billable,Active,PM_126,Project_Manager_126,ASDM_02,Account_Service_Delivery_Manager_02,Yet to be confirmed,01-03-2026,31-03-2026,Vertical_02,Unit_01,Commercial_Model_04
PID_1440,PRJ_1440,CUST_122,PRJ_Vert_01,PRJ_Exec_01,Standard Billable,Active,PM_72,Project_Manager_72,ASDM_55,Account_Service_Delivery_Manager_55,Confirmed,01-03-2026,31-03-2026,Vertical_01,Unit_01,Commercial_Model_02
PID_366,PRJ_366,CUST_119,PRJ_Vert_02,PRJ_Exec_02,Standard Billable,Active,PM_07,Project_Manager_07,ASDM_59,Account_Service_Delivery_Manager_58,Yet to be confirmed,01-03-2026,31-03-2026,Vertical_02,Unit_01,Commercial_Model_05
PID_1443,PRJ_1443,CUST_146,PRJ_Vert_03,PRJ_Exec_03,Standard Billable,Active,PM_62,Project_Manager_62,ASDM_07,Account_Service_Delivery_Manager_07,Confirmed,01-03-2026,31-03-2026,Vertical_03,Unit_01,Commercial_Model_04
PID_1406,PRJ_1406,CUST_41,PRJ_Vert_02,PRJ_Exec_02,Standard Billable,Active,PM_581,Project_Manager_581,ASDM_02,Account_Service_Delivery_Manager_02,Confirmed,01-03-2026,31-03-2026,Vertical_02,Unit_01,Commercial_Model_02
PID_1444,PRJ_1444,CUST_211,PRJ_Vert_05,PRJ_Exec_09,Standard Billable,Active,PM_283,Project_Manager_283,ASDM_11,Account_Service_Delivery_Manager_11,Confirmed,01-03-2026,31-03-2026,Vertical_05,Unit_01,Commercial_Model_02
PID_1445,PRJ_1445,CUST_12,PRJ_Vert_03,PRJ_Exec_10,Standard Billable,Active,PM_12,Project_Manager_12,ASDM_12,Account_Service_Delivery_Manager_12,Yet to be confirmed,01-03-2026,31-03-2026,Vertical_03,Unit_02,Commercial_Model_02
PID_1446,PRJ_1446,CUST_89,PRJ_Vert_03,PRJ_Exec_03,Standard Billable,Active,PM_349,Project_Manager_349,ASDM_70,Account_Service_Delivery_Manager_69,Confirmed,01-03-2026,31-03-2026,Vertical_03,Unit_01,Commercial_Model_04
PID_1916,PRJ_1916,CUST_44,PRJ_Vert_03,PRJ_Exec_03,Standard Billable,Active,PM_708,Project_Manager_706,ASDM_43,Account_Service_Delivery_Manager_43,Confirmed,01-03-2026,31-03-2026,Vertical_03,Unit_01,Commercial_Model_02
PID_1447,PRJ_1447,CUST_63,PRJ_Vert_01,PRJ_Exec_20,Standard Billable,Active,PM_70,Project_Manager_70,ASDM_57,Account_Service_Delivery_Manager_57,Confirmed,01-03-2026,31-03-2026,Vertical_01,Unit_01,Commercial_Model_04
PID_1448,PRJ_1448,CUST_205,PRJ_Vert_01,PRJ_Exec_01,Standard Billable,Active,PM_01,Project_Manager_01,ASDM_01,Account_Service_Delivery_Manager_01,Confirmed,01-03-2026,31-03-2026,Vertical_01,Unit_01,Commercial_Model_04
PID_1450,PRJ_1450,CUST_179,PRJ_Vert_02,PRJ_Exec_23,Standard Billable,Active,PM_463,Project_Manager_463,ASDM_102,Account_Service_Delivery_Manager_101,Yet to be confirmed,01-03-2026,31-03-2026,Vertical_02,Unit_01,Commercial_Model_04
PID_1451,PRJ_1451,CUST_32,PRJ_Vert_05,PRJ_Exec_09,Standard Billable,Active,PM_594,Project_Manager_594,ASDM_33,Account_Service_Delivery_Manager_33,Confirmed,01-03-2026,31-03-2026,Vertical_05,Unit_01,Commercial_Model_04
PID_1452,PRJ_1452,CUST_96,PRJ_Vert_03,PRJ_Exec_05,Standard Billable,Active,PM_145,Project_Manager_145,ASDM_64,Account_Service_Delivery_Manager_63,Yet to be confirmed,01-03-2026,31-03-2026,Vertical_03,Unit_01,Commercial_Model_01
PID_1453,PRJ_1453,CUST_67,PRJ_Vert_02,PRJ_Exec_23,Standard Billable,Active,PM_253,Project_Manager_253,ASDM_59,Account_Service_Delivery_Manager_58,Confirmed,01-03-2026,31-03-2026,Vertical_02,Unit_01,Commercial_Model_01
PID_1454,PRJ_1454,CUST_12,PRJ_Vert_03,PRJ_Exec_10,Standard Billable,Active,PM_12,Project_Manager_12,ASDM_12,Account_Service_Delivery_Manager_12,Yet to be confirmed,01-03-2026,31-03-2026,Vertical_03,Unit_02,Commercial_Model_02
PID_1455,PRJ_1455,CUST_27,PRJ_Vert_03,PRJ_Exec_03,Standard Billable,Active,PM_595,Project_Manager_595,ASDM_27,Account_Service_Delivery_Manager_27,Confirmed,01-03-2026,31-03-2026,Vertical_03,Unit_01,Commercial_Model_04
PID_1456,PRJ_1456,CUST_265,PRJ_Vert_01,PRJ_Exec_20,Standard Billable,Active,PM_70,Project_Manager_70,ASDM_57,Account_Service_Delivery_Manager_57,Confirmed,01-03-2026,31-03-2026,Vertical_01,Unit_01,Commercial_Model_04
PID_1458,PRJ_1458,CUST_06,PRJ_Vert_02,PRJ_Exec_06,Standard Billable,Active,PM_06,Project_Manager_06,ASDM_06,Account_Service_Delivery_Manager_06,Yet to be confirmed,01-03-2026,31-03-2026,Vertical_02,Unit_01,Commercial_Model_04
PID_1459,PRJ_1459,CUST_03,PRJ_Vert_03,PRJ_Exec_03,Standard Billable,Active,PM_206,Project_Manager_206,ASDM_03,Account_Service_Delivery_Manager_03,Confirmed,01-03-2026,31-03-2026,Vertical_03,Unit_01,Commercial_Model_03
PID_1460,PRJ_1460,CUST_207,PRJ_Vert_01,PRJ_Exec_05,Standard Billable,Active,PM_280,Project_Manager_280,ASDM_107,Account_Service_Delivery_Manager_106,Confirmed,01-03-2026,31-03-2026,Vertical_01,Unit_01,Commercial_Model_01
PID_1461,PRJ_1461,CUST_291,PRJ_Vert_02,PRJ_Exec_15,Standard Billable,Active,PM_196,Project_Manager_196,ASDM_84,Account_Service_Delivery_Manager_83,Confirmed,01-03-2026,31-03-2026,Vertical_02,Unit_01,Commercial_Model_04
PID_1462,PRJ_1462,CUST_32,PRJ_Vert_05,PRJ_Exec_09,Standard Billable,Active,PM_496,Project_Manager_496,ASDM_33,Account_Service_Delivery_Manager_33,Confirmed,01-03-2026,31-03-2026,Vertical_05,Unit_01,Commercial_Model_04
PID_1463,PRJ_1463,CUST_62,PRJ_Vert_06,PRJ_Exec_32,Standard Billable,Active,PM_597,Project_Manager_597,ASDM_56,Account_Service_Delivery_Manager_56,Confirmed,01-03-2026,31-03-2026,Vertical_06,Unit_01,Commercial_Model_01
PID_1464,PRJ_1464,CUST_372,PRJ_Vert_01,PRJ_Exec_16,Standard Billable,Active,PM_268,Project_Manager_268,ASDM_74,Account_Service_Delivery_Manager_73,Yet to be confirmed,01-03-2026,31-03-2026,Vertical_01,Unit_01,Commercial_Model_04
PID_1465,PRJ_1465,CUST_03,PRJ_Vert_03,PRJ_Exec_05,Standard Billable,Active,PM_03,Project_Manager_03,ASDM_03,Account_Service_Delivery_Manager_03,Confirmed,01-03-2026,31-03-2026,Vertical_03,Unit_01,Commercial_Model_01
PID_1467,PRJ_1467,CUST_69,PRJ_Vert_05,PRJ_Exec_09,Standard Billable,Active,PM_584,Project_Manager_584,ASDM_58,Account_Service_Delivery_Manager_50,Confirmed,01-03-2026,31-03-2026,Vertical_05,Unit_01,Commercial_Model_04
PID_1468,PRJ_1468,CUST_12,PRJ_Vert_03,PRJ_Exec_10,Standard Billable,Active,PM_12,Project_Manager_12,ASDM_12,Account_Service_Delivery_Manager_12,Yet to be confirmed,01-03-2026,31-03-2026,Vertical_03,Unit_02,Commercial_Model_02
PID_1374,PRJ_1374,CUST_179,PRJ_Vert_02,PRJ_Exec_23,Standard Billable,Active,PM_274,Project_Manager_274,ASDM_102,Account_Service_Delivery_Manager_101,Yet to be confirmed,01-03-2026,31-03-2026,Vertical_02,Unit_01,Commercial_Model_02
PID_912,PRJ_912,CUST_54,PRJ_Vert_02,PRJ_Exec_19,Standard Billable,Active,PM_71,Project_Manager_71,ASDM_58,Account_Service_Delivery_Manager_50,Confirmed,01-03-2026,31-03-2026,Vertical_02,Unit_01,Commercial_Model_04
PID_1470,PRJ_1470,CUST_373,PRJ_Vert_02,PRJ_Exec_15,Standard Billable,Active,PM_598,Project_Manager_598,ASDM_22,Account_Service_Delivery_Manager_22,Yet to be confirmed,01-03-2026,31-03-2026,Vertical_02,Unit_01,Commercial_Model_03
PID_1471,PRJ_1471,CUST_122,PRJ_Vert_01,PRJ_Exec_01,Standard Billable,Active,PM_72,Project_Manager_72,ASDM_55,Account_Service_Delivery_Manager_55,Confirmed,01-03-2026,31-03-2026,Vertical_01,Unit_01,Commercial_Model_02
PID_1935,PRJ_1935,CUST_60,PRJ_Vert_01,PRJ_Exec_31,Standard Billable,Active,PM_67,Project_Manager_67,ASDM_55,Account_Service_Delivery_Manager_55,Confirmed,01-03-2026,31-03-2026,Vertical_01,Unit_01,Commercial_Model_04
PID_1472,PRJ_1472,CUST_67,PRJ_Vert_02,PRJ_Exec_23,Standard Billable,Active,PM_253,Project_Manager_253,ASDM_59,Account_Service_Delivery_Manager_58,Confirmed,01-03-2026,31-03-2026,Vertical_02,Unit_01,Commercial_Model_01
PID_1473,PRJ_1473,CUST_231,PRJ_Vert_01,PRJ_Exec_01,Standard Billable,Active,PM_322,Project_Manager_322,ASDM_52,Account_Service_Delivery_Manager_52,Yet to be confirmed,01-03-2026,31-03-2026,Vertical_01,Unit_01,Commercial_Model_04
PID_1474,PRJ_1474,CUST_99,PRJ_Vert_05,PRJ_Exec_09,Standard Billable,Active,PM_118,Project_Manager_118,ASDM_75,Account_Service_Delivery_Manager_74,Confirmed,01-03-2026,31-03-2026,Vertical_05,Unit_01,Commercial_Model_04
PID_1475,PRJ_1475,CUST_374,PRJ_Vert_05,PRJ_Exec_09,Standard Billable,Active,PM_124,Project_Manager_124,ASDM_11,Account_Service_Delivery_Manager_11,Yet to be confirmed,01-03-2026,31-03-2026,Vertical_05,Unit_01,Commercial_Model_02
PID_1476,PRJ_1476,CUST_256,PRJ_Vert_03,PRJ_Exec_03,Standard Billable,Active,PM_599,Project_Manager_599,ASDM_46,Account_Service_Delivery_Manager_46,Confirmed,01-03-2026,31-03-2026,Vertical_03,Unit_01,Commercial_Model_04
PID_1477,PRJ_1477,CUST_113,PRJ_Vert_01,PRJ_Exec_01,Standard Billable,Active,PM_138,Project_Manager_138,ASDM_79,Account_Service_Delivery_Manager_78,Confirmed,01-03-2026,31-03-2026,Vertical_01,Unit_01,Commercial_Model_04
PID_1354,PRJ_1354,CUST_32,PRJ_Vert_05,PRJ_Exec_09,Standard Billable,Active,PM_563,Project_Manager_563,ASDM_33,Account_Service_Delivery_Manager_33,Confirmed,01-03-2026,31-03-2026,Vertical_05,Unit_01,Commercial_Model_04
PID_1478,PRJ_1478,CUST_44,PRJ_Vert_03,PRJ_Exec_03,Standard Billable,Active,PM_505,Project_Manager_505,ASDM_43,Account_Service_Delivery_Manager_43,Confirmed,01-03-2026,31-03-2026,Vertical_03,Unit_01,Commercial_Model_04
PID_1479,PRJ_1479,CUST_41,PRJ_Vert_02,PRJ_Exec_02,Standard Billable,Active,PM_600,Project_Manager_600,ASDM_02,Account_Service_Delivery_Manager_02,Confirmed,01-03-2026,31-03-2026,Vertical_02,Unit_01,Commercial_Model_01
PID_1480,PRJ_1480,CUST_125,PRJ_Vert_04,PRJ_Exec_31,Standard Billable,Active,PM_136,Project_Manager_136,ASDM_78,Account_Service_Delivery_Manager_77,Confirmed,01-03-2026,31-03-2026,Vertical_04,Unit_01,Commercial_Model_02
PID_1481,PRJ_1481,CUST_103,PRJ_Vert_02,PRJ_Exec_02,Standard Billable,Active,PM_126,Project_Manager_126,ASDM_02,Account_Service_Delivery_Manager_02,Yet to be confirmed,01-03-2026,31-03-2026,Vertical_02,Unit_01,Commercial_Model_01
PID_1482,PRJ_1482,CUST_375,PRJ_Vert_03,PRJ_Exec_03,Standard Billable,Active,PM_447,Project_Manager_447,ASDM_07,Account_Service_Delivery_Manager_07,Confirmed,01-03-2026,31-03-2026,Vertical_03,Unit_01,Commercial_Model_05
PID_1484,PRJ_1484,CUST_52,PRJ_Vert_02,PRJ_Exec_07,Standard Billable,Active,PM_456,Project_Manager_456,ASDM_08,Account_Service_Delivery_Manager_08,Confirmed,01-03-2026,31-03-2026,Vertical_02,Unit_02,Commercial_Model_03
PID_1485,PRJ_1485,CUST_27,PRJ_Vert_03,PRJ_Exec_03,Standard Billable,Active,PM_601,Project_Manager_601,ASDM_27,Account_Service_Delivery_Manager_27,Confirmed,01-03-2026,31-03-2026,Vertical_03,Unit_01,Commercial_Model_04
PID_1486,PRJ_1486,CUST_376,PRJ_Vert_01,PRJ_Exec_24,Standard Billable,Active,PM_91,Project_Manager_91,ASDM_62,Account_Service_Delivery_Manager_61,Confirmed,01-03-2026,31-03-2026,Vertical_01,Unit_01,Commercial_Model_01
PID_1951,PRJ_1951,CUST_30,PRJ_Vert_01,PRJ_Exec_20,Standard Billable,Active,PM_32,Project_Manager_32,ASDM_31,Account_Service_Delivery_Manager_31,Confirmed,01-03-2026,31-03-2026,Vertical_01,Unit_01,Commercial_Model_01
PID_1488,PRJ_1488,CUST_144,PRJ_Vert_05,PRJ_Exec_09,Standard Billable,Active,PM_177,Project_Manager_177,ASDM_42,Account_Service_Delivery_Manager_42,Confirmed,01-03-2026,31-03-2026,Vertical_05,Unit_01,Commercial_Model_05
PID_1489,PRJ_1489,CUST_377,PRJ_Vert_01,PRJ_Exec_45,Standard Billable,Active,PM_220,Project_Manager_220,ASDM_28,Account_Service_Delivery_Manager_28,Confirmed,01-03-2026,31-03-2026,Vertical_01,Unit_01,Commercial_Model_04
PID_1490,PRJ_1490,CUST_13,PRJ_Vert_06,PRJ_Exec_21,Standard Billable,Active,PM_492,Project_Manager_492,ASDM_36,Account_Service_Delivery_Manager_36,Confirmed,01-03-2026,31-03-2026,Vertical_06,Unit_01,Commercial_Model_01
PID_1491,PRJ_1491,CUST_159,PRJ_Vert_02,PRJ_Exec_19,Standard Billable,Active,PM_202,Project_Manager_202,ASDM_30,Account_Service_Delivery_Manager_30,Confirmed,01-03-2026,31-03-2026,Vertical_02,Unit_01,Commercial_Model_04
PID_1492,PRJ_1492,CUST_62,PRJ_Vert_06,PRJ_Exec_32,Standard Billable,Active,PM_139,Project_Manager_139,ASDM_56,Account_Service_Delivery_Manager_56,Confirmed,01-03-2026,31-03-2026,Vertical_06,Unit_01,Commercial_Model_04
PID_1494,PRJ_1494,CUST_12,PRJ_Vert_03,PRJ_Exec_10,Standard Billable,Active,PM_12,Project_Manager_12,ASDM_12,Account_Service_Delivery_Manager_12,Yet to be confirmed,01-03-2026,31-03-2026,Vertical_03,Unit_02,Commercial_Model_02
PID_1495,PRJ_1495,CUST_12,PRJ_Vert_03,PRJ_Exec_10,Standard Billable,Active,PM_12,Project_Manager_12,ASDM_12,Account_Service_Delivery_Manager_12,Yet to be confirmed,01-03-2026,31-03-2026,Vertical_03,Unit_02,Commercial_Model_02
PID_1496,PRJ_1496,CUST_47,PRJ_Vert_01,PRJ_Exec_05,Standard Billable,Active,PM_128,Project_Manager_128,ASDM_45,Account_Service_Delivery_Manager_45,Yet to be confirmed,01-03-2026,31-03-2026,Vertical_01,Unit_01,Commercial_Model_02
PID_1497,PRJ_1497,CUST_379,PRJ_Vert_02,PRJ_Exec_56,Standard Billable,Active,PM_602,Project_Manager_602,ASDM_101,Account_Service_Delivery_Manager_100,Confirmed,01-03-2026,31-03-2026,Vertical_02,Unit_02,Commercial_Model_04
PID_1498,PRJ_1498,CUST_95,PRJ_Vert_01,PRJ_Exec_01,Standard Billable,Active,PM_113,Project_Manager_113,ASDM_74,Account_Service_Delivery_Manager_73,Confirmed,01-03-2026,31-03-2026,Vertical_01,Unit_01,Commercial_Model_04
PID_1499,PRJ_1499,CUST_132,PRJ_Vert_01,PRJ_Exec_05,Standard Billable,Active,PM_158,Project_Manager_158,ASDM_87,Account_Service_Delivery_Manager_86,Confirmed,01-03-2026,31-03-2026,Vertical_01,Unit_01,Commercial_Model_02
PID_1487,PRJ_1487,CUST_68,PRJ_Vert_05,PRJ_Exec_09,Standard Billable,Active,PM_122,Project_Manager_122,ASDM_11,Account_Service_Delivery_Manager_11,Yet to be confirmed,01-03-2026,31-03-2026,Vertical_05,Unit_01,Commercial_Model_02
PID_1500,PRJ_1500,CUST_125,PRJ_Vert_04,PRJ_Exec_31,Standard Billable,Active,PM_136,Project_Manager_136,ASDM_78,Account_Service_Delivery_Manager_77,Confirmed,01-03-2026,31-03-2026,Vertical_04,Unit_01,Commercial_Model_02
PID_1501,PRJ_1501,CUST_42,PRJ_Vert_05,PRJ_Exec_09,Standard Billable,Active,PM_603,Project_Manager_603,ASDM_42,Account_Service_Delivery_Manager_42,Yet to be confirmed,01-03-2026,31-03-2026,Vertical_05,Unit_01,Commercial_Model_04
PID_1503,PRJ_1503,CUST_380,PRJ_Vert_06,PRJ_Exec_12,Standard Billable,Active,PM_129,Project_Manager_129,ASDM_14,Account_Service_Delivery_Manager_14,Confirmed,01-03-2026,31-03-2026,Vertical_06,Unit_01,Commercial_Model_04
PID_1504,PRJ_1504,CUST_113,PRJ_Vert_01,PRJ_Exec_01,Standard Billable,Active,PM_138,Project_Manager_138,ASDM_79,Account_Service_Delivery_Manager_78,Confirmed,01-03-2026,31-03-2026,Vertical_01,Unit_01,Commercial_Model_04
PID_1449,PRJ_1449,CUST_33,PRJ_Vert_02,PRJ_Exec_23,Standard Billable,Active,PM_36,Project_Manager_36,ASDM_34,Account_Service_Delivery_Manager_34,Confirmed,01-03-2026,31-03-2026,Vertical_02,Unit_01,Commercial_Model_01
PID_412,PRJ_412,CUST_200,PRJ_Vert_01,PRJ_Exec_20,Standard Billable,Active,PM_263,Project_Manager_263,ASDM_31,Account_Service_Delivery_Manager_31,Confirmed,01-03-2026,31-03-2026,Vertical_01,Unit_01,Commercial_Model_02
PID_1972,PRJ_1972,CUST_132,PRJ_Vert_01,PRJ_Exec_24,Customer Non Billable,Active,PM_713,Project_Manager_711,,,Yet to be confirmed,01-03-2026,31-03-2026,Vertical_01,Unit_01,Commercial_Model_05
PID_1505,PRJ_1505,CUST_113,PRJ_Vert_01,PRJ_Exec_01,Standard Billable,Active,PM_138,Project_Manager_138,ASDM_79,Account_Service_Delivery_Manager_78,Confirmed,01-03-2026,31-03-2026,Vertical_01,Unit_01,Commercial_Model_04
PID_1506,PRJ_1506,CUST_132,PRJ_Vert_01,PRJ_Exec_24,Standard Billable,Active,PM_604,Project_Manager_604,ASDM_87,Account_Service_Delivery_Manager_86,Yet to be confirmed,01-03-2026,31-03-2026,Vertical_01,Unit_01,Commercial_Model_02
PID_1507,PRJ_1507,CUST_24,PRJ_Vert_01,PRJ_Exec_13,Standard Billable,Active,PM_24,Project_Manager_24,ASDM_24,Account_Service_Delivery_Manager_24,Confirmed,01-03-2026,31-03-2026,Vertical_01,Unit_02,Commercial_Model_04
PID_1508,PRJ_1508,CUST_381,PRJ_Vert_02,PRJ_Exec_15,Standard Billable,Active,PM_605,Project_Manager_605,ASDM_84,Account_Service_Delivery_Manager_83,Yet to be confirmed,01-03-2026,31-03-2026,Vertical_02,Unit_01,Commercial_Model_04
PID_686,PRJ_686,CUST_263,PRJ_Vert_01,PRJ_Exec_05,Standard Billable,Active,PM_363,Project_Manager_363,ASDM_124,Account_Service_Delivery_Manager_123,Confirmed,01-03-2026,31-03-2026,Vertical_01,Unit_01,Commercial_Model_04
PID_1509,PRJ_1509,CUST_27,PRJ_Vert_03,PRJ_Exec_10,Standard Billable,Active,PM_174,Project_Manager_174,ASDM_27,Account_Service_Delivery_Manager_27,Confirmed,01-03-2026,31-03-2026,Vertical_03,Unit_02,Commercial_Model_04
PID_1510,PRJ_1510,CUST_261,PRJ_Vert_01,PRJ_Exec_05,Standard Billable,Active,PM_268,Project_Manager_268,ASDM_74,Account_Service_Delivery_Manager_73,Yet to be confirmed,01-03-2026,31-03-2026,Vertical_01,Unit_01,Commercial_Model_02
PID_1457,PRJ_1457,CUST_32,PRJ_Vert_05,PRJ_Exec_09,Standard Billable,Active,PM_596,Project_Manager_596,ASDM_33,Account_Service_Delivery_Manager_33,Confirmed,01-03-2026,31-03-2026,Vertical_05,Unit_01,Commercial_Model_04
PID_1511,PRJ_1511,CUST_99,PRJ_Vert_05,PRJ_Exec_09,Standard Billable,Active,PM_606,Project_Manager_606,ASDM_75,Account_Service_Delivery_Manager_74,Confirmed,01-03-2026,31-03-2026,Vertical_05,Unit_01,Commercial_Model_04
PID_1512,PRJ_1512,CUST_12,PRJ_Vert_03,PRJ_Exec_10,Standard Billable,Active,PM_12,Project_Manager_12,ASDM_12,Account_Service_Delivery_Manager_12,Yet to be confirmed,01-03-2026,31-03-2026,Vertical_03,Unit_02,Commercial_Model_02
PID_1513,PRJ_1513,CUST_12,PRJ_Vert_03,PRJ_Exec_10,Standard Billable,Active,PM_12,Project_Manager_12,ASDM_12,Account_Service_Delivery_Manager_12,Yet to be confirmed,01-03-2026,31-03-2026,Vertical_03,Unit_02,Commercial_Model_02
PID_690,PRJ_690,CUST_121,PRJ_Vert_01,PRJ_Exec_24,Standard Billable,Active,PM_146,Project_Manager_146,ASDM_81,Account_Service_Delivery_Manager_80,Confirmed,01-03-2026,31-03-2026,Vertical_01,Unit_01,Commercial_Model_02
PID_1514,PRJ_1514,CUST_132,PRJ_Vert_01,PRJ_Exec_24,Standard Billable,Active,PM_607,Project_Manager_607,ASDM_87,Account_Service_Delivery_Manager_86,Yet to be confirmed,01-03-2026,31-03-2026,Vertical_01,Unit_01,Commercial_Model_04
PID_1515,PRJ_1515,CUST_166,PRJ_Vert_02,PRJ_Exec_15,Standard Billable,Active,PM_196,Project_Manager_196,ASDM_84,Account_Service_Delivery_Manager_83,Confirmed,01-03-2026,31-03-2026,Vertical_02,Unit_01,Commercial_Model_01
PID_1516,PRJ_1516,CUST_132,PRJ_Vert_01,PRJ_Exec_24,Standard Billable,Active,PM_158,Project_Manager_158,ASDM_87,Account_Service_Delivery_Manager_86,Confirmed,01-03-2026,31-03-2026,Vertical_01,Unit_01,Commercial_Model_04
PID_1517,PRJ_1517,CUST_313,PRJ_Vert_05,PRJ_Exec_37,Standard Billable,Active,PM_450,Project_Manager_450,ASDM_75,Account_Service_Delivery_Manager_74,Confirmed,01-03-2026,31-03-2026,Vertical_05,Unit_01,Commercial_Model_01
PID_1518,PRJ_1518,CUST_08,PRJ_Vert_02,PRJ_Exec_07,Standard Billable,Active,PM_456,Project_Manager_456,ASDM_08,Account_Service_Delivery_Manager_08,Yet to be confirmed,01-03-2026,31-03-2026,Vertical_02,Unit_02,Commercial_Model_03
PID_1520,PRJ_1520,CUST_73,PRJ_Vert_02,PRJ_Exec_15,Standard Billable,Active,PM_87,Project_Manager_87,ASDM_26,Account_Service_Delivery_Manager_26,Confirmed,01-03-2026,31-03-2026,Vertical_02,Unit_01,Commercial_Model_04
PID_701,PRJ_701,CUST_120,PRJ_Vert_02,PRJ_Exec_23,Standard Billable,Active,PM_301,Project_Manager_301,ASDM_60,Account_Service_Delivery_Manager_59,Confirmed,01-03-2026,31-03-2026,Vertical_02,Unit_01,Commercial_Model_02
PID_968,PRJ_968,CUST_52,PRJ_Vert_02,PRJ_Exec_05,Standard Billable,Active,PM_446,Project_Manager_446,ASDM_121,Account_Service_Delivery_Manager_120,Yet to be confirmed,01-03-2026,31-03-2026,Vertical_02,Unit_01,Commercial_Model_02
PID_1522,PRJ_1522,CUST_376,PRJ_Vert_01,PRJ_Exec_24,Standard Billable,Active,PM_91,Project_Manager_91,ASDM_62,Account_Service_Delivery_Manager_61,Confirmed,01-03-2026,31-03-2026,Vertical_01,Unit_01,Commercial_Model_01
PID_431,PRJ_431,CUST_121,PRJ_Vert_01,PRJ_Exec_24,Standard Billable,Active,PM_146,Project_Manager_146,ASDM_81,Account_Service_Delivery_Manager_80,Confirmed,01-03-2026,31-03-2026,Vertical_01,Unit_01,Commercial_Model_02
PID_1523,PRJ_1523,CUST_99,PRJ_Vert_05,PRJ_Exec_09,Standard Billable,Active,PM_118,Project_Manager_118,ASDM_75,Account_Service_Delivery_Manager_74,Confirmed,01-03-2026,31-03-2026,Vertical_05,Unit_01,Commercial_Model_04
PID_1524,PRJ_1524,CUST_113,PRJ_Vert_01,PRJ_Exec_01,Standard Billable,Active,PM_138,Project_Manager_138,ASDM_79,Account_Service_Delivery_Manager_78,Confirmed,01-03-2026,31-03-2026,Vertical_01,Unit_01,Commercial_Model_04
PID_1525,PRJ_1525,CUST_383,PRJ_Vert_01,PRJ_Exec_05,Standard Billable,Active,PM_609,Project_Manager_609,ASDM_139,Account_Service_Delivery_Manager_138,Confirmed,01-03-2026,31-03-2026,Vertical_01,Unit_01,Commercial_Model_02
PID_1526,PRJ_1526,CUST_384,PRJ_Vert_06,PRJ_Exec_29,Standard Billable,Active,PM_108,Project_Manager_108,ASDM_66,Account_Service_Delivery_Manager_65,Confirmed,01-03-2026,31-03-2026,Vertical_06,Unit_01,Commercial_Model_04
PID_1527,PRJ_1527,CUST_67,PRJ_Vert_02,PRJ_Exec_23,Standard Billable,Active,PM_253,Project_Manager_253,ASDM_59,Account_Service_Delivery_Manager_58,Confirmed,01-03-2026,31-03-2026,Vertical_02,Unit_01,Commercial_Model_01
PID_1528,PRJ_1528,CUST_108,PRJ_Vert_02,PRJ_Exec_15,Standard Billable,Active,PM_153,Project_Manager_153,ASDM_21,Account_Service_Delivery_Manager_21,Yet to be confirmed,01-03-2026,31-03-2026,Vertical_02,Unit_01,Commercial_Model_01
PID_1469,PRJ_1469,CUST_373,PRJ_Vert_02,PRJ_Exec_15,Standard Billable,Active,PM_531,Project_Manager_531,ASDM_22,Account_Service_Delivery_Manager_22,Yet to be confirmed,01-03-2026,31-03-2026,Vertical_02,Unit_01,Commercial_Model_02
PID_1529,PRJ_1529,CUST_103,PRJ_Vert_02,PRJ_Exec_02,Standard Billable,Active,PM_126,Project_Manager_126,ASDM_02,Account_Service_Delivery_Manager_02,Yet to be confirmed,01-03-2026,31-03-2026,Vertical_02,Unit_01,Commercial_Model_04
PID_980,PRJ_980,CUST_91,PRJ_Vert_02,PRJ_Exec_19,Standard Billable,Active,PM_71,Project_Manager_71,ASDM_58,Account_Service_Delivery_Manager_50,Confirmed,01-03-2026,31-03-2026,Vertical_02,Unit_01,Commercial_Model_02
PID_1530,PRJ_1530,CUST_47,PRJ_Vert_01,PRJ_Exec_24,Standard Billable,Active,PM_165,Project_Manager_165,ASDM_45,Account_Service_Delivery_Manager_45,Confirmed,01-03-2026,31-03-2026,Vertical_01,Unit_01,Commercial_Model_04
PID_1519,PRJ_1519,CUST_382,PRJ_Vert_01,PRJ_Exec_05,Standard Billable,Active,PM_608,Project_Manager_608,ASDM_79,Account_Service_Delivery_Manager_78,Yet to be confirmed,01-03-2026,31-03-2026,Vertical_01,Unit_01,Commercial_Model_01
PID_1531,PRJ_1531,CUST_120,PRJ_Vert_02,PRJ_Exec_23,Standard Billable,Active,PM_150,Project_Manager_150,ASDM_60,Account_Service_Delivery_Manager_59,Yet to be confirmed,01-03-2026,31-03-2026,Vertical_02,Unit_01,Commercial_Model_01
PID_1532,PRJ_1532,CUST_134,PRJ_Vert_03,PRJ_Exec_03,Standard Billable,Active,PM_160,Project_Manager_160,ASDM_88,Account_Service_Delivery_Manager_87,Confirmed,01-03-2026,31-03-2026,Vertical_03,Unit_01,Commercial_Model_01
PID_1533,PRJ_1533,CUST_108,PRJ_Vert_02,PRJ_Exec_15,Standard Billable,Active,PM_610,Project_Manager_610,ASDM_21,Account_Service_Delivery_Manager_21,Yet to be confirmed,01-03-2026,31-03-2026,Vertical_02,Unit_01,Commercial_Model_01
PID_1534,PRJ_1534,CUST_108,PRJ_Vert_02,PRJ_Exec_15,Standard Billable,Active,PM_611,Project_Manager_611,ASDM_21,Account_Service_Delivery_Manager_21,Yet to be confirmed,01-03-2026,31-03-2026,Vertical_02,Unit_01,Commercial_Model_01
PID_454,PRJ_454,CUST_204,PRJ_Vert_05,PRJ_Exec_09,Standard Billable,Active,PM_276,Project_Manager_276,ASDM_76,Account_Service_Delivery_Manager_75,Confirmed,01-03-2026,31-03-2026,Vertical_05,Unit_01,Commercial_Model_04
PID_1535,PRJ_1535,CUST_180,PRJ_Vert_02,PRJ_Exec_06,Standard Billable,Active,PM_238,Project_Manager_238,ASDM_103,Account_Service_Delivery_Manager_102,Confirmed,01-03-2026,31-03-2026,Vertical_02,Unit_01,Commercial_Model_01
PID_1536,PRJ_1536,CUST_122,PRJ_Vert_01,PRJ_Exec_01,Standard Billable,Active,PM_72,Project_Manager_72,ASDM_55,Account_Service_Delivery_Manager_55,Confirmed,01-03-2026,31-03-2026,Vertical_01,Unit_01,Commercial_Model_02
PID_1538,PRJ_1538,CUST_191,PRJ_Vert_04,PRJ_Exec_40,Standard Billable,Active,PM_529,Project_Manager_529,ASDM_106,Account_Service_Delivery_Manager_105,Confirmed,01-03-2026,31-03-2026,Vertical_04,Unit_01,Commercial_Model_04
PID_1539,PRJ_1539,CUST_59,PRJ_Vert_08,PRJ_Exec_05,Standard Billable,Active,PM_612,Project_Manager_612,ASDM_54,Account_Service_Delivery_Manager_54,Yet to be confirmed,01-03-2026,31-03-2026,Vertical_08,Unit_01,Commercial_Model_02
PID_236,PRJ_236,CUST_139,PRJ_Vert_02,PRJ_Exec_19,Standard Billable,Active,PM_168,Project_Manager_168,ASDM_38,Account_Service_Delivery_Manager_38,Yet to be confirmed,01-03-2026,31-03-2026,Vertical_02,Unit_01,Commercial_Model_02
PID_1540,PRJ_1540,CUST_385,PRJ_Vert_02,PRJ_Exec_15,Standard Billable,Active,PM_613,Project_Manager_613,ASDM_22,Account_Service_Delivery_Manager_22,Yet to be confirmed,01-03-2026,31-03-2026,Vertical_02,Unit_01,Commercial_Model_02
PID_1002,PRJ_1002,CUST_119,PRJ_Vert_02,PRJ_Exec_02,Standard Billable,Active,PM_375,Project_Manager_375,ASDM_59,Account_Service_Delivery_Manager_58,Yet to be confirmed,01-03-2026,31-03-2026,Vertical_02,Unit_01,Commercial_Model_04
PID_1541,PRJ_1541,CUST_62,PRJ_Vert_06,PRJ_Exec_32,Standard Billable,Active,PM_139,Project_Manager_139,ASDM_56,Account_Service_Delivery_Manager_56,Confirmed,01-03-2026,31-03-2026,Vertical_06,Unit_01,Commercial_Model_01
PID_1543,PRJ_1543,CUST_36,PRJ_Vert_02,PRJ_Exec_23,Standard Billable,Active,PM_40,Project_Manager_40,ASDM_38,Account_Service_Delivery_Manager_38,Yet to be confirmed,01-03-2026,31-03-2026,Vertical_02,Unit_01,Commercial_Model_05
PID_1544,PRJ_1544,CUST_387,PRJ_Vert_02,PRJ_Exec_19,Standard Billable,Active,PM_614,Project_Manager_614,ASDM_38,Account_Service_Delivery_Manager_38,Confirmed,01-03-2026,31-03-2026,Vertical_02,Unit_01,Commercial_Model_04
PID_1542,PRJ_1542,CUST_386,PRJ_Vert_02,PRJ_Exec_15,Standard Billable,Active,PM_250,Project_Manager_250,ASDM_77,Account_Service_Delivery_Manager_76,Confirmed,01-03-2026,31-03-2026,Vertical_02,Unit_01,Commercial_Model_05
PID_1546,PRJ_1546,CUST_52,PRJ_Vert_02,PRJ_Exec_15,Standard Billable,Active,PM_419,Project_Manager_419,ASDM_121,Account_Service_Delivery_Manager_120,Confirmed,01-03-2026,31-03-2026,Vertical_02,Unit_01,Commercial_Model_02
PID_1547,PRJ_1547,CUST_388,PRJ_Vert_05,PRJ_Exec_05,Standard Billable,Active,PM_542,Project_Manager_542,ASDM_76,Account_Service_Delivery_Manager_75,Confirmed,01-03-2026,31-03-2026,Vertical_05,Unit_01,Commercial_Model_02
PID_469,PRJ_469,CUST_27,PRJ_Vert_03,PRJ_Exec_03,Standard Billable,Active,PM_281,Project_Manager_281,ASDM_27,Account_Service_Delivery_Manager_27,Confirmed,01-03-2026,31-03-2026,Vertical_03,Unit_01,Commercial_Model_03
PID_1548,PRJ_1548,CUST_20,PRJ_Vert_03,PRJ_Exec_03,Standard Billable,Active,PM_28,Project_Manager_28,ASDM_20,Account_Service_Delivery_Manager_20,Yet to be confirmed,01-03-2026,31-03-2026,Vertical_03,Unit_01,Commercial_Model_04
PID_1549,PRJ_1549,CUST_213,PRJ_Vert_02,PRJ_Exec_46,Standard Billable,Active,PM_439,Project_Manager_439,ASDM_30,Account_Service_Delivery_Manager_30,Confirmed,01-03-2026,31-03-2026,Vertical_02,Unit_01,Commercial_Model_01
PID_1550,PRJ_1550,CUST_05,PRJ_Vert_01,PRJ_Exec_53,Standard Billable,Active,PM_162,Project_Manager_162,ASDM_05,Account_Service_Delivery_Manager_05,Confirmed,01-03-2026,31-03-2026,Vertical_01,Unit_01,Commercial_Model_04
PID_1552,PRJ_1552,CUST_389,PRJ_Vert_03,PRJ_Exec_03,Standard Billable,Active,PM_171,Project_Manager_171,ASDM_20,Account_Service_Delivery_Manager_20,Confirmed,01-03-2026,31-03-2026,Vertical_03,Unit_01,Commercial_Model_04
PID_1553,PRJ_1553,CUST_126,PRJ_Vert_04,PRJ_Exec_34,Standard Billable,Active,PM_615,Project_Manager_615,ASDM_10,Account_Service_Delivery_Manager_10,Confirmed,01-03-2026,31-03-2026,Vertical_04,Unit_01,Commercial_Model_02
PID_1555,PRJ_1555,CUST_390,PRJ_Vert_06,PRJ_Exec_29,Standard Billable,Active,PM_163,Project_Manager_163,ASDM_66,Account_Service_Delivery_Manager_65,Confirmed,01-03-2026,31-03-2026,Vertical_06,Unit_01,Commercial_Model_04
PID_1556,PRJ_1556,CUST_63,PRJ_Vert_01,PRJ_Exec_20,Standard Billable,Active,PM_70,Project_Manager_70,ASDM_57,Account_Service_Delivery_Manager_57,Confirmed,01-03-2026,31-03-2026,Vertical_01,Unit_01,Commercial_Model_04
PID_1557,PRJ_1557,CUST_320,PRJ_Vert_01,PRJ_Exec_43,Standard Billable,Active,PM_616,Project_Manager_459,ASDM_140,Account_Service_Delivery_Manager_139,Yet to be confirmed,01-03-2026,31-03-2026,Vertical_01,Unit_02,Commercial_Model_03
PID_317,PRJ_317,CUST_169,PRJ_Vert_07,PRJ_Exec_39,Standard Billable,Active,PM_217,Project_Manager_217,ASDM_16,Account_Service_Delivery_Manager_16,Confirmed,01-03-2026,31-03-2026,Vertical_07,Unit_01,Commercial_Model_01
PID_1554,PRJ_1554,CUST_89,PRJ_Vert_03,PRJ_Exec_03,Standard Billable,Active,PM_105,Project_Manager_105,ASDM_70,Account_Service_Delivery_Manager_69,Confirmed,01-03-2026,31-03-2026,Vertical_03,Unit_01,Commercial_Model_04
PID_1558,PRJ_1558,CUST_391,PRJ_Vert_07,PRJ_Exec_39,Standard Billable,Active,PM_143,Project_Manager_143,ASDM_72,Account_Service_Delivery_Manager_71,Confirmed,01-03-2026,31-03-2026,Vertical_07,Unit_01,Commercial_Model_02
PID_1559,PRJ_1559,CUST_12,PRJ_Vert_03,PRJ_Exec_10,Standard Billable,Active,PM_12,Project_Manager_12,ASDM_12,Account_Service_Delivery_Manager_12,Yet to be confirmed,01-03-2026,31-03-2026,Vertical_03,Unit_02,Commercial_Model_02
PID_1560,PRJ_1560,CUST_62,PRJ_Vert_06,PRJ_Exec_32,Standard Billable,Active,PM_617,Project_Manager_616,ASDM_56,Account_Service_Delivery_Manager_56,Yet to be confirmed,01-03-2026,31-03-2026,Vertical_06,Unit_01,Commercial_Model_04
PID_1561,PRJ_1561,CUST_114,PRJ_Vert_04,PRJ_Exec_40,Standard Billable,Active,PM_140,Project_Manager_140,ASDM_80,Account_Service_Delivery_Manager_79,Confirmed,01-03-2026,31-03-2026,Vertical_04,Unit_01,Commercial_Model_01
PID_1795,PRJ_1795,CUST_412,PRJ_Vert_08,PRJ_Exec_58,Standard Billable,Active,PM_538,Project_Manager_538,ASDM_67,Account_Service_Delivery_Manager_66,Confirmed,01-03-2026,31-03-2026,Vertical_08,Unit_01,Commercial_Model_01
PID_1562,PRJ_1562,CUST_142,PRJ_Vert_01,PRJ_Exec_43,Standard Billable,Active,PM_618,Project_Manager_617,ASDM_91,Account_Service_Delivery_Manager_90,Confirmed,01-03-2026,31-03-2026,Vertical_01,Unit_02,Commercial_Model_02
PID_1563,PRJ_1563,CUST_392,PRJ_Vert_05,PRJ_Exec_30,Standard Billable,Active,PM_219,Project_Manager_219,ASDM_98,Account_Service_Delivery_Manager_97,Confirmed,01-03-2026,31-03-2026,Vertical_05,Unit_02,Commercial_Model_02
PID_1019,PRJ_1019,CUST_54,PRJ_Vert_02,PRJ_Exec_19,Standard Billable,Active,PM_71,Project_Manager_71,ASDM_58,Account_Service_Delivery_Manager_50,Confirmed,01-03-2026,31-03-2026,Vertical_02,Unit_01,Commercial_Model_01
PID_1564,PRJ_1564,CUST_393,PRJ_Vert_02,PRJ_Exec_07,Standard Billable,Active,PM_619,Project_Manager_618,ASDM_08,Account_Service_Delivery_Manager_08,Confirmed,01-03-2026,31-03-2026,Vertical_02,Unit_02,Commercial_Model_03
PID_1565,PRJ_1565,CUST_157,PRJ_Vert_05,PRJ_Exec_16,Standard Billable,Active,PM_453,Project_Manager_453,ASDM_97,Account_Service_Delivery_Manager_96,Confirmed,01-03-2026,31-03-2026,Vertical_05,Unit_01,Commercial_Model_04
PID_1566,PRJ_1566,CUST_394,PRJ_Vert_06,PRJ_Exec_41,Standard Billable,Active,PM_620,Project_Manager_619,ASDM_126,Account_Service_Delivery_Manager_125,Confirmed,01-03-2026,31-03-2026,Vertical_06,Unit_02,Commercial_Model_03
PID_1567,PRJ_1567,CUST_283,PRJ_Vert_05,PRJ_Exec_30,Standard Billable,Active,PM_201,Project_Manager_201,ASDM_98,Account_Service_Delivery_Manager_97,Confirmed,01-03-2026,31-03-2026,Vertical_05,Unit_02,Commercial_Model_02
PID_1568,PRJ_1568,CUST_281,PRJ_Vert_02,PRJ_Exec_44,Standard Billable,Active,PM_193,Project_Manager_193,ASDM_94,Account_Service_Delivery_Manager_93,Yet to be confirmed,01-03-2026,31-03-2026,Vertical_02,Unit_02,Commercial_Model_03
PID_1569,PRJ_1569,CUST_44,PRJ_Vert_03,PRJ_Exec_03,Standard Billable,Active,PM_621,Project_Manager_620,ASDM_43,Account_Service_Delivery_Manager_43,Yet to be confirmed,01-03-2026,31-03-2026,Vertical_03,Unit_01,Commercial_Model_04
PID_1570,PRJ_1570,CUST_283,PRJ_Vert_05,PRJ_Exec_30,Standard Billable,Active,PM_219,Project_Manager_219,ASDM_98,Account_Service_Delivery_Manager_97,Confirmed,01-03-2026,31-03-2026,Vertical_05,Unit_02,Commercial_Model_02
PID_488,PRJ_488,CUST_215,PRJ_Vert_05,PRJ_Exec_49,Standard Billable,Active,PM_290,Project_Manager_290,ASDM_112,Account_Service_Delivery_Manager_111,Confirmed,01-03-2026,31-03-2026,Vertical_05,Unit_01,Commercial_Model_01
PID_21,PRJ_21,CUST_20,PRJ_Vert_03,PRJ_Exec_03,Standard Billable,Active,PM_20,Project_Manager_20,ASDM_20,Account_Service_Delivery_Manager_20,Confirmed,01-03-2026,31-03-2026,Vertical_03,Unit_01,Commercial_Model_01
PID_1571,PRJ_1571,CUST_27,PRJ_Vert_03,PRJ_Exec_03,Standard Billable,Active,PM_426,Project_Manager_426,ASDM_27,Account_Service_Delivery_Manager_27,Confirmed,01-03-2026,31-03-2026,Vertical_03,Unit_01,Commercial_Model_04
PID_1573,PRJ_1573,CUST_13,PRJ_Vert_06,PRJ_Exec_11,Standard Billable,Active,PM_622,Project_Manager_621,ASDM_13,Account_Service_Delivery_Manager_13,Confirmed,01-03-2026,31-03-2026,Vertical_06,Unit_01,Commercial_Model_01
PID_1322,PRJ_1322,CUST_241,PRJ_Vert_03,PRJ_Exec_03,Standard Billable,Active,PM_342,Project_Manager_342,ASDM_07,Account_Service_Delivery_Manager_07,Confirmed,01-03-2026,31-03-2026,Vertical_03,Unit_01,Commercial_Model_04
PID_1574,PRJ_1574,CUST_179,PRJ_Vert_02,PRJ_Exec_23,Standard Billable,Active,PM_274,Project_Manager_274,ASDM_102,Account_Service_Delivery_Manager_101,Yet to be confirmed,01-03-2026,31-03-2026,Vertical_02,Unit_01,Commercial_Model_02
PID_1575,PRJ_1575,CUST_33,PRJ_Vert_02,PRJ_Exec_23,Standard Billable,Active,PM_623,Project_Manager_622,ASDM_34,Account_Service_Delivery_Manager_34,Confirmed,01-03-2026,31-03-2026,Vertical_02,Unit_01,Commercial_Model_01
PID_1577,PRJ_1577,CUST_219,PRJ_Vert_02,PRJ_Exec_07,Standard Billable,Active,PM_37,Project_Manager_37,ASDM_35,Account_Service_Delivery_Manager_35,Confirmed,01-03-2026,31-03-2026,Vertical_02,Unit_02,Commercial_Model_03
PID_1578,PRJ_1578,CUST_320,PRJ_Vert_01,PRJ_Exec_43,Standard Billable,Active,PM_459,Project_Manager_459,ASDM_140,Account_Service_Delivery_Manager_139,Confirmed,01-03-2026,31-03-2026,Vertical_01,Unit_02,Commercial_Model_03
PID_1579,PRJ_1579,CUST_212,PRJ_Vert_02,PRJ_Exec_15,Standard Billable,Active,PM_624,Project_Manager_623,ASDM_110,Account_Service_Delivery_Manager_109,Yet to be confirmed,01-03-2026,31-03-2026,Vertical_02,Unit_01,Commercial_Model_01
PID_1581,PRJ_1581,CUST_186,PRJ_Vert_04,PRJ_Exec_13,Standard Billable,Active,PM_625,Project_Manager_624,ASDM_126,Account_Service_Delivery_Manager_125,Yet to be confirmed,01-03-2026,31-03-2026,Vertical_04,Unit_02,Commercial_Model_02
PID_1582,PRJ_1582,CUST_146,PRJ_Vert_03,PRJ_Exec_30,Standard Billable,Active,PM_354,Project_Manager_354,ASDM_98,Account_Service_Delivery_Manager_97,Confirmed,01-03-2026,31-03-2026,Vertical_03,Unit_02,Commercial_Model_02
PID_1583,PRJ_1583,CUST_229,PRJ_Vert_04,PRJ_Exec_08,Standard Billable,Active,PM_554,Project_Manager_554,ASDM_120,Account_Service_Delivery_Manager_119,Yet to be confirmed,01-03-2026,31-03-2026,Vertical_04,Unit_01,Commercial_Model_01
PID_1584,PRJ_1584,CUST_395,PRJ_Vert_03,PRJ_Exec_03,Standard Billable,Active,PM_626,Project_Manager_625,ASDM_88,Account_Service_Delivery_Manager_87,Confirmed,01-03-2026,31-03-2026,Vertical_03,Unit_01,Commercial_Model_04
PID_1585,PRJ_1585,CUST_13,PRJ_Vert_06,PRJ_Exec_18,Standard Billable,Active,PM_627,Project_Manager_626,ASDM_29,Account_Service_Delivery_Manager_29,Confirmed,01-03-2026,31-03-2026,Vertical_06,Unit_01,Commercial_Model_01
PID_1586,PRJ_1586,CUST_191,PRJ_Vert_04,PRJ_Exec_16,Standard Billable,Active,PM_246,Project_Manager_246,ASDM_106,Account_Service_Delivery_Manager_105,Confirmed,01-03-2026,31-03-2026,Vertical_04,Unit_01,Commercial_Model_02
PID_1587,PRJ_1587,CUST_20,PRJ_Vert_03,PRJ_Exec_16,Standard Billable,Active,PM_28,Project_Manager_28,ASDM_20,Account_Service_Delivery_Manager_20,Confirmed,01-03-2026,31-03-2026,Vertical_03,Unit_01,Commercial_Model_04
PID_1588,PRJ_1588,CUST_38,PRJ_Vert_03,PRJ_Exec_03,Standard Billable,Active,PM_42,Project_Manager_42,ASDM_40,Account_Service_Delivery_Manager_40,Confirmed,01-03-2026,31-03-2026,Vertical_03,Unit_01,Commercial_Model_04
PID_1589,PRJ_1589,CUST_12,PRJ_Vert_03,PRJ_Exec_10,Standard Billable,Active,PM_12,Project_Manager_12,ASDM_12,Account_Service_Delivery_Manager_12,Yet to be confirmed,01-03-2026,31-03-2026,Vertical_03,Unit_02,Commercial_Model_02
PID_1590,PRJ_1590,CUST_42,PRJ_Vert_05,PRJ_Exec_09,Standard Billable,Active,PM_628,Project_Manager_627,ASDM_42,Account_Service_Delivery_Manager_42,Yet to be confirmed,01-03-2026,31-03-2026,Vertical_05,Unit_01,Commercial_Model_04
PID_1592,PRJ_1592,CUST_333,PRJ_Vert_06,PRJ_Exec_51,Standard Billable,Active,PM_500,Project_Manager_500,ASDM_35,Account_Service_Delivery_Manager_35,Confirmed,01-03-2026,31-03-2026,Vertical_06,Unit_02,Commercial_Model_02
PID_779,PRJ_779,CUST_40,PRJ_Vert_01,PRJ_Exec_05,Standard Billable,Active,PM_392,Project_Manager_392,ASDM_41,Account_Service_Delivery_Manager_41,Confirmed,01-03-2026,31-03-2026,Vertical_01,Unit_01,Commercial_Model_03
PID_1594,PRJ_1594,CUST_120,PRJ_Vert_02,PRJ_Exec_23,Standard Billable,Active,PM_150,Project_Manager_150,ASDM_60,Account_Service_Delivery_Manager_59,Yet to be confirmed,01-03-2026,31-03-2026,Vertical_02,Unit_01,Commercial_Model_02
PID_1595,PRJ_1595,CUST_396,PRJ_Vert_01,PRJ_Exec_24,Standard Billable,Active,PM_91,Project_Manager_91,ASDM_62,Account_Service_Delivery_Manager_61,Confirmed,01-03-2026,31-03-2026,Vertical_01,Unit_01,Commercial_Model_04
PID_1596,PRJ_1596,CUST_238,PRJ_Vert_02,PRJ_Exec_06,Standard Billable,Active,PM_264,Project_Manager_264,ASDM_103,Account_Service_Delivery_Manager_102,Confirmed,01-03-2026,31-03-2026,Vertical_02,Unit_01,Commercial_Model_02
PID_1597,PRJ_1597,CUST_154,PRJ_Vert_03,PRJ_Exec_05,Standard Billable,Active,PM_629,Project_Manager_628,ASDM_95,Account_Service_Delivery_Manager_94,Confirmed,01-03-2026,31-03-2026,Vertical_03,Unit_01,Commercial_Model_02
PID_1598,PRJ_1598,CUST_113,PRJ_Vert_01,PRJ_Exec_01,Standard Billable,Active,PM_138,Project_Manager_138,ASDM_79,Account_Service_Delivery_Manager_78,Confirmed,01-03-2026,31-03-2026,Vertical_01,Unit_01,Commercial_Model_04
PID_1599,PRJ_1599,CUST_92,PRJ_Vert_03,PRJ_Exec_13,Standard Billable,Active,PM_551,Project_Manager_551,ASDM_138,Account_Service_Delivery_Manager_137,Confirmed,01-03-2026,31-03-2026,Vertical_03,Unit_02,Commercial_Model_03
PID_1601,PRJ_1601,CUST_219,PRJ_Vert_02,PRJ_Exec_07,Standard Billable,Active,PM_37,Project_Manager_37,ASDM_35,Account_Service_Delivery_Manager_35,Confirmed,01-03-2026,31-03-2026,Vertical_02,Unit_02,Commercial_Model_03
PID_1602,PRJ_1602,CUST_133,PRJ_Vert_05,PRJ_Exec_09,Standard Billable,Active,PM_127,Project_Manager_127,ASDM_76,Account_Service_Delivery_Manager_75,Yet to be confirmed,01-03-2026,31-03-2026,Vertical_05,Unit_01,Commercial_Model_04
PID_1603,PRJ_1603,CUST_10,PRJ_Vert_04,PRJ_Exec_08,Standard Billable,Active,PM_10,Project_Manager_10,ASDM_10,Account_Service_Delivery_Manager_10,Confirmed,01-03-2026,31-03-2026,Vertical_04,Unit_01,Commercial_Model_04
PID_1604,PRJ_1604,CUST_13,PRJ_Vert_06,PRJ_Exec_25,Standard Billable,Active,PM_330,Project_Manager_330,ASDM_36,Account_Service_Delivery_Manager_36,Confirmed,01-03-2026,31-03-2026,Vertical_06,Unit_01,Commercial_Model_04
PID_1605,PRJ_1605,CUST_13,PRJ_Vert_06,PRJ_Exec_25,Standard Billable,Active,PM_43,Project_Manager_43,ASDM_36,Account_Service_Delivery_Manager_36,Yet to be confirmed,01-03-2026,31-03-2026,Vertical_06,Unit_01,Commercial_Model_01
PID_519,PRJ_519,CUST_54,PRJ_Vert_02,PRJ_Exec_19,Standard Billable,Active,PM_71,Project_Manager_71,ASDM_58,Account_Service_Delivery_Manager_50,Confirmed,01-03-2026,31-03-2026,Vertical_02,Unit_01,Commercial_Model_02
PID_1606,PRJ_1606,CUST_111,PRJ_Vert_04,PRJ_Exec_04,Standard Billable,Active,PM_136,Project_Manager_136,ASDM_78,Account_Service_Delivery_Manager_77,Confirmed,01-03-2026,31-03-2026,Vertical_04,Unit_01,Commercial_Model_02
PID_1607,PRJ_1607,CUST_113,PRJ_Vert_01,PRJ_Exec_01,Standard Billable,Active,PM_138,Project_Manager_138,ASDM_79,Account_Service_Delivery_Manager_78,Confirmed,01-03-2026,31-03-2026,Vertical_01,Unit_01,Commercial_Model_04
PID_1608,PRJ_1608,CUST_263,PRJ_Vert_01,PRJ_Exec_05,Standard Billable,Active,PM_363,Project_Manager_363,ASDM_124,Account_Service_Delivery_Manager_123,Confirmed,01-03-2026,31-03-2026,Vertical_01,Unit_01,Commercial_Model_02
PID_1547,PRJ_1547,CUST_397,PRJ_Vert_05,PRJ_Exec_05,Standard Billable,Active,PM_542,Project_Manager_542,ASDM_76,Account_Service_Delivery_Manager_75,Confirmed,01-03-2026,31-03-2026,Vertical_05,Unit_01,Commercial_Model_02
PID_1609,PRJ_1609,CUST_132,PRJ_Vert_01,PRJ_Exec_05,Standard Billable,Active,PM_630,Project_Manager_629,ASDM_87,Account_Service_Delivery_Manager_86,Yet to be confirmed,01-03-2026,31-03-2026,Vertical_01,Unit_01,Commercial_Model_02
PID_1610,PRJ_1610,CUST_104,PRJ_Vert_05,PRJ_Exec_31,Standard Billable,Active,PM_127,Project_Manager_127,ASDM_76,Account_Service_Delivery_Manager_75,Yet to be confirmed,01-03-2026,31-03-2026,Vertical_05,Unit_01,Commercial_Model_04
PID_1611,PRJ_1611,CUST_179,PRJ_Vert_02,PRJ_Exec_23,Standard Billable,Active,PM_463,Project_Manager_463,ASDM_102,Account_Service_Delivery_Manager_101,Yet to be confirmed,01-03-2026,31-03-2026,Vertical_02,Unit_01,Commercial_Model_01
PID_1612,PRJ_1612,CUST_27,PRJ_Vert_03,PRJ_Exec_03,Standard Billable,Active,PM_631,Project_Manager_630,ASDM_27,Account_Service_Delivery_Manager_27,Confirmed,01-03-2026,31-03-2026,Vertical_03,Unit_01,Commercial_Model_04
PID_1613,PRJ_1613,CUST_03,PRJ_Vert_03,PRJ_Exec_03,Standard Billable,Active,PM_206,Project_Manager_206,ASDM_03,Account_Service_Delivery_Manager_03,Confirmed,01-03-2026,31-03-2026,Vertical_03,Unit_01,Commercial_Model_05
PID_1614,PRJ_1614,CUST_398,PRJ_Vert_02,PRJ_Exec_05,Standard Billable,Active,PM_632,Project_Manager_631,ASDM_02,Account_Service_Delivery_Manager_02,Confirmed,01-03-2026,31-03-2026,Vertical_02,Unit_01,Commercial_Model_02
PID_1615,PRJ_1615,CUST_205,PRJ_Vert_01,PRJ_Exec_01,Standard Billable,Active,PM_01,Project_Manager_01,ASDM_01,Account_Service_Delivery_Manager_01,Confirmed,01-03-2026,31-03-2026,Vertical_01,Unit_01,Commercial_Model_04
PID_802,PRJ_802,CUST_27,PRJ_Vert_03,PRJ_Exec_03,Standard Billable,Active,PM_404,Project_Manager_404,ASDM_27,Account_Service_Delivery_Manager_27,Confirmed,01-03-2026,31-03-2026,Vertical_03,Unit_01,Commercial_Model_04
PID_1618,PRJ_1618,CUST_62,PRJ_Vert_06,PRJ_Exec_32,Standard Billable,Active,PM_633,Project_Manager_632,ASDM_56,Account_Service_Delivery_Manager_56,Confirmed,01-03-2026,31-03-2026,Vertical_06,Unit_01,Commercial_Model_02
PID_1619,PRJ_1619,CUST_13,PRJ_Vert_06,PRJ_Exec_18,Standard Billable,Active,PM_74,Project_Manager_74,ASDM_29,Account_Service_Delivery_Manager_29,Confirmed,01-03-2026,31-03-2026,Vertical_06,Unit_01,Commercial_Model_04
PID_1080,PRJ_1080,CUST_27,PRJ_Vert_03,PRJ_Exec_03,Standard Billable,Active,PM_488,Project_Manager_488,ASDM_27,Account_Service_Delivery_Manager_27,Yet to be confirmed,01-03-2026,31-03-2026,Vertical_03,Unit_01,Commercial_Model_01
PID_1620,PRJ_1620,CUST_03,PRJ_Vert_03,PRJ_Exec_03,Standard Billable,Active,PM_03,Project_Manager_03,ASDM_03,Account_Service_Delivery_Manager_03,Confirmed,01-03-2026,31-03-2026,Vertical_03,Unit_01,Commercial_Model_03
PID_1621,PRJ_1621,CUST_13,PRJ_Vert_06,PRJ_Exec_21,Standard Billable,Active,PM_38,Project_Manager_38,ASDM_36,Account_Service_Delivery_Manager_36,Confirmed,01-03-2026,31-03-2026,Vertical_06,Unit_01,Commercial_Model_04
PID_1622,PRJ_1622,CUST_174,PRJ_Vert_03,PRJ_Exec_16,Standard Billable,Active,PM_223,Project_Manager_223,ASDM_70,Account_Service_Delivery_Manager_69,Confirmed,01-03-2026,31-03-2026,Vertical_03,Unit_01,Commercial_Model_04
PID_302,PRJ_302,CUST_163,PRJ_Vert_02,PRJ_Exec_16,Standard Billable,Active,PM_211,Project_Manager_211,ASDM_59,Account_Service_Delivery_Manager_58,Yet to be confirmed,01-03-2026,31-03-2026,Vertical_02,Unit_01,Commercial_Model_02
PID_1623,PRJ_1623,CUST_281,PRJ_Vert_02,PRJ_Exec_44,Standard Billable,Active,PM_193,Project_Manager_193,ASDM_94,Account_Service_Delivery_Manager_93,Yet to be confirmed,01-03-2026,31-03-2026,Vertical_02,Unit_02,Commercial_Model_03
PID_304,PRJ_304,CUST_13,PRJ_Vert_06,PRJ_Exec_11,Standard Billable,Active,PM_212,Project_Manager_212,ASDM_13,Account_Service_Delivery_Manager_13,Confirmed,01-03-2026,31-03-2026,Vertical_06,Unit_01,Commercial_Model_01
PID_1625,PRJ_1625,CUST_249,PRJ_Vert_06,PRJ_Exec_49,Standard Billable,Active,PM_634,Project_Manager_633,ASDM_49,Account_Service_Delivery_Manager_49,Confirmed,01-03-2026,31-03-2026,Vertical_06,Unit_01,Commercial_Model_02
PID_306,PRJ_306,CUST_49,PRJ_Vert_03,PRJ_Exec_03,Standard Billable,Active,PM_53,Project_Manager_53,ASDM_46,Account_Service_Delivery_Manager_46,Confirmed,01-03-2026,31-03-2026,Vertical_03,Unit_01,Commercial_Model_04
PID_1627,PRJ_1627,CUST_132,PRJ_Vert_01,PRJ_Exec_16,Standard Billable,Active,PM_158,Project_Manager_158,ASDM_87,Account_Service_Delivery_Manager_86,Confirmed,01-03-2026,31-03-2026,Vertical_01,Unit_01,Commercial_Model_02
PID_308,PRJ_308,CUST_167,PRJ_Vert_02,PRJ_Exec_02,Standard Billable,Active,PM_144,Project_Manager_144,,,Yet to be confirmed,01-03-2026,31-03-2026,Vertical_02,Unit_01,Commercial_Model_02
PID_1365,PRJ_1365,CUST_200,PRJ_Vert_01,PRJ_Exec_20,Standard Billable,Active,PM_263,Project_Manager_263,ASDM_31,Account_Service_Delivery_Manager_31,Confirmed,01-03-2026,31-03-2026,Vertical_01,Unit_01,Commercial_Model_02
PID_1628,PRJ_1628,CUST_399,PRJ_Vert_06,PRJ_Exec_12,Standard Billable,Active,PM_119,Project_Manager_119,ASDM_14,Account_Service_Delivery_Manager_14,Confirmed,01-03-2026,31-03-2026,Vertical_06,Unit_01,Commercial_Model_04
PID_1629,PRJ_1629,CUST_27,PRJ_Vert_03,PRJ_Exec_03,Standard Billable,Active,PM_636,Project_Manager_635,ASDM_27,Account_Service_Delivery_Manager_27,Yet to be confirmed,01-03-2026,31-03-2026,Vertical_03,Unit_01,Commercial_Model_04
PID_1630,PRJ_1630,CUST_59,PRJ_Vert_08,PRJ_Exec_05,Standard Billable,Active,PM_532,Project_Manager_532,ASDM_54,Account_Service_Delivery_Manager_54,Yet to be confirmed,01-03-2026,31-03-2026,Vertical_08,Unit_01,Commercial_Model_02
PID_1631,PRJ_1631,CUST_120,PRJ_Vert_02,PRJ_Exec_23,Standard Billable,Active,PM_150,Project_Manager_150,ASDM_60,Account_Service_Delivery_Manager_59,Yet to be confirmed,01-03-2026,31-03-2026,Vertical_02,Unit_01,Commercial_Model_01
PID_310,PRJ_310,CUST_27,PRJ_Vert_03,PRJ_Exec_03,Standard Billable,Active,PM_213,Project_Manager_213,ASDM_27,Account_Service_Delivery_Manager_27,Confirmed,01-03-2026,31-03-2026,Vertical_03,Unit_01,Commercial_Model_04
PID_1101,PRJ_1101,CUST_121,PRJ_Vert_01,PRJ_Exec_24,Standard Billable,Active,PM_146,Project_Manager_146,ASDM_81,Account_Service_Delivery_Manager_80,Confirmed,01-03-2026,31-03-2026,Vertical_01,Unit_01,Commercial_Model_02
PID_1632,PRJ_1632,CUST_103,PRJ_Vert_02,PRJ_Exec_02,Standard Billable,Active,PM_637,Project_Manager_636,ASDM_02,Account_Service_Delivery_Manager_02,Yet to be confirmed,01-03-2026,31-03-2026,Vertical_02,Unit_01,Commercial_Model_02
PID_1633,PRJ_1633,CUST_43,PRJ_Vert_02,PRJ_Exec_06,Standard Billable,Active,PM_48,Project_Manager_48,ASDM_06,Account_Service_Delivery_Manager_06,Yet to be confirmed,01-03-2026,31-03-2026,Vertical_02,Unit_01,Commercial_Model_04
PID_1636,PRJ_1636,CUST_13,PRJ_Vert_06,PRJ_Exec_18,Standard Billable,Active,PM_74,Project_Manager_74,ASDM_29,Account_Service_Delivery_Manager_29,Confirmed,01-03-2026,31-03-2026,Vertical_06,Unit_01,Commercial_Model_04
PID_1637,PRJ_1637,CUST_400,PRJ_Vert_02,PRJ_Exec_05,Standard Billable,Active,PM_186,Project_Manager_186,ASDM_77,Account_Service_Delivery_Manager_76,Confirmed,01-03-2026,31-03-2026,Vertical_02,Unit_01,Commercial_Model_04
PID_1638,PRJ_1638,CUST_82,PRJ_Vert_06,PRJ_Exec_31,Standard Billable,Active,PM_638,Project_Manager_637,ASDM_66,Account_Service_Delivery_Manager_65,Confirmed,01-03-2026,31-03-2026,Vertical_06,Unit_01,Commercial_Model_01
PID_1639,PRJ_1639,CUST_13,PRJ_Vert_06,PRJ_Exec_21,Standard Billable,Active,PM_38,Project_Manager_38,ASDM_36,Account_Service_Delivery_Manager_36,Confirmed,01-03-2026,31-03-2026,Vertical_06,Unit_01,Commercial_Model_04
PID_1640,PRJ_1640,CUST_12,PRJ_Vert_03,PRJ_Exec_10,Standard Billable,Active,PM_12,Project_Manager_12,ASDM_12,Account_Service_Delivery_Manager_12,Yet to be confirmed,01-03-2026,31-03-2026,Vertical_03,Unit_02,Commercial_Model_02
PID_1641,PRJ_1641,CUST_71,PRJ_Vert_02,PRJ_Exec_23,Standard Billable,Active,PM_639,Project_Manager_638,ASDM_60,Account_Service_Delivery_Manager_59,Yet to be confirmed,01-03-2026,31-03-2026,Vertical_02,Unit_01,Commercial_Model_01
PID_1642,PRJ_1642,CUST_32,PRJ_Vert_05,PRJ_Exec_09,Standard Billable,Active,PM_640,Project_Manager_639,ASDM_33,Account_Service_Delivery_Manager_33,Confirmed,01-03-2026,31-03-2026,Vertical_05,Unit_01,Commercial_Model_04
PID_1643,PRJ_1643,CUST_67,PRJ_Vert_02,PRJ_Exec_23,Standard Billable,Active,PM_253,Project_Manager_253,ASDM_59,Account_Service_Delivery_Manager_58,Confirmed,01-03-2026,31-03-2026,Vertical_02,Unit_01,Commercial_Model_01
PID_1644,PRJ_1644,CUST_62,PRJ_Vert_06,PRJ_Exec_32,Standard Billable,Active,PM_641,Project_Manager_640,ASDM_56,Account_Service_Delivery_Manager_56,Confirmed,01-03-2026,31-03-2026,Vertical_06,Unit_01,Commercial_Model_02
PID_1645,PRJ_1645,CUST_125,PRJ_Vert_04,PRJ_Exec_31,Standard Billable,Active,PM_136,Project_Manager_136,ASDM_78,Account_Service_Delivery_Manager_77,Confirmed,01-03-2026,31-03-2026,Vertical_04,Unit_01,Commercial_Model_02
PID_1646,PRJ_1646,CUST_231,PRJ_Vert_01,PRJ_Exec_01,Standard Billable,Active,PM_322,Project_Manager_322,ASDM_52,Account_Service_Delivery_Manager_52,Yet to be confirmed,01-03-2026,31-03-2026,Vertical_01,Unit_01,Commercial_Model_04
PID_1647,PRJ_1647,CUST_43,PRJ_Vert_02,PRJ_Exec_06,Standard Billable,Active,PM_48,Project_Manager_48,ASDM_06,Account_Service_Delivery_Manager_06,Yet to be confirmed,01-03-2026,31-03-2026,Vertical_02,Unit_01,Commercial_Model_04
PID_575,PRJ_575,CUST_231,PRJ_Vert_01,PRJ_Exec_01,Standard Billable,Active,PM_322,Project_Manager_322,ASDM_52,Account_Service_Delivery_Manager_52,Confirmed,01-03-2026,31-03-2026,Vertical_01,Unit_01,Commercial_Model_04
PID_1648,PRJ_1648,CUST_13,PRJ_Vert_06,PRJ_Exec_11,Standard Billable,Active,PM_642,Project_Manager_641,ASDM_13,Account_Service_Delivery_Manager_13,Confirmed,01-03-2026,31-03-2026,Vertical_06,Unit_01,Commercial_Model_04
PID_1649,PRJ_1649,CUST_67,PRJ_Vert_02,PRJ_Exec_46,Standard Billable,Active,PM_253,Project_Manager_253,ASDM_59,Account_Service_Delivery_Manager_58,Confirmed,01-03-2026,31-03-2026,Vertical_02,Unit_01,Commercial_Model_01
PID_1650,PRJ_1650,CUST_301,PRJ_Vert_02,PRJ_Exec_19,Standard Billable,Active,PM_643,Project_Manager_642,ASDM_30,Account_Service_Delivery_Manager_30,Yet to be confirmed,01-03-2026,31-03-2026,Vertical_02,Unit_01,Commercial_Model_01
PID_576,PRJ_576,CUST_154,PRJ_Vert_03,PRJ_Exec_16,Standard Billable,Active,PM_313,Project_Manager_313,ASDM_95,Account_Service_Delivery_Manager_94,Confirmed,01-03-2026,31-03-2026,Vertical_03,Unit_01,Commercial_Model_02
PID_1651,PRJ_1651,CUST_215,PRJ_Vert_05,PRJ_Exec_37,Standard Billable,Active,PM_644,Project_Manager_643,ASDM_112,Account_Service_Delivery_Manager_111,Confirmed,01-03-2026,31-03-2026,Vertical_05,Unit_01,Commercial_Model_05
PID_1652,PRJ_1652,CUST_120,PRJ_Vert_02,PRJ_Exec_23,Standard Billable,Active,PM_83,Project_Manager_83,ASDM_60,Account_Service_Delivery_Manager_59,Yet to be confirmed,01-03-2026,31-03-2026,Vertical_02,Unit_01,Commercial_Model_01
PID_1653,PRJ_1653,CUST_401,PRJ_Vert_03,PRJ_Exec_03,Standard Billable,Active,PM_190,Project_Manager_190,ASDM_07,Account_Service_Delivery_Manager_07,Confirmed,01-03-2026,31-03-2026,Vertical_03,Unit_01,Commercial_Model_04
PID_1654,PRJ_1654,CUST_364,PRJ_Vert_02,PRJ_Exec_15,Standard Billable,Active,PM_565,Project_Manager_565,ASDM_21,Account_Service_Delivery_Manager_21,Confirmed,01-03-2026,31-03-2026,Vertical_02,Unit_01,Commercial_Model_02
PID_1572,PRJ_1572,CUST_189,PRJ_Vert_03,PRJ_Exec_03,Standard Billable,Active,PM_448,Project_Manager_448,ASDM_46,Account_Service_Delivery_Manager_46,Confirmed,01-03-2026,31-03-2026,Vertical_03,Unit_01,Commercial_Model_04
PID_1655,PRJ_1655,CUST_120,PRJ_Vert_02,PRJ_Exec_23,Standard Billable,Active,PM_645,Project_Manager_644,ASDM_60,Account_Service_Delivery_Manager_59,Yet to be confirmed,01-03-2026,31-03-2026,Vertical_02,Unit_01,Commercial_Model_02
PID_1656,PRJ_1656,CUST_78,PRJ_Vert_01,PRJ_Exec_22,Standard Billable,Active,PM_95,Project_Manager_95,ASDM_65,Account_Service_Delivery_Manager_64,Confirmed,01-03-2026,31-03-2026,Vertical_01,Unit_01,Commercial_Model_04
PID_1657,PRJ_1657,CUST_67,PRJ_Vert_02,PRJ_Exec_27,Standard Billable,Active,PM_253,Project_Manager_253,ASDM_59,Account_Service_Delivery_Manager_58,Confirmed,01-03-2026,31-03-2026,Vertical_02,Unit_01,Commercial_Model_01
PID_1658,PRJ_1658,CUST_139,PRJ_Vert_02,PRJ_Exec_19,Standard Billable,Active,PM_179,Project_Manager_179,ASDM_38,Account_Service_Delivery_Manager_38,Yet to be confirmed,01-03-2026,31-03-2026,Vertical_02,Unit_01,Commercial_Model_02
PID_1659,PRJ_1659,CUST_204,PRJ_Vert_05,PRJ_Exec_09,Standard Billable,Active,PM_271,Project_Manager_271,ASDM_76,Account_Service_Delivery_Manager_75,Yet to be confirmed,01-03-2026,31-03-2026,Vertical_05,Unit_01,Commercial_Model_05
PID_103,PRJ_103,CUST_27,PRJ_Vert_03,PRJ_Exec_03,Customer Non Billable,Active,PM_89,Project_Manager_89,ASDM_27,Account_Service_Delivery_Manager_27,Confirmed,01-03-2026,31-03-2026,Vertical_03,Unit_01,Commercial_Model_05
PID_1660,PRJ_1660,CUST_73,PRJ_Vert_02,PRJ_Exec_15,Standard Billable,Active,PM_87,Project_Manager_87,ASDM_26,Account_Service_Delivery_Manager_26,Confirmed,01-03-2026,31-03-2026,Vertical_02,Unit_01,Commercial_Model_04
PID_1661,PRJ_1661,CUST_251,PRJ_Vert_02,PRJ_Exec_15,Standard Billable,Active,PM_646,Project_Manager_645,ASDM_22,Account_Service_Delivery_Manager_22,Yet to be confirmed,01-03-2026,31-03-2026,Vertical_02,Unit_01,Commercial_Model_04
PID_1663,PRJ_1663,CUST_67,PRJ_Vert_02,PRJ_Exec_23,Standard Billable,Active,PM_253,Project_Manager_253,ASDM_59,Account_Service_Delivery_Manager_58,Confirmed,01-03-2026,31-03-2026,Vertical_02,Unit_01,Commercial_Model_01
PID_1664,PRJ_1664,CUST_12,PRJ_Vert_03,PRJ_Exec_10,Standard Billable,Active,PM_12,Project_Manager_12,ASDM_12,Account_Service_Delivery_Manager_12,Yet to be confirmed,01-03-2026,31-03-2026,Vertical_03,Unit_02,Commercial_Model_02
PID_1665,PRJ_1665,CUST_120,PRJ_Vert_02,PRJ_Exec_23,Standard Billable,Active,PM_647,Project_Manager_646,ASDM_60,Account_Service_Delivery_Manager_59,Confirmed,01-03-2026,31-03-2026,Vertical_02,Unit_01,Commercial_Model_01
PID_1666,PRJ_1666,CUST_215,PRJ_Vert_05,PRJ_Exec_09,Standard Billable,Active,PM_572,Project_Manager_572,ASDM_112,Account_Service_Delivery_Manager_111,Confirmed,01-03-2026,31-03-2026,Vertical_05,Unit_01,Commercial_Model_04
PID_1667,PRJ_1667,CUST_13,PRJ_Vert_06,PRJ_Exec_18,Standard Billable,Active,PM_74,Project_Manager_74,ASDM_29,Account_Service_Delivery_Manager_29,Confirmed,01-03-2026,31-03-2026,Vertical_06,Unit_01,Commercial_Model_04
PID_1668,PRJ_1668,CUST_60,PRJ_Vert_01,PRJ_Exec_16,Standard Billable,Active,PM_67,Project_Manager_67,ASDM_55,Account_Service_Delivery_Manager_55,Confirmed,01-03-2026,31-03-2026,Vertical_01,Unit_01,Commercial_Model_04
PID_870,PRJ_870,CUST_30,PRJ_Vert_01,PRJ_Exec_20,Standard Billable,Active,PM_32,Project_Manager_32,ASDM_31,Account_Service_Delivery_Manager_31,Confirmed,01-03-2026,31-03-2026,Vertical_01,Unit_01,Commercial_Model_01
PID_1670,PRJ_1670,CUST_402,PRJ_Vert_02,PRJ_Exec_15,Standard Billable,Active,PM_196,Project_Manager_196,ASDM_84,Account_Service_Delivery_Manager_83,Confirmed,01-03-2026,31-03-2026,Vertical_02,Unit_01,Commercial_Model_04
PID_1671,PRJ_1671,CUST_41,PRJ_Vert_02,PRJ_Exec_02,Standard Billable,Active,PM_649,Project_Manager_648,ASDM_02,Account_Service_Delivery_Manager_02,Yet to be confirmed,01-03-2026,31-03-2026,Vertical_02,Unit_01,Commercial_Model_02
PID_1672,PRJ_1672,CUST_396,PRJ_Vert_01,PRJ_Exec_24,Standard Billable,Active,PM_91,Project_Manager_91,ASDM_62,Account_Service_Delivery_Manager_61,Confirmed,01-03-2026,31-03-2026,Vertical_01,Unit_01,Commercial_Model_04
PID_1673,PRJ_1673,CUST_13,PRJ_Vert_06,PRJ_Exec_18,Standard Billable,Active,PM_74,Project_Manager_74,ASDM_29,Account_Service_Delivery_Manager_29,Confirmed,01-03-2026,31-03-2026,Vertical_06,Unit_01,Commercial_Model_04
PID_1487,PRJ_1487,CUST_68,PRJ_Vert_05,PRJ_Exec_16,Standard Billable,Active,PM_122,Project_Manager_122,ASDM_11,Account_Service_Delivery_Manager_11,Yet to be confirmed,01-03-2026,31-03-2026,Vertical_05,Unit_01,Commercial_Model_02
PID_1675,PRJ_1675,CUST_371,PRJ_Vert_01,PRJ_Exec_01,Standard Billable,Active,PM_593,Project_Manager_593,ASDM_47,Account_Service_Delivery_Manager_47,Confirmed,01-03-2026,31-03-2026,Vertical_01,Unit_01,Commercial_Model_04
PID_356,PRJ_356,CUST_180,PRJ_Vert_02,PRJ_Exec_26,Standard Billable,Active,PM_238,Project_Manager_238,ASDM_103,Account_Service_Delivery_Manager_102,Confirmed,01-03-2026,31-03-2026,Vertical_02,Unit_01,Commercial_Model_01
PID_1676,PRJ_1676,CUST_403,PRJ_Vert_04,PRJ_Exec_08,Standard Billable,Active,PM_240,Project_Manager_240,ASDM_105,Account_Service_Delivery_Manager_104,Confirmed,01-03-2026,31-03-2026,Vertical_04,Unit_01,Commercial_Model_04
PID_1677,PRJ_1677,CUST_104,PRJ_Vert_05,PRJ_Exec_09,Standard Billable,Active,PM_127,Project_Manager_127,ASDM_76,Account_Service_Delivery_Manager_75,Yet to be confirmed,01-03-2026,31-03-2026,Vertical_05,Unit_01,Commercial_Model_04
PID_1678,PRJ_1678,CUST_376,PRJ_Vert_01,PRJ_Exec_24,Standard Billable,Active,PM_91,Project_Manager_91,ASDM_62,Account_Service_Delivery_Manager_61,Confirmed,01-03-2026,31-03-2026,Vertical_01,Unit_01,Commercial_Model_01
PID_1682,PRJ_1682,CUST_32,PRJ_Vert_05,PRJ_Exec_09,Standard Billable,Active,PM_650,Project_Manager_649,ASDM_33,Account_Service_Delivery_Manager_33,Confirmed,01-03-2026,31-03-2026,Vertical_05,Unit_01,Commercial_Model_04
PID_1683,PRJ_1683,CUST_132,PRJ_Vert_01,PRJ_Exec_05,Standard Billable,Active,PM_158,Project_Manager_158,ASDM_87,Account_Service_Delivery_Manager_86,Confirmed,01-03-2026,31-03-2026,Vertical_01,Unit_01,Commercial_Model_04
PID_129,PRJ_129,CUST_92,PRJ_Vert_03,PRJ_Exec_03,Standard Billable,Active,PM_109,Project_Manager_109,ASDM_46,Account_Service_Delivery_Manager_46,Confirmed,01-03-2026,31-03-2026,Vertical_03,Unit_01,Commercial_Model_02
PID_1684,PRJ_1684,CUST_11,PRJ_Vert_05,PRJ_Exec_09,Standard Billable,Active,PM_11,Project_Manager_11,ASDM_11,Account_Service_Delivery_Manager_11,Confirmed,01-03-2026,31-03-2026,Vertical_05,Unit_01,Commercial_Model_04
PID_1685,PRJ_1685,CUST_47,PRJ_Vert_01,PRJ_Exec_24,Standard Billable,Active,PM_159,Project_Manager_159,ASDM_45,Account_Service_Delivery_Manager_45,Yet to be confirmed,01-03-2026,31-03-2026,Vertical_01,Unit_01,Commercial_Model_04
PID_1687,PRJ_1687,CUST_179,PRJ_Vert_02,PRJ_Exec_23,Standard Billable,Active,PM_463,Project_Manager_463,ASDM_102,Account_Service_Delivery_Manager_101,Yet to be confirmed,01-03-2026,31-03-2026,Vertical_02,Unit_01,Commercial_Model_04
PID_1688,PRJ_1688,CUST_404,PRJ_Vert_04,PRJ_Exec_04,Standard Billable,Active,PM_651,Project_Manager_650,ASDM_105,Account_Service_Delivery_Manager_104,Confirmed,01-03-2026,31-03-2026,Vertical_04,Unit_01,Commercial_Model_04
PID_1689,PRJ_1689,CUST_405,PRJ_Vert_05,PRJ_Exec_05,Standard Billable,Active,PM_652,Project_Manager_651,ASDM_75,Account_Service_Delivery_Manager_74,Confirmed,01-03-2026,31-03-2026,Vertical_05,Unit_01,Commercial_Model_04
PID_791,PRJ_791,CUST_195,PRJ_Vert_05,PRJ_Exec_16,Standard Billable,Active,PM_252,Project_Manager_252,ASDM_76,Account_Service_Delivery_Manager_75,Yet to be confirmed,01-03-2026,31-03-2026,Vertical_05,Unit_01,Commercial_Model_04
PID_1690,PRJ_1690,CUST_286,PRJ_Vert_05,PRJ_Exec_09,Standard Billable,Active,PM_177,Project_Manager_177,ASDM_42,Account_Service_Delivery_Manager_42,Yet to be confirmed,01-03-2026,31-03-2026,Vertical_05,Unit_01,Commercial_Model_04
PID_1692,PRJ_1692,CUST_121,PRJ_Vert_01,PRJ_Exec_24,Standard Billable,Active,PM_654,Project_Manager_653,ASDM_81,Account_Service_Delivery_Manager_80,Confirmed,01-03-2026,31-03-2026,Vertical_01,Unit_01,Commercial_Model_02
PID_1694,PRJ_1694,CUST_38,PRJ_Vert_03,PRJ_Exec_03,Standard Billable,Active,PM_42,Project_Manager_42,ASDM_40,Account_Service_Delivery_Manager_40,Confirmed,01-03-2026,31-03-2026,Vertical_03,Unit_01,Commercial_Model_01
PID_1695,PRJ_1695,CUST_32,PRJ_Vert_05,PRJ_Exec_09,Standard Billable,Active,PM_547,Project_Manager_547,ASDM_33,Account_Service_Delivery_Manager_33,Confirmed,01-03-2026,31-03-2026,Vertical_05,Unit_01,Commercial_Model_01
PID_1696,PRJ_1696,CUST_406,PRJ_Vert_05,PRJ_Exec_09,Standard Billable,Active,PM_252,Project_Manager_252,ASDM_76,Account_Service_Delivery_Manager_75,Yet to be confirmed,01-03-2026,31-03-2026,Vertical_05,Unit_01,Commercial_Model_04
PID_1184,PRJ_1184,CUST_44,PRJ_Vert_03,PRJ_Exec_03,Standard Billable,Active,PM_476,Project_Manager_476,ASDM_43,Account_Service_Delivery_Manager_43,Confirmed,01-03-2026,31-03-2026,Vertical_03,Unit_01,Commercial_Model_04
PID_1697,PRJ_1697,CUST_05,PRJ_Vert_01,PRJ_Exec_20,Standard Billable,Active,PM_269,Project_Manager_269,ASDM_05,Account_Service_Delivery_Manager_05,Confirmed,01-03-2026,31-03-2026,Vertical_01,Unit_01,Commercial_Model_04
PID_1698,PRJ_1698,CUST_110,PRJ_Vert_02,PRJ_Exec_15,Standard Billable,Active,PM_655,Project_Manager_654,ASDM_77,Account_Service_Delivery_Manager_76,Confirmed,01-03-2026,31-03-2026,Vertical_02,Unit_01,Commercial_Model_02
PID_1699,PRJ_1699,CUST_13,PRJ_Vert_06,PRJ_Exec_18,Standard Billable,Active,PM_74,Project_Manager_74,ASDM_29,Account_Service_Delivery_Manager_29,Confirmed,01-03-2026,31-03-2026,Vertical_06,Unit_01,Commercial_Model_04
PID_1700,PRJ_1700,CUST_375,PRJ_Vert_03,PRJ_Exec_03,Standard Billable,Active,PM_447,Project_Manager_447,ASDM_07,Account_Service_Delivery_Manager_07,Confirmed,01-03-2026,31-03-2026,Vertical_03,Unit_01,Commercial_Model_05
PID_1703,PRJ_1703,CUST_67,PRJ_Vert_02,PRJ_Exec_23,Standard Billable,Active,PM_253,Project_Manager_253,ASDM_59,Account_Service_Delivery_Manager_58,Confirmed,01-03-2026,31-03-2026,Vertical_02,Unit_01,Commercial_Model_01
PID_1704,PRJ_1704,CUST_223,PRJ_Vert_02,PRJ_Exec_19,Standard Billable,Active,PM_308,Project_Manager_308,ASDM_116,Account_Service_Delivery_Manager_115,Confirmed,01-03-2026,31-03-2026,Vertical_02,Unit_01,Commercial_Model_04
PID_1705,PRJ_1705,CUST_323,PRJ_Vert_02,PRJ_Exec_15,Standard Billable,Active,PM_295,Project_Manager_295,ASDM_77,Account_Service_Delivery_Manager_76,Confirmed,01-03-2026,31-03-2026,Vertical_02,Unit_01,Commercial_Model_04
PID_1706,PRJ_1706,CUST_99,PRJ_Vert_05,PRJ_Exec_09,Standard Billable,Active,PM_123,Project_Manager_123,ASDM_75,Account_Service_Delivery_Manager_74,Confirmed,01-03-2026,31-03-2026,Vertical_05,Unit_01,Commercial_Model_04
PID_846,PRJ_846,CUST_247,PRJ_Vert_01,PRJ_Exec_16,Standard Billable,Active,PM_350,Project_Manager_350,ASDM_52,Account_Service_Delivery_Manager_52,Confirmed,01-03-2026,31-03-2026,Vertical_01,Unit_01,Commercial_Model_01
PID_1707,PRJ_1707,CUST_95,PRJ_Vert_01,PRJ_Exec_01,Standard Billable,Active,PM_113,Project_Manager_113,ASDM_74,Account_Service_Delivery_Manager_73,Confirmed,01-03-2026,31-03-2026,Vertical_01,Unit_01,Commercial_Model_04
PID_1708,PRJ_1708,CUST_33,PRJ_Vert_02,PRJ_Exec_23,Standard Billable,Active,PM_36,Project_Manager_36,ASDM_34,Account_Service_Delivery_Manager_34,Confirmed,01-03-2026,31-03-2026,Vertical_02,Unit_01,Commercial_Model_01
PID_386,PRJ_386,CUST_68,PRJ_Vert_05,PRJ_Exec_09,Standard Billable,Active,PM_122,Project_Manager_122,ASDM_11,Account_Service_Delivery_Manager_11,Confirmed,01-03-2026,31-03-2026,Vertical_05,Unit_01,Commercial_Model_01
PID_1709,PRJ_1709,CUST_71,PRJ_Vert_02,PRJ_Exec_23,Standard Billable,Active,PM_657,Project_Manager_656,ASDM_60,Account_Service_Delivery_Manager_59,Yet to be confirmed,01-03-2026,31-03-2026,Vertical_02,Unit_01,Commercial_Model_01
PID_1710,PRJ_1710,CUST_38,PRJ_Vert_03,PRJ_Exec_03,Standard Billable,Active,PM_42,Project_Manager_42,ASDM_40,Account_Service_Delivery_Manager_40,Confirmed,01-03-2026,31-03-2026,Vertical_03,Unit_01,Commercial_Model_01
PID_1711,PRJ_1711,CUST_113,PRJ_Vert_01,PRJ_Exec_01,Standard Billable,Active,PM_138,Project_Manager_138,ASDM_79,Account_Service_Delivery_Manager_78,Confirmed,01-03-2026,31-03-2026,Vertical_01,Unit_01,Commercial_Model_04
PID_1712,PRJ_1712,CUST_12,PRJ_Vert_03,PRJ_Exec_10,Standard Billable,Active,PM_12,Project_Manager_12,ASDM_12,Account_Service_Delivery_Manager_12,Yet to be confirmed,01-03-2026,31-03-2026,Vertical_03,Unit_02,Commercial_Model_02
PID_1713,PRJ_1713,CUST_117,PRJ_Vert_08,PRJ_Exec_36,Standard Billable,Active,PM_92,Project_Manager_92,ASDM_67,Account_Service_Delivery_Manager_66,Confirmed,01-03-2026,31-03-2026,Vertical_08,Unit_01,Commercial_Model_04
PID_1714,PRJ_1714,CUST_196,PRJ_Vert_01,PRJ_Exec_24,Standard Billable,Active,PM_254,Project_Manager_254,ASDM_81,Account_Service_Delivery_Manager_80,Confirmed,01-03-2026,31-03-2026,Vertical_01,Unit_01,Commercial_Model_04
PID_1716,PRJ_1716,CUST_12,PRJ_Vert_03,PRJ_Exec_10,Standard Billable,Active,PM_12,Project_Manager_12,ASDM_12,Account_Service_Delivery_Manager_12,Yet to be confirmed,01-03-2026,31-03-2026,Vertical_03,Unit_02,Commercial_Model_02
PID_1717,PRJ_1717,CUST_32,PRJ_Vert_05,PRJ_Exec_09,Standard Billable,Active,PM_658,Project_Manager_657,ASDM_33,Account_Service_Delivery_Manager_33,Confirmed,01-03-2026,31-03-2026,Vertical_05,Unit_01,Commercial_Model_04
PID_1718,PRJ_1718,CUST_63,PRJ_Vert_01,PRJ_Exec_20,Standard Billable,Active,PM_70,Project_Manager_70,ASDM_57,Account_Service_Delivery_Manager_57,Confirmed,01-03-2026,31-03-2026,Vertical_01,Unit_01,Commercial_Model_04
PID_1719,PRJ_1719,CUST_113,PRJ_Vert_01,PRJ_Exec_05,Standard Billable,Active,PM_138,Project_Manager_138,ASDM_79,Account_Service_Delivery_Manager_78,Confirmed,01-03-2026,31-03-2026,Vertical_01,Unit_01,Commercial_Model_02
PID_1720,PRJ_1720,CUST_47,PRJ_Vert_01,PRJ_Exec_24,Standard Billable,Active,PM_159,Project_Manager_159,ASDM_45,Account_Service_Delivery_Manager_45,Yet to be confirmed,01-03-2026,31-03-2026,Vertical_01,Unit_01,Commercial_Model_04
PID_165,PRJ_165,CUST_109,PRJ_Vert_01,PRJ_Exec_24,Standard Billable,Active,PM_01,Project_Manager_01,,,Confirmed,01-03-2026,31-03-2026,Vertical_01,Unit_01,Commercial_Model_04
PID_1721,PRJ_1721,CUST_154,PRJ_Vert_03,PRJ_Exec_03,Standard Billable,Active,PM_659,Project_Manager_658,ASDM_95,Account_Service_Delivery_Manager_94,Confirmed,01-03-2026,31-03-2026,Vertical_03,Unit_01,Commercial_Model_02
PID_1722,PRJ_1722,CUST_132,PRJ_Vert_01,PRJ_Exec_05,Standard Billable,Active,PM_158,Project_Manager_158,ASDM_87,Account_Service_Delivery_Manager_86,Confirmed,01-03-2026,31-03-2026,Vertical_01,Unit_01,Commercial_Model_04
PID_1723,PRJ_1723,CUST_65,PRJ_Vert_01,PRJ_Exec_16,Standard Billable,Active,PM_75,Project_Manager_75,ASDM_39,Account_Service_Delivery_Manager_39,Confirmed,01-03-2026,31-03-2026,Vertical_01,Unit_01,Commercial_Model_04
PID_1724,PRJ_1724,CUST_82,PRJ_Vert_06,PRJ_Exec_29,Standard Billable,Active,PM_108,Project_Manager_108,ASDM_66,Account_Service_Delivery_Manager_65,Confirmed,01-03-2026,31-03-2026,Vertical_06,Unit_01,Commercial_Model_01
PID_1725,PRJ_1725,CUST_238,PRJ_Vert_02,PRJ_Exec_05,Standard Billable,Active,PM_264,Project_Manager_264,ASDM_103,Account_Service_Delivery_Manager_102,Confirmed,01-03-2026,31-03-2026,Vertical_02,Unit_01,Commercial_Model_01
PID_1726,PRJ_1726,CUST_165,PRJ_Vert_02,PRJ_Exec_07,Standard Billable,Active,PM_477,Project_Manager_477,ASDM_35,Account_Service_Delivery_Manager_35,Confirmed,01-03-2026,31-03-2026,Vertical_02,Unit_02,Commercial_Model_03
PID_1727,PRJ_1727,CUST_02,PRJ_Vert_02,PRJ_Exec_02,Standard Billable,Active,PM_660,Project_Manager_659,ASDM_02,Account_Service_Delivery_Manager_02,Confirmed,01-03-2026,31-03-2026,Vertical_02,Unit_01,Commercial_Model_01
PID_1728,PRJ_1728,CUST_49,PRJ_Vert_03,PRJ_Exec_03,Standard Billable,Active,PM_53,Project_Manager_53,ASDM_46,Account_Service_Delivery_Manager_46,Yet to be confirmed,01-03-2026,31-03-2026,Vertical_03,Unit_01,Commercial_Model_04
PID_1729,PRJ_1729,CUST_41,PRJ_Vert_02,PRJ_Exec_02,Standard Billable,Active,PM_245,Project_Manager_245,ASDM_02,Account_Service_Delivery_Manager_02,Confirmed,01-03-2026,31-03-2026,Vertical_02,Unit_01,Commercial_Model_02
PID_1730,PRJ_1730,CUST_180,PRJ_Vert_02,PRJ_Exec_06,Standard Billable,Active,PM_229,Project_Manager_229,ASDM_103,Account_Service_Delivery_Manager_102,Yet to be confirmed,01-03-2026,31-03-2026,Vertical_02,Unit_01,Commercial_Model_02
PID_20,PRJ_20,CUST_19,PRJ_Vert_04,PRJ_Exec_08,Standard Billable,Active,PM_01,Project_Manager_01,ASDM_19,Account_Service_Delivery_Manager_19,Yet to be confirmed,01-03-2026,31-03-2026,Vertical_04,Unit_01,Commercial_Model_04
PID_1731,PRJ_1731,CUST_108,PRJ_Vert_02,PRJ_Exec_15,Standard Billable,Active,PM_377,Project_Manager_377,ASDM_21,Account_Service_Delivery_Manager_21,Yet to be confirmed,01-03-2026,31-03-2026,Vertical_02,Unit_01,Commercial_Model_01
PID_1225,PRJ_1225,CUST_90,PRJ_Vert_01,PRJ_Exec_05,Standard Billable,Active,PM_106,Project_Manager_106,ASDM_71,Account_Service_Delivery_Manager_70,Confirmed,01-03-2026,31-03-2026,Vertical_01,Unit_01,Commercial_Model_01
PID_1732,PRJ_1732,CUST_242,PRJ_Vert_03,PRJ_Exec_03,Standard Billable,Active,PM_445,Project_Manager_445,ASDM_46,Account_Service_Delivery_Manager_46,Confirmed,01-03-2026,31-03-2026,Vertical_03,Unit_01,Commercial_Model_01
PID_1733,PRJ_1733,CUST_286,PRJ_Vert_05,PRJ_Exec_09,Standard Billable,Active,PM_661,Project_Manager_660,ASDM_42,Account_Service_Delivery_Manager_42,Yet to be confirmed,01-03-2026,31-03-2026,Vertical_05,Unit_01,Commercial_Model_04
PID_1734,PRJ_1734,CUST_82,PRJ_Vert_06,PRJ_Exec_29,Standard Billable,Active,PM_108,Project_Manager_108,ASDM_66,Account_Service_Delivery_Manager_65,Confirmed,01-03-2026,31-03-2026,Vertical_06,Unit_01,Commercial_Model_04
PID_1735,PRJ_1735,CUST_113,PRJ_Vert_01,PRJ_Exec_01,Standard Billable,Active,PM_138,Project_Manager_138,ASDM_79,Account_Service_Delivery_Manager_78,Confirmed,01-03-2026,31-03-2026,Vertical_01,Unit_01,Commercial_Model_04
PID_1674,PRJ_1674,CUST_373,PRJ_Vert_02,PRJ_Exec_15,Standard Billable,Active,PM_531,Project_Manager_531,ASDM_22,Account_Service_Delivery_Manager_22,Confirmed,01-03-2026,31-03-2026,Vertical_02,Unit_01,Commercial_Model_03
PID_1737,PRJ_1737,CUST_192,PRJ_Vert_04,PRJ_Exec_40,Standard Billable,Active,PM_246,Project_Manager_246,ASDM_106,Account_Service_Delivery_Manager_105,Confirmed,01-03-2026,31-03-2026,Vertical_04,Unit_01,Commercial_Model_04
PID_1738,PRJ_1738,CUST_247,PRJ_Vert_01,PRJ_Exec_16,Standard Billable,Active,PM_350,Project_Manager_350,ASDM_52,Account_Service_Delivery_Manager_52,Confirmed,01-03-2026,31-03-2026,Vertical_01,Unit_01,Commercial_Model_01
PID_1174,PRJ_1174,CUST_230,PRJ_Vert_06,PRJ_Exec_12,Standard Billable,Active,PM_327,Project_Manager_327,ASDM_14,Account_Service_Delivery_Manager_14,Confirmed,01-03-2026,31-03-2026,Vertical_06,Unit_01,Commercial_Model_02
PID_1739,PRJ_1739,CUST_132,PRJ_Vert_01,PRJ_Exec_31,Standard Billable,Active,PM_158,Project_Manager_158,ASDM_87,Account_Service_Delivery_Manager_86,Confirmed,01-03-2026,31-03-2026,Vertical_01,Unit_01,Commercial_Model_04
PID_1740,PRJ_1740,CUST_80,PRJ_Vert_02,PRJ_Exec_06,Standard Billable,Active,PM_96,Project_Manager_96,ASDM_06,Account_Service_Delivery_Manager_06,Yet to be confirmed,01-03-2026,31-03-2026,Vertical_02,Unit_01,Commercial_Model_04
PID_1741,PRJ_1741,CUST_64,PRJ_Vert_01,PRJ_Exec_01,Standard Billable,Active,PM_72,Project_Manager_72,ASDM_55,Account_Service_Delivery_Manager_55,Confirmed,01-03-2026,31-03-2026,Vertical_01,Unit_01,Commercial_Model_04
PID_1742,PRJ_1742,CUST_122,PRJ_Vert_01,PRJ_Exec_01,Standard Billable,Active,PM_72,Project_Manager_72,ASDM_55,Account_Service_Delivery_Manager_55,Confirmed,01-03-2026,31-03-2026,Vertical_01,Unit_01,Commercial_Model_02
PID_1701,PRJ_1701,CUST_223,PRJ_Vert_02,PRJ_Exec_19,Standard Billable,Active,PM_308,Project_Manager_308,ASDM_116,Account_Service_Delivery_Manager_115,Yet to be confirmed,01-03-2026,31-03-2026,Vertical_02,Unit_01,Commercial_Model_02
PID_1743,PRJ_1743,CUST_132,PRJ_Vert_01,PRJ_Exec_24,Standard Billable,Active,PM_604,Project_Manager_604,ASDM_87,Account_Service_Delivery_Manager_86,Yet to be confirmed,01-03-2026,31-03-2026,Vertical_01,Unit_01,Commercial_Model_02
PID_1744,PRJ_1744,CUST_249,PRJ_Vert_06,PRJ_Exec_32,Standard Billable,Active,PM_418,Project_Manager_418,ASDM_49,Account_Service_Delivery_Manager_49,Confirmed,01-03-2026,31-03-2026,Vertical_06,Unit_01,Commercial_Model_01
PID_1745,PRJ_1745,CUST_113,PRJ_Vert_01,PRJ_Exec_01,Standard Billable,Active,PM_138,Project_Manager_138,ASDM_79,Account_Service_Delivery_Manager_78,Confirmed,01-03-2026,31-03-2026,Vertical_01,Unit_01,Commercial_Model_04
PID_1746,PRJ_1746,CUST_159,PRJ_Vert_02,PRJ_Exec_31,Standard Billable,Active,PM_202,Project_Manager_202,ASDM_30,Account_Service_Delivery_Manager_30,Confirmed,01-03-2026,31-03-2026,Vertical_02,Unit_01,Commercial_Model_02
PID_1747,PRJ_1747,CUST_63,PRJ_Vert_01,PRJ_Exec_20,Standard Billable,Active,PM_70,Project_Manager_70,ASDM_57,Account_Service_Delivery_Manager_57,Confirmed,01-03-2026,31-03-2026,Vertical_01,Unit_01,Commercial_Model_04
PID_1229,PRJ_1229,CUST_348,PRJ_Vert_02,PRJ_Exec_19,Standard Billable,Active,PM_308,Project_Manager_308,ASDM_116,Account_Service_Delivery_Manager_115,Confirmed,01-03-2026,31-03-2026,Vertical_02,Unit_01,Commercial_Model_04
PID_1748,PRJ_1748,CUST_213,PRJ_Vert_02,PRJ_Exec_19,Standard Billable,Active,PM_202,Project_Manager_202,ASDM_30,Account_Service_Delivery_Manager_30,Confirmed,01-03-2026,31-03-2026,Vertical_02,Unit_01,Commercial_Model_02
PID_1749,PRJ_1749,CUST_89,PRJ_Vert_03,PRJ_Exec_03,Standard Billable,Active,PM_223,Project_Manager_223,ASDM_70,Account_Service_Delivery_Manager_69,Confirmed,01-03-2026,31-03-2026,Vertical_03,Unit_01,Commercial_Model_04
PID_1750,PRJ_1750,CUST_13,PRJ_Vert_06,PRJ_Exec_11,Standard Billable,Active,PM_234,Project_Manager_234,ASDM_13,Account_Service_Delivery_Manager_13,Confirmed,01-03-2026,31-03-2026,Vertical_06,Unit_01,Commercial_Model_02
PID_1751,PRJ_1751,CUST_137,PRJ_Vert_05,PRJ_Exec_16,Standard Billable,Active,PM_475,Project_Manager_475,ASDM_89,Account_Service_Delivery_Manager_88,Confirmed,01-03-2026,31-03-2026,Vertical_05,Unit_01,Commercial_Model_04
PID_1752,PRJ_1752,CUST_113,PRJ_Vert_01,PRJ_Exec_01,Standard Billable,Active,PM_138,Project_Manager_138,ASDM_79,Account_Service_Delivery_Manager_78,Confirmed,01-03-2026,31-03-2026,Vertical_01,Unit_01,Commercial_Model_04
PID_1238,PRJ_1238,CUST_243,PRJ_Vert_02,PRJ_Exec_05,Standard Billable,Active,PM_344,Project_Manager_344,ASDM_84,Account_Service_Delivery_Manager_83,Confirmed,01-03-2026,31-03-2026,Vertical_02,Unit_01,Commercial_Model_02
PID_1662,PRJ_1662,CUST_226,PRJ_Vert_03,PRJ_Exec_03,Standard Billable,Active,PM_105,Project_Manager_105,ASDM_70,Account_Service_Delivery_Manager_69,Confirmed,01-03-2026,31-03-2026,Vertical_03,Unit_01,Commercial_Model_04
PID_1753,PRJ_1753,CUST_81,PRJ_Vert_05,PRJ_Exec_09,Standard Billable,Active,PM_663,Project_Manager_662,ASDM_33,Account_Service_Delivery_Manager_33,Confirmed,01-03-2026,31-03-2026,Vertical_05,Unit_01,Commercial_Model_04
PID_1755,PRJ_1755,CUST_32,PRJ_Vert_05,PRJ_Exec_09,Standard Billable,Active,PM_664,Project_Manager_425,ASDM_33,Account_Service_Delivery_Manager_33,Confirmed,01-03-2026,31-03-2026,Vertical_05,Unit_01,Commercial_Model_04
PID_1756,PRJ_1756,CUST_41,PRJ_Vert_02,PRJ_Exec_02,Standard Billable,Active,PM_507,Project_Manager_507,ASDM_02,Account_Service_Delivery_Manager_02,Confirmed,01-03-2026,31-03-2026,Vertical_02,Unit_01,Commercial_Model_01
PID_1757,PRJ_1757,CUST_132,PRJ_Vert_01,PRJ_Exec_24,Standard Billable,Active,PM_158,Project_Manager_158,ASDM_87,Account_Service_Delivery_Manager_86,Confirmed,01-03-2026,31-03-2026,Vertical_01,Unit_01,Commercial_Model_04
PID_1758,PRJ_1758,CUST_89,PRJ_Vert_03,PRJ_Exec_03,Standard Billable,Active,PM_665,Project_Manager_663,ASDM_70,Account_Service_Delivery_Manager_69,Confirmed,01-03-2026,31-03-2026,Vertical_03,Unit_01,Commercial_Model_04
PID_1759,PRJ_1759,CUST_40,PRJ_Vert_01,PRJ_Exec_05,Standard Billable,Active,PM_130,Project_Manager_130,ASDM_41,Account_Service_Delivery_Manager_41,Confirmed,01-03-2026,31-03-2026,Vertical_01,Unit_01,Commercial_Model_02
PID_1760,PRJ_1760,CUST_44,PRJ_Vert_03,PRJ_Exec_03,Standard Billable,Active,PM_666,Project_Manager_664,ASDM_43,Account_Service_Delivery_Manager_43,Confirmed,01-03-2026,31-03-2026,Vertical_03,Unit_01,Commercial_Model_04
PID_1761,PRJ_1761,CUST_407,PRJ_Vert_06,PRJ_Exec_11,Standard Billable,Active,PM_667,Project_Manager_665,ASDM_13,Account_Service_Delivery_Manager_13,Confirmed,01-03-2026,31-03-2026,Vertical_06,Unit_01,Commercial_Model_04
PID_1762,PRJ_1762,CUST_20,PRJ_Vert_03,PRJ_Exec_03,Standard Billable,Active,PM_28,Project_Manager_28,ASDM_20,Account_Service_Delivery_Manager_20,Confirmed,01-03-2026,31-03-2026,Vertical_03,Unit_01,Commercial_Model_04
PID_1763,PRJ_1763,CUST_81,PRJ_Vert_05,PRJ_Exec_09,Standard Billable,Active,PM_668,Project_Manager_666,ASDM_33,Account_Service_Delivery_Manager_33,Confirmed,01-03-2026,31-03-2026,Vertical_05,Unit_01,Commercial_Model_04
PID_1764,PRJ_1764,CUST_408,PRJ_Vert_02,PRJ_Exec_23,Standard Billable,Active,PM_669,Project_Manager_667,ASDM_84,Account_Service_Delivery_Manager_83,Yet to be confirmed,01-03-2026,31-03-2026,Vertical_02,Unit_01,Commercial_Model_01
PID_1765,PRJ_1765,CUST_91,PRJ_Vert_02,PRJ_Exec_19,Standard Billable,Active,PM_120,Project_Manager_120,ASDM_58,Account_Service_Delivery_Manager_50,Confirmed,01-03-2026,31-03-2026,Vertical_02,Unit_01,Commercial_Model_01
PID_986,PRJ_986,CUST_200,PRJ_Vert_01,PRJ_Exec_20,Standard Billable,Active,PM_451,Project_Manager_451,ASDM_31,Account_Service_Delivery_Manager_31,Confirmed,01-03-2026,31-03-2026,Vertical_01,Unit_01,Commercial_Model_04
PID_1766,PRJ_1766,CUST_409,PRJ_Vert_02,PRJ_Exec_15,Standard Billable,Active,PM_186,Project_Manager_186,ASDM_77,Account_Service_Delivery_Manager_76,Confirmed,01-03-2026,31-03-2026,Vertical_02,Unit_01,Commercial_Model_01
PID_1767,PRJ_1767,CUST_376,PRJ_Vert_01,PRJ_Exec_24,Standard Billable,Active,PM_91,Project_Manager_91,ASDM_62,Account_Service_Delivery_Manager_61,Confirmed,01-03-2026,31-03-2026,Vertical_01,Unit_01,Commercial_Model_01
PID_1769,PRJ_1769,CUST_177,PRJ_Vert_02,PRJ_Exec_02,Standard Billable,Active,PM_07,Project_Manager_07,ASDM_44,Account_Service_Delivery_Manager_44,Confirmed,01-03-2026,31-03-2026,Vertical_02,Unit_01,Commercial_Model_01
PID_1770,PRJ_1770,CUST_144,PRJ_Vert_05,PRJ_Exec_09,Standard Billable,Active,PM_177,Project_Manager_177,ASDM_42,Account_Service_Delivery_Manager_42,Confirmed,01-03-2026,31-03-2026,Vertical_05,Unit_01,Commercial_Model_04
PID_1771,PRJ_1771,CUST_308,PRJ_Vert_05,PRJ_Exec_09,Standard Billable,Active,PM_252,Project_Manager_252,ASDM_76,Account_Service_Delivery_Manager_75,Yet to be confirmed,01-03-2026,31-03-2026,Vertical_05,Unit_01,Commercial_Model_04
PID_1772,PRJ_1772,CUST_204,PRJ_Vert_05,PRJ_Exec_09,Standard Billable,Active,PM_537,Project_Manager_537,ASDM_76,Account_Service_Delivery_Manager_75,Yet to be confirmed,01-03-2026,31-03-2026,Vertical_05,Unit_01,Commercial_Model_04
PID_1773,PRJ_1773,CUST_181,PRJ_Vert_05,PRJ_Exec_09,Standard Billable,Active,PM_670,Project_Manager_668,ASDM_76,Account_Service_Delivery_Manager_75,Yet to be confirmed,01-03-2026,31-03-2026,Vertical_05,Unit_01,Commercial_Model_04
PID_455,PRJ_455,CUST_54,PRJ_Vert_02,PRJ_Exec_19,Standard Billable,Active,PM_71,Project_Manager_71,ASDM_58,Account_Service_Delivery_Manager_50,Confirmed,01-03-2026,31-03-2026,Vertical_02,Unit_01,Commercial_Model_02
PID_1773,PRJ_1773,CUST_181,PRJ_Vert_05,PRJ_Exec_16,Standard Billable,Active,PM_670,Project_Manager_668,ASDM_76,Account_Service_Delivery_Manager_75,Yet to be confirmed,01-03-2026,31-03-2026,Vertical_05,Unit_01,Commercial_Model_04
PID_1775,PRJ_1775,CUST_147,PRJ_Vert_03,PRJ_Exec_03,Standard Billable,Active,PM_199,Project_Manager_199,ASDM_88,Account_Service_Delivery_Manager_87,Confirmed,01-03-2026,31-03-2026,Vertical_03,Unit_01,Commercial_Model_01
PID_1776,PRJ_1776,CUST_161,PRJ_Vert_05,PRJ_Exec_09,Standard Billable,Active,PM_671,Project_Manager_669,ASDM_99,Account_Service_Delivery_Manager_98,Yet to be confirmed,01-03-2026,31-03-2026,Vertical_05,Unit_01,Commercial_Model_05
PID_1272,PRJ_1272,CUST_353,PRJ_Vert_08,PRJ_Exec_36,Standard Billable,Active,PM_538,Project_Manager_538,ASDM_108,Account_Service_Delivery_Manager_107,Confirmed,01-03-2026,31-03-2026,Vertical_08,Unit_01,Commercial_Model_05
PID_1777,PRJ_1777,CUST_14,PRJ_Vert_06,PRJ_Exec_12,Standard Billable,Active,PM_129,Project_Manager_129,ASDM_14,Account_Service_Delivery_Manager_14,Confirmed,01-03-2026,31-03-2026,Vertical_06,Unit_01,Commercial_Model_02
PID_1778,PRJ_1778,CUST_108,PRJ_Vert_02,PRJ_Exec_15,Standard Billable,Active,PM_153,Project_Manager_153,ASDM_21,Account_Service_Delivery_Manager_21,Yet to be confirmed,01-03-2026,31-03-2026,Vertical_02,Unit_01,Commercial_Model_01
PID_1779,PRJ_1779,CUST_108,PRJ_Vert_02,PRJ_Exec_15,Standard Billable,Active,PM_153,Project_Manager_153,ASDM_21,Account_Service_Delivery_Manager_21,Yet to be confirmed,01-03-2026,31-03-2026,Vertical_02,Unit_01,Commercial_Model_01
PID_1780,PRJ_1780,CUST_392,PRJ_Vert_05,PRJ_Exec_09,Customer Non Billable,Active,PM_672,Project_Manager_670,ASDM_112,Account_Service_Delivery_Manager_111,Confirmed,01-03-2026,31-03-2026,Vertical_05,Unit_01,Commercial_Model_05
PID_1781,PRJ_1781,CUST_108,PRJ_Vert_02,PRJ_Exec_15,Standard Billable,Active,PM_153,Project_Manager_153,ASDM_21,Account_Service_Delivery_Manager_21,Yet to be confirmed,01-03-2026,31-03-2026,Vertical_02,Unit_01,Commercial_Model_01
PID_1782,PRJ_1782,CUST_108,PRJ_Vert_02,PRJ_Exec_15,Standard Billable,Active,PM_153,Project_Manager_153,ASDM_21,Account_Service_Delivery_Manager_21,Yet to be confirmed,01-03-2026,31-03-2026,Vertical_02,Unit_01,Commercial_Model_01
PID_1784,PRJ_1784,CUST_132,PRJ_Vert_01,PRJ_Exec_24,Standard Billable,Active,PM_158,Project_Manager_158,ASDM_87,Account_Service_Delivery_Manager_86,Confirmed,01-03-2026,31-03-2026,Vertical_01,Unit_01,Commercial_Model_05
PID_1785,PRJ_1785,CUST_134,PRJ_Vert_03,PRJ_Exec_03,Standard Billable,Active,PM_160,Project_Manager_160,ASDM_88,Account_Service_Delivery_Manager_87,Confirmed,01-03-2026,31-03-2026,Vertical_03,Unit_01,Commercial_Model_01
PID_1768,PRJ_1768,CUST_144,PRJ_Vert_05,PRJ_Exec_09,Standard Billable,Active,PM_177,Project_Manager_177,ASDM_42,Account_Service_Delivery_Manager_42,Confirmed,01-03-2026,31-03-2026,Vertical_05,Unit_01,Commercial_Model_04
PID_1786,PRJ_1786,CUST_411,PRJ_Vert_04,PRJ_Exec_17,Standard Billable,Active,PM_673,Project_Manager_671,ASDM_83,Account_Service_Delivery_Manager_82,Yet to be confirmed,01-03-2026,31-03-2026,Vertical_04,Unit_02,Commercial_Model_03
PID_1787,PRJ_1787,CUST_12,PRJ_Vert_03,PRJ_Exec_52,Customer Non Billable,Active,PM_454,Project_Manager_454,ASDM_20,Account_Service_Delivery_Manager_20,Confirmed,01-03-2026,31-03-2026,Vertical_03,Unit_01,Commercial_Model_05
PID_1788,PRJ_1788,CUST_02,PRJ_Vert_02,PRJ_Exec_02,Standard Billable,Active,PM_674,Project_Manager_672,ASDM_02,Account_Service_Delivery_Manager_02,Yet to be confirmed,01-03-2026,31-03-2026,Vertical_02,Unit_01,Commercial_Model_05
PID_1789,PRJ_1789,CUST_146,PRJ_Vert_03,PRJ_Exec_30,Standard Billable,Active,PM_354,Project_Manager_354,ASDM_98,Account_Service_Delivery_Manager_97,Confirmed,01-03-2026,31-03-2026,Vertical_03,Unit_02,Commercial_Model_02
PID_1790,PRJ_1790,CUST_381,PRJ_Vert_02,PRJ_Exec_15,Standard Billable,Active,PM_605,Project_Manager_605,ASDM_84,Account_Service_Delivery_Manager_83,Yet to be confirmed,01-03-2026,31-03-2026,Vertical_02,Unit_01,Commercial_Model_01
PID_1791,PRJ_1791,CUST_30,PRJ_Vert_01,PRJ_Exec_20,Standard Billable,Active,PM_32,Project_Manager_32,ASDM_31,Account_Service_Delivery_Manager_31,Confirmed,01-03-2026,31-03-2026,Vertical_01,Unit_01,Commercial_Model_04
PID_1792,PRJ_1792,CUST_113,PRJ_Vert_01,PRJ_Exec_01,Standard Billable,Active,PM_138,Project_Manager_138,ASDM_79,Account_Service_Delivery_Manager_78,Confirmed,01-03-2026,31-03-2026,Vertical_01,Unit_01,Commercial_Model_04
PID_1794,PRJ_1794,CUST_156,PRJ_Vert_03,PRJ_Exec_16,Standard Billable,Active,PM_198,Project_Manager_198,ASDM_07,Account_Service_Delivery_Manager_07,Confirmed,01-03-2026,31-03-2026,Vertical_03,Unit_01,Commercial_Model_05
PID_1796,PRJ_1796,CUST_413,PRJ_Vert_01,PRJ_Exec_44,Standard Billable,Active,PM_358,Project_Manager_358,ASDM_123,Account_Service_Delivery_Manager_122,Confirmed,01-03-2026,31-03-2026,Vertical_01,Unit_02,Commercial_Model_03
PID_1797,PRJ_1797,CUST_33,PRJ_Vert_02,PRJ_Exec_23,Standard Billable,Active,PM_111,Project_Manager_111,ASDM_34,Account_Service_Delivery_Manager_34,Yet to be confirmed,01-03-2026,31-03-2026,Vertical_02,Unit_01,Commercial_Model_02
PID_06,PRJ_06,CUST_06,PRJ_Vert_02,PRJ_Exec_06,Standard Billable,Active,PM_06,Project_Manager_06,ASDM_06,Account_Service_Delivery_Manager_06,Confirmed,01-03-2026,31-03-2026,Vertical_02,Unit_01,Commercial_Model_01
PID_07,PRJ_07,CUST_07,PRJ_Vert_03,PRJ_Exec_03,Standard Billable,Active,PM_07,Project_Manager_07,ASDM_07,Account_Service_Delivery_Manager_07,Confirmed,01-03-2026,31-03-2026,Vertical_03,Unit_01,Commercial_Model_04
PID_1798,PRJ_1798,CUST_39,PRJ_Vert_01,PRJ_Exec_43,Standard Billable,Active,PM_675,Project_Manager_673,ASDM_24,Account_Service_Delivery_Manager_24,Confirmed,01-03-2026,31-03-2026,Vertical_01,Unit_02,Commercial_Model_03
PID_1799,PRJ_1799,CUST_59,PRJ_Vert_08,PRJ_Exec_05,Standard Billable,Active,PM_676,Project_Manager_674,ASDM_54,Account_Service_Delivery_Manager_54,Yet to be confirmed,01-03-2026,31-03-2026,Vertical_08,Unit_01,Commercial_Model_02
PID_1801,PRJ_1801,CUST_32,PRJ_Vert_05,PRJ_Exec_09,Standard Billable,Active,PM_677,Project_Manager_675,ASDM_33,Account_Service_Delivery_Manager_33,Confirmed,01-03-2026,31-03-2026,Vertical_05,Unit_01,Commercial_Model_04
PID_751,PRJ_751,CUST_225,PRJ_Vert_03,PRJ_Exec_10,Standard Billable,Active,PM_386,Project_Manager_386,ASDM_07,Account_Service_Delivery_Manager_07,Yet to be confirmed,01-03-2026,31-03-2026,Vertical_03,Unit_02,Commercial_Model_02
PID_1802,PRJ_1802,CUST_387,PRJ_Vert_02,PRJ_Exec_19,Standard Billable,Active,PM_231,Project_Manager_231,ASDM_38,Account_Service_Delivery_Manager_38,Yet to be confirmed,01-03-2026,31-03-2026,Vertical_02,Unit_01,Commercial_Model_01
PID_1803,PRJ_1803,CUST_145,PRJ_Vert_02,PRJ_Exec_19,Standard Billable,Active,PM_179,Project_Manager_179,ASDM_85,Account_Service_Delivery_Manager_84,Confirmed,01-03-2026,31-03-2026,Vertical_02,Unit_01,Commercial_Model_01
PID_1804,PRJ_1804,CUST_414,PRJ_Vert_05,PRJ_Exec_26,Standard Billable,Active,PM_124,Project_Manager_124,ASDM_11,Account_Service_Delivery_Manager_11,Confirmed,01-03-2026,31-03-2026,Vertical_05,Unit_02,Commercial_Model_01
PID_1805,PRJ_1805,CUST_03,PRJ_Vert_03,PRJ_Exec_03,Standard Billable,Active,PM_03,Project_Manager_03,ASDM_03,Account_Service_Delivery_Manager_03,Confirmed,01-03-2026,31-03-2026,Vertical_03,Unit_01,Commercial_Model_01
PID_1806,PRJ_1806,CUST_133,PRJ_Vert_05,PRJ_Exec_05,Standard Billable,Active,PM_678,Project_Manager_676,ASDM_76,Account_Service_Delivery_Manager_75,Confirmed,01-03-2026,31-03-2026,Vertical_05,Unit_01,Commercial_Model_02
PID_1807,PRJ_1807,CUST_05,PRJ_Vert_01,PRJ_Exec_20,Standard Billable,Active,PM_162,Project_Manager_162,ASDM_05,Account_Service_Delivery_Manager_05,Confirmed,01-03-2026,31-03-2026,Vertical_01,Unit_01,Commercial_Model_02
PID_1808,PRJ_1808,CUST_320,PRJ_Vert_01,PRJ_Exec_43,Standard Billable,Active,PM_459,Project_Manager_459,ASDM_130,Account_Service_Delivery_Manager_129,Confirmed,01-03-2026,31-03-2026,Vertical_01,Unit_02,Commercial_Model_03
PID_1809,PRJ_1809,CUST_323,PRJ_Vert_02,PRJ_Exec_15,Standard Billable,Active,PM_679,Project_Manager_677,ASDM_77,Account_Service_Delivery_Manager_76,Confirmed,01-03-2026,31-03-2026,Vertical_02,Unit_01,Commercial_Model_02
PID_1810,PRJ_1810,CUST_143,PRJ_Vert_04,PRJ_Exec_13,Standard Billable,Active,PM_176,Project_Manager_176,ASDM_23,Account_Service_Delivery_Manager_23,Yet to be confirmed,01-03-2026,31-03-2026,Vertical_04,Unit_02,Commercial_Model_03
PID_1041,PRJ_1041,CUST_207,PRJ_Vert_01,PRJ_Exec_05,Standard Billable,Active,PM_103,Project_Manager_103,ASDM_79,Account_Service_Delivery_Manager_78,Confirmed,01-03-2026,31-03-2026,Vertical_01,Unit_01,Commercial_Model_02
PID_1812,PRJ_1812,CUST_32,PRJ_Vert_05,PRJ_Exec_09,Standard Billable,Active,PM_681,Project_Manager_679,ASDM_33,Account_Service_Delivery_Manager_33,Confirmed,01-03-2026,31-03-2026,Vertical_05,Unit_01,Commercial_Model_04
PID_1813,PRJ_1813,CUST_13,PRJ_Vert_06,PRJ_Exec_11,Standard Billable,Active,PM_379,Project_Manager_379,ASDM_13,Account_Service_Delivery_Manager_13,Confirmed,01-03-2026,31-03-2026,Vertical_06,Unit_01,Commercial_Model_01
PID_1814,PRJ_1814,CUST_415,PRJ_Vert_05,PRJ_Exec_30,Standard Billable,Active,PM_462,Project_Manager_462,ASDM_127,Account_Service_Delivery_Manager_126,Confirmed,01-03-2026,31-03-2026,Vertical_05,Unit_02,Commercial_Model_04
PID_262,PRJ_262,CUST_54,PRJ_Vert_02,PRJ_Exec_19,Standard Billable,Active,PM_71,Project_Manager_71,ASDM_58,Account_Service_Delivery_Manager_50,Confirmed,01-03-2026,31-03-2026,Vertical_02,Unit_01,Commercial_Model_02
PID_1817,PRJ_1817,CUST_13,PRJ_Vert_06,PRJ_Exec_25,Standard Billable,Active,PM_682,Project_Manager_680,ASDM_36,Account_Service_Delivery_Manager_36,Confirmed,01-03-2026,31-03-2026,Vertical_06,Unit_01,Commercial_Model_01
PID_1818,PRJ_1818,CUST_321,PRJ_Vert_01,PRJ_Exec_07,Standard Billable,Active,PM_500,Project_Manager_500,ASDM_35,Account_Service_Delivery_Manager_35,Confirmed,01-03-2026,31-03-2026,Vertical_01,Unit_02,Commercial_Model_03
PID_286,PRJ_286,CUST_147,PRJ_Vert_03,PRJ_Exec_16,Standard Billable,Active,PM_199,Project_Manager_199,ASDM_88,Account_Service_Delivery_Manager_87,Yet to be confirmed,01-03-2026,31-03-2026,Vertical_03,Unit_01,Commercial_Model_04
PID_34,PRJ_34,CUST_30,PRJ_Vert_01,PRJ_Exec_20,Standard Billable,Active,PM_32,Project_Manager_32,ASDM_31,Account_Service_Delivery_Manager_31,Confirmed,01-03-2026,31-03-2026,Vertical_01,Unit_01,Commercial_Model_01
PID_35,PRJ_35,CUST_31,PRJ_Vert_02,PRJ_Exec_05,Standard Billable,Active,PM_33,Project_Manager_33,ASDM_73,Account_Service_Delivery_Manager_72,Yet to be confirmed,01-03-2026,31-03-2026,Vertical_02,Unit_01,Commercial_Model_05
PID_1819,PRJ_1819,CUST_213,PRJ_Vert_02,PRJ_Exec_19,Standard Billable,Active,PM_202,Project_Manager_202,ASDM_30,Account_Service_Delivery_Manager_30,Confirmed,01-03-2026,31-03-2026,Vertical_02,Unit_01,Commercial_Model_01
PID_1820,PRJ_1820,CUST_95,PRJ_Vert_01,PRJ_Exec_01,Standard Billable,Active,PM_113,Project_Manager_113,ASDM_74,Account_Service_Delivery_Manager_73,Confirmed,01-03-2026,31-03-2026,Vertical_01,Unit_01,Commercial_Model_04
PID_1821,PRJ_1821,CUST_354,PRJ_Vert_02,PRJ_Exec_15,Standard Billable,Active,PM_541,Project_Manager_541,ASDM_77,Account_Service_Delivery_Manager_76,Yet to be confirmed,01-03-2026,31-03-2026,Vertical_02,Unit_01,Commercial_Model_04
PID_1822,PRJ_1822,CUST_35,PRJ_Vert_01,PRJ_Exec_22,Standard Billable,Active,PM_499,Project_Manager_499,ASDM_37,Account_Service_Delivery_Manager_37,Yet to be confirmed,01-03-2026,31-03-2026,Vertical_01,Unit_01,Commercial_Model_04
PID_1340,PRJ_1340,CUST_47,PRJ_Vert_01,PRJ_Exec_24,Standard Billable,Active,PM_555,Project_Manager_555,ASDM_45,Account_Service_Delivery_Manager_45,Confirmed,01-03-2026,31-03-2026,Vertical_01,Unit_01,Commercial_Model_02
PID_1823,PRJ_1823,CUST_32,PRJ_Vert_05,PRJ_Exec_09,Standard Billable,Active,PM_683,Project_Manager_681,ASDM_33,Account_Service_Delivery_Manager_33,Confirmed,01-03-2026,31-03-2026,Vertical_05,Unit_01,Commercial_Model_01
PID_1056,PRJ_1056,CUST_103,PRJ_Vert_02,PRJ_Exec_02,Standard Billable,Active,PM_474,Project_Manager_474,ASDM_02,Account_Service_Delivery_Manager_02,Confirmed,01-03-2026,31-03-2026,Vertical_02,Unit_01,Commercial_Model_01
PID_1825,PRJ_1825,CUST_159,PRJ_Vert_02,PRJ_Exec_19,Standard Billable,Active,PM_202,Project_Manager_202,ASDM_30,Account_Service_Delivery_Manager_30,Confirmed,01-03-2026,31-03-2026,Vertical_02,Unit_01,Commercial_Model_02
PID_1826,PRJ_1826,CUST_12,PRJ_Vert_03,PRJ_Exec_10,Standard Billable,Active,PM_12,Project_Manager_12,ASDM_12,Account_Service_Delivery_Manager_12,Yet to be confirmed,01-03-2026,31-03-2026,Vertical_03,Unit_02,Commercial_Model_02
PID_790,PRJ_790,CUST_27,PRJ_Vert_03,PRJ_Exec_03,Standard Billable,Active,PM_399,Project_Manager_399,ASDM_27,Account_Service_Delivery_Manager_27,Confirmed,01-03-2026,31-03-2026,Vertical_03,Unit_01,Commercial_Model_05
PID_683,PRJ_683,CUST_20,PRJ_Vert_03,PRJ_Exec_16,Standard Billable,Active,PM_28,Project_Manager_28,ASDM_20,Account_Service_Delivery_Manager_20,Yet to be confirmed,01-03-2026,31-03-2026,Vertical_03,Unit_01,Commercial_Model_04
PID_1827,PRJ_1827,CUST_417,PRJ_Vert_04,PRJ_Exec_13,Standard Billable,Active,PM_117,Project_Manager_117,ASDM_23,Account_Service_Delivery_Manager_23,Yet to be confirmed,01-03-2026,31-03-2026,Vertical_04,Unit_02,Commercial_Model_03
PID_1348,PRJ_1348,CUST_361,PRJ_Vert_05,PRJ_Exec_30,Standard Billable,Active,PM_312,Project_Manager_312,,Account_Service_Delivery_Manager_117,Confirmed,01-03-2026,31-03-2026,Vertical_05,Unit_02,Commercial_Model_04
PID_1828,PRJ_1828,CUST_130,PRJ_Vert_02,PRJ_Exec_19,Standard Billable,Active,PM_71,Project_Manager_71,ASDM_85,Account_Service_Delivery_Manager_84,Confirmed,01-03-2026,31-03-2026,Vertical_02,Unit_01,Commercial_Model_02
PID_1829,PRJ_1829,CUST_94,PRJ_Vert_01,PRJ_Exec_16,Standard Billable,Active,PM_259,Project_Manager_259,ASDM_45,Account_Service_Delivery_Manager_45,Confirmed,01-03-2026,31-03-2026,Vertical_01,Unit_01,Commercial_Model_04
PID_1830,PRJ_1830,CUST_291,PRJ_Vert_02,PRJ_Exec_15,Standard Billable,Active,PM_196,Project_Manager_196,ASDM_84,Account_Service_Delivery_Manager_83,Confirmed,01-03-2026,31-03-2026,Vertical_02,Unit_01,Commercial_Model_01
PID_1070,PRJ_1070,CUST_328,PRJ_Vert_02,PRJ_Exec_06,Standard Billable,Active,PM_481,Project_Manager_481,ASDM_06,Account_Service_Delivery_Manager_06,Confirmed,01-03-2026,31-03-2026,Vertical_02,Unit_01,Commercial_Model_04
PID_1831,PRJ_1831,CUST_32,PRJ_Vert_05,PRJ_Exec_09,Standard Billable,Active,PM_685,Project_Manager_683,ASDM_33,Account_Service_Delivery_Manager_33,Confirmed,01-03-2026,31-03-2026,Vertical_05,Unit_01,Commercial_Model_04
PID_1832,PRJ_1832,CUST_418,PRJ_Vert_04,PRJ_Exec_14,Standard Billable,Active,PM_686,Project_Manager_684,ASDM_17,Account_Service_Delivery_Manager_17,Yet to be confirmed,01-03-2026,31-03-2026,Vertical_04,Unit_02,Commercial_Model_03
PID_62,PRJ_62,CUST_49,PRJ_Vert_03,PRJ_Exec_03,Standard Billable,Active,PM_53,Project_Manager_53,ASDM_46,Account_Service_Delivery_Manager_46,Confirmed,01-03-2026,31-03-2026,Vertical_03,Unit_01,Commercial_Model_04
PID_1833,PRJ_1833,CUST_27,PRJ_Vert_03,PRJ_Exec_03,Standard Billable,Active,PM_687,Project_Manager_685,ASDM_27,Account_Service_Delivery_Manager_27,Confirmed,01-03-2026,31-03-2026,Vertical_03,Unit_01,Commercial_Model_04
PID_1834,PRJ_1834,CUST_383,PRJ_Vert_01,PRJ_Exec_05,Standard Billable,Active,PM_609,Project_Manager_609,ASDM_139,Account_Service_Delivery_Manager_138,Confirmed,01-03-2026,31-03-2026,Vertical_01,Unit_01,Commercial_Model_03
PID_1079,PRJ_1079,CUST_329,PRJ_Vert_03,PRJ_Exec_10,Standard Billable,Active,PM_01,Project_Manager_01,,Account_Service_Delivery_Manager_117,Confirmed,01-03-2026,31-03-2026,Vertical_03,Unit_02,Commercial_Model_04
PID_1835,PRJ_1835,CUST_92,PRJ_Vert_03,PRJ_Exec_03,Standard Billable,Active,PM_109,Project_Manager_109,ASDM_46,Account_Service_Delivery_Manager_46,Confirmed,01-03-2026,31-03-2026,Vertical_03,Unit_01,Commercial_Model_04
PID_1836,PRJ_1836,CUST_189,PRJ_Vert_03,PRJ_Exec_03,Standard Billable,Active,PM_688,Project_Manager_686,ASDM_46,Account_Service_Delivery_Manager_46,Confirmed,01-03-2026,31-03-2026,Vertical_03,Unit_01,Commercial_Model_01
PID_1838,PRJ_1838,CUST_282,PRJ_Vert_01,PRJ_Exec_35,Standard Billable,Active,PM_94,Project_Manager_94,ASDM_64,Account_Service_Delivery_Manager_63,Yet to be confirmed,01-03-2026,31-03-2026,Vertical_01,Unit_01,Commercial_Model_02
PID_1839,PRJ_1839,CUST_12,PRJ_Vert_03,PRJ_Exec_10,Standard Billable,Active,PM_12,Project_Manager_12,ASDM_12,Account_Service_Delivery_Manager_12,Yet to be confirmed,01-03-2026,31-03-2026,Vertical_03,Unit_02,Commercial_Model_02
PID_1840,PRJ_1840,CUST_33,PRJ_Vert_02,PRJ_Exec_23,Standard Billable,Active,PM_690,Project_Manager_688,ASDM_34,Account_Service_Delivery_Manager_34,Yet to be confirmed,01-03-2026,31-03-2026,Vertical_02,Unit_01,Commercial_Model_01
PID_1841,PRJ_1841,CUST_333,PRJ_Vert_06,PRJ_Exec_51,Standard Billable,Active,PM_500,Project_Manager_500,ASDM_35,Account_Service_Delivery_Manager_35,Confirmed,01-03-2026,31-03-2026,Vertical_06,Unit_02,Commercial_Model_02
PID_1843,PRJ_1843,CUST_67,PRJ_Vert_02,PRJ_Exec_23,Standard Billable,Active,PM_253,Project_Manager_253,ASDM_59,Account_Service_Delivery_Manager_58,Confirmed,01-03-2026,31-03-2026,Vertical_02,Unit_01,Commercial_Model_01
PID_1844,PRJ_1844,CUST_228,PRJ_Vert_02,PRJ_Exec_06,Standard Billable,Active,PM_317,Project_Manager_317,ASDM_119,Account_Service_Delivery_Manager_118,Yet to be confirmed,01-03-2026,31-03-2026,Vertical_02,Unit_01,Commercial_Model_02
PID_1845,PRJ_1845,CUST_06,PRJ_Vert_02,PRJ_Exec_06,Standard Billable,Active,PM_691,Project_Manager_689,ASDM_06,Account_Service_Delivery_Manager_06,Yet to be confirmed,01-03-2026,31-03-2026,Vertical_02,Unit_01,Commercial_Model_01
PID_79,PRJ_79,CUST_61,PRJ_Vert_07,PRJ_Exec_31,Standard Billable,Active,PM_68,Project_Manager_68,ASDM_16,Account_Service_Delivery_Manager_16,Confirmed,01-03-2026,31-03-2026,Vertical_07,Unit_01,Commercial_Model_04
PID_1848,PRJ_1848,CUST_12,PRJ_Vert_03,PRJ_Exec_03,Standard Billable,Active,PM_333,Project_Manager_333,ASDM_20,Account_Service_Delivery_Manager_20,Confirmed,01-03-2026,31-03-2026,Vertical_03,Unit_01,Commercial_Model_02
PID_1364,PRJ_1364,CUST_27,PRJ_Vert_03,PRJ_Exec_03,Standard Billable,Active,PM_568,Project_Manager_568,ASDM_27,Account_Service_Delivery_Manager_27,Confirmed,01-03-2026,31-03-2026,Vertical_03,Unit_01,Commercial_Model_04
PID_1849,PRJ_1849,CUST_40,PRJ_Vert_01,PRJ_Exec_05,Standard Billable,Active,PM_130,Project_Manager_130,ASDM_41,Account_Service_Delivery_Manager_41,Confirmed,01-03-2026,31-03-2026,Vertical_01,Unit_01,Commercial_Model_02
PID_823,PRJ_823,CUST_250,PRJ_Vert_02,PRJ_Exec_06,Standard Billable,Active,PM_413,Project_Manager_413,ASDM_06,Account_Service_Delivery_Manager_06,Confirmed,01-03-2026,31-03-2026,Vertical_02,Unit_01,Commercial_Model_02
PID_1850,PRJ_1850,CUST_179,PRJ_Vert_02,PRJ_Exec_23,Standard Billable,Active,PM_463,Project_Manager_463,ASDM_102,Account_Service_Delivery_Manager_101,Yet to be confirmed,01-03-2026,31-03-2026,Vertical_02,Unit_01,Commercial_Model_04
PID_1851,PRJ_1851,CUST_26,PRJ_Vert_02,PRJ_Exec_15,Standard Billable,Active,PM_26,Project_Manager_26,ASDM_26,Account_Service_Delivery_Manager_26,Confirmed,01-03-2026,31-03-2026,Vertical_02,Unit_01,Commercial_Model_02
PID_554,PRJ_554,CUST_27,PRJ_Vert_03,PRJ_Exec_03,Standard Billable,Active,PM_325,Project_Manager_325,ASDM_27,Account_Service_Delivery_Manager_27,Confirmed,01-03-2026,31-03-2026,Vertical_03,Unit_01,Commercial_Model_04
PID_1852,PRJ_1852,CUST_420,PRJ_Vert_02,PRJ_Exec_19,Standard Billable,Active,PM_614,Project_Manager_614,ASDM_38,Account_Service_Delivery_Manager_38,Yet to be confirmed,01-03-2026,31-03-2026,Vertical_02,Unit_01,Commercial_Model_04
PID_1853,PRJ_1853,CUST_421,PRJ_Vert_03,PRJ_Exec_03,Standard Billable,Active,PM_447,Project_Manager_447,ASDM_07,Account_Service_Delivery_Manager_07,Confirmed,01-03-2026,31-03-2026,Vertical_03,Unit_01,Commercial_Model_04
PID_314,PRJ_314,CUST_126,PRJ_Vert_04,PRJ_Exec_34,Standard Billable,Active,PM_215,Project_Manager_215,ASDM_10,Account_Service_Delivery_Manager_10,Confirmed,01-03-2026,31-03-2026,Vertical_04,Unit_01,Commercial_Model_02
PID_1854,PRJ_1854,CUST_154,PRJ_Vert_03,PRJ_Exec_03,Standard Billable,Active,PM_294,Project_Manager_294,ASDM_95,Account_Service_Delivery_Manager_94,Confirmed,01-03-2026,31-03-2026,Vertical_03,Unit_01,Commercial_Model_02
PID_1855,PRJ_1855,CUST_62,PRJ_Vert_06,PRJ_Exec_32,Standard Billable,Active,PM_336,Project_Manager_336,ASDM_56,Account_Service_Delivery_Manager_56,Confirmed,01-03-2026,31-03-2026,Vertical_06,Unit_01,Commercial_Model_04
PID_1856,PRJ_1856,CUST_333,PRJ_Vert_06,PRJ_Exec_51,Standard Billable,Active,PM_500,Project_Manager_500,ASDM_35,Account_Service_Delivery_Manager_35,Confirmed,01-03-2026,31-03-2026,Vertical_06,Unit_02,Commercial_Model_02
PID_1857,PRJ_1857,CUST_422,PRJ_Vert_01,PRJ_Exec_01,Standard Billable,Active,PM_693,Project_Manager_691,ASDM_74,Account_Service_Delivery_Manager_73,Confirmed,01-03-2026,31-03-2026,Vertical_01,Unit_01,Commercial_Model_01
PID_1858,PRJ_1858,CUST_41,PRJ_Vert_02,PRJ_Exec_02,Standard Billable,Active,PM_600,Project_Manager_600,ASDM_02,Account_Service_Delivery_Manager_02,Confirmed,01-03-2026,31-03-2026,Vertical_02,Unit_01,Commercial_Model_04
PID_1860,PRJ_1860,CUST_120,PRJ_Vert_02,PRJ_Exec_23,Standard Billable,Active,PM_121,Project_Manager_121,ASDM_60,Account_Service_Delivery_Manager_59,Confirmed,01-03-2026,31-03-2026,Vertical_02,Unit_01,Commercial_Model_01
PID_89,PRJ_89,CUST_66,PRJ_Vert_02,PRJ_Exec_05,Standard Billable,Active,PM_77,Project_Manager_77,ASDM_38,Account_Service_Delivery_Manager_38,Confirmed,01-03-2026,31-03-2026,Vertical_02,Unit_01,Commercial_Model_05
PID_1861,PRJ_1861,CUST_27,PRJ_Vert_03,PRJ_Exec_03,Standard Billable,Active,PM_694,Project_Manager_692,ASDM_27,Account_Service_Delivery_Manager_27,Confirmed,01-03-2026,31-03-2026,Vertical_03,Unit_01,Commercial_Model_04
PID_1862,PRJ_1862,CUST_13,PRJ_Vert_06,PRJ_Exec_25,Standard Billable,Active,PM_695,Project_Manager_693,ASDM_36,Account_Service_Delivery_Manager_36,Confirmed,01-03-2026,31-03-2026,Vertical_06,Unit_01,Commercial_Model_01
PID_1863,PRJ_1863,CUST_27,PRJ_Vert_03,PRJ_Exec_03,Standard Billable,Active,PM_696,Project_Manager_694,ASDM_27,Account_Service_Delivery_Manager_27,Confirmed,01-03-2026,31-03-2026,Vertical_03,Unit_01,Commercial_Model_04
PID_1864,PRJ_1864,CUST_215,PRJ_Vert_05,PRJ_Exec_09,Standard Billable,Active,PM_697,Project_Manager_695,ASDM_112,Account_Service_Delivery_Manager_111,Confirmed,01-03-2026,31-03-2026,Vertical_05,Unit_01,Commercial_Model_04
PID_1865,PRJ_1865,CUST_99,PRJ_Vert_05,PRJ_Exec_09,Standard Billable,Active,PM_698,Project_Manager_696,ASDM_75,Account_Service_Delivery_Manager_74,Confirmed,01-03-2026,31-03-2026,Vertical_05,Unit_01,Commercial_Model_02
PID_1866,PRJ_1866,CUST_154,PRJ_Vert_03,PRJ_Exec_03,Standard Billable,Active,PM_313,Project_Manager_313,ASDM_95,Account_Service_Delivery_Manager_94,Confirmed,01-03-2026,31-03-2026,Vertical_03,Unit_01,Commercial_Model_04
PID_1867,PRJ_1867,CUST_13,PRJ_Vert_06,PRJ_Exec_28,Standard Billable,Active,PM_57,Project_Manager_57,ASDM_48,Account_Service_Delivery_Manager_48,Confirmed,01-03-2026,31-03-2026,Vertical_06,Unit_01,Commercial_Model_01
PID_1868,PRJ_1868,CUST_111,PRJ_Vert_04,PRJ_Exec_38,Standard Billable,Active,PM_136,Project_Manager_136,ASDM_78,Account_Service_Delivery_Manager_77,Confirmed,01-03-2026,31-03-2026,Vertical_04,Unit_01,Commercial_Model_02
PID_1869,PRJ_1869,CUST_59,PRJ_Vert_08,PRJ_Exec_05,Standard Billable,Active,PM_549,Project_Manager_549,ASDM_54,Account_Service_Delivery_Manager_54,Yet to be confirmed,01-03-2026,31-03-2026,Vertical_08,Unit_01,Commercial_Model_02
PID_1870,PRJ_1870,CUST_12,PRJ_Vert_03,PRJ_Exec_10,Standard Billable,Active,PM_12,Project_Manager_12,ASDM_12,Account_Service_Delivery_Manager_12,Yet to be confirmed,01-03-2026,31-03-2026,Vertical_03,Unit_02,Commercial_Model_02
PID_1871,PRJ_1871,CUST_423,PRJ_Vert_06,PRJ_Exec_29,Standard Billable,Active,PM_58,Project_Manager_58,ASDM_49,Account_Service_Delivery_Manager_49,Confirmed,01-03-2026,31-03-2026,Vertical_06,Unit_01,Commercial_Model_04
PID_1872,PRJ_1872,CUST_89,PRJ_Vert_03,PRJ_Exec_05,Standard Billable,Active,PM_223,Project_Manager_223,ASDM_70,Account_Service_Delivery_Manager_69,Confirmed,01-03-2026,31-03-2026,Vertical_03,Unit_01,Commercial_Model_01
PID_850,PRJ_850,CUST_52,PRJ_Vert_02,PRJ_Exec_05,Standard Billable,Active,PM_287,Project_Manager_287,ASDM_121,Account_Service_Delivery_Manager_120,Yet to be confirmed,01-03-2026,31-03-2026,Vertical_02,Unit_01,Commercial_Model_02
PID_864,PRJ_864,CUST_73,PRJ_Vert_02,PRJ_Exec_16,Standard Billable,Active,PM_87,Project_Manager_87,ASDM_26,Account_Service_Delivery_Manager_26,Confirmed,01-03-2026,31-03-2026,Vertical_02,Unit_01,Commercial_Model_01
PID_1873,PRJ_1873,CUST_139,PRJ_Vert_02,PRJ_Exec_19,Standard Billable,Active,PM_179,Project_Manager_179,ASDM_38,Account_Service_Delivery_Manager_38,Confirmed,01-03-2026,31-03-2026,Vertical_02,Unit_01,Commercial_Model_01
PID_332,PRJ_332,CUST_13,PRJ_Vert_06,PRJ_Exec_25,Standard Billable,Active,PM_226,Project_Manager_226,ASDM_36,Account_Service_Delivery_Manager_36,Confirmed,01-03-2026,31-03-2026,Vertical_06,Unit_01,Commercial_Model_01
PID_1874,PRJ_1874,CUST_52,PRJ_Vert_02,PRJ_Exec_07,Standard Billable,Active,PM_133,Project_Manager_133,ASDM_08,Account_Service_Delivery_Manager_08,Confirmed,01-03-2026,31-03-2026,Vertical_02,Unit_02,Commercial_Model_03
PID_1875,PRJ_1875,CUST_198,PRJ_Vert_05,PRJ_Exec_09,Standard Billable,Active,PM_257,Project_Manager_257,ASDM_75,Account_Service_Delivery_Manager_74,Confirmed,01-03-2026,31-03-2026,Vertical_05,Unit_01,Commercial_Model_04
PID_1876,PRJ_1876,CUST_108,PRJ_Vert_02,PRJ_Exec_15,Standard Billable,Active,PM_377,Project_Manager_377,ASDM_21,Account_Service_Delivery_Manager_21,Yet to be confirmed,01-03-2026,31-03-2026,Vertical_02,Unit_01,Commercial_Model_01
PID_1877,PRJ_1877,CUST_79,PRJ_Vert_03,PRJ_Exec_03,Standard Billable,Active,PM_514,Project_Manager_514,ASDM_46,Account_Service_Delivery_Manager_46,Confirmed,01-03-2026,31-03-2026,Vertical_03,Unit_01,Commercial_Model_02
PID_1006,PRJ_1006,CUST_47,PRJ_Vert_01,PRJ_Exec_31,Standard Billable,Active,PM_165,Project_Manager_165,ASDM_45,Account_Service_Delivery_Manager_45,Confirmed,01-03-2026,31-03-2026,Vertical_01,Unit_01,Commercial_Model_02
PID_341,PRJ_341,CUST_44,PRJ_Vert_03,PRJ_Exec_03,Standard Billable,Active,PM_228,Project_Manager_228,ASDM_43,Account_Service_Delivery_Manager_43,Confirmed,01-03-2026,31-03-2026,Vertical_03,Unit_01,Commercial_Model_02
PID_860,PRJ_860,CUST_27,PRJ_Vert_03,PRJ_Exec_03,Standard Billable,Active,PM_424,Project_Manager_424,ASDM_27,Account_Service_Delivery_Manager_27,Confirmed,01-03-2026,31-03-2026,Vertical_03,Unit_01,Commercial_Model_04
PID_1879,PRJ_1879,CUST_12,PRJ_Vert_03,PRJ_Exec_10,Standard Billable,Active,PM_12,Project_Manager_12,ASDM_12,Account_Service_Delivery_Manager_12,Yet to be confirmed,01-03-2026,31-03-2026,Vertical_03,Unit_02,Commercial_Model_02
PID_1880,PRJ_1880,CUST_41,PRJ_Vert_02,PRJ_Exec_02,Standard Billable,Active,PM_02,Project_Manager_02,ASDM_02,Account_Service_Delivery_Manager_02,Confirmed,01-03-2026,31-03-2026,Vertical_02,Unit_01,Commercial_Model_01
PID_1881,PRJ_1881,CUST_67,PRJ_Vert_02,PRJ_Exec_23,Standard Billable,Active,PM_253,Project_Manager_253,ASDM_59,Account_Service_Delivery_Manager_58,Confirmed,01-03-2026,31-03-2026,Vertical_02,Unit_01,Commercial_Model_05
PID_1882,PRJ_1882,CUST_132,PRJ_Vert_01,PRJ_Exec_05,Standard Billable,Active,PM_158,Project_Manager_158,ASDM_87,Account_Service_Delivery_Manager_86,Confirmed,01-03-2026,31-03-2026,Vertical_01,Unit_01,Commercial_Model_04
PID_1883,PRJ_1883,CUST_32,PRJ_Vert_05,PRJ_Exec_05,Standard Billable,Active,PM_699,Project_Manager_697,ASDM_33,Account_Service_Delivery_Manager_33,Confirmed,01-03-2026,31-03-2026,Vertical_05,Unit_01,Commercial_Model_04
PID_1884,PRJ_1884,CUST_13,PRJ_Vert_06,PRJ_Exec_18,Standard Billable,Active,PM_74,Project_Manager_74,ASDM_29,Account_Service_Delivery_Manager_29,Confirmed,01-03-2026,31-03-2026,Vertical_06,Unit_01,Commercial_Model_04
PID_1885,PRJ_1885,CUST_89,PRJ_Vert_03,PRJ_Exec_03,Standard Billable,Active,PM_349,Project_Manager_349,ASDM_70,Account_Service_Delivery_Manager_69,Confirmed,01-03-2026,31-03-2026,Vertical_03,Unit_01,Commercial_Model_04
PID_1886,PRJ_1886,CUST_108,PRJ_Vert_02,PRJ_Exec_42,Standard Billable,Active,PM_582,Project_Manager_582,ASDM_21,Account_Service_Delivery_Manager_21,Yet to be confirmed,01-03-2026,31-03-2026,Vertical_02,Unit_01,Commercial_Model_05
PID_1140,PRJ_1140,CUST_97,PRJ_Vert_03,PRJ_Exec_03,Standard Billable,Active,PM_116,Project_Manager_116,ASDM_43,Account_Service_Delivery_Manager_43,Confirmed,01-03-2026,31-03-2026,Vertical_03,Unit_01,Commercial_Model_04
PID_1887,PRJ_1887,CUST_40,PRJ_Vert_01,PRJ_Exec_05,Standard Billable,Active,PM_130,Project_Manager_130,ASDM_41,Account_Service_Delivery_Manager_41,Confirmed,01-03-2026,31-03-2026,Vertical_01,Unit_01,Commercial_Model_02
PID_1048,PRJ_1048,CUST_82,PRJ_Vert_06,PRJ_Exec_49,Standard Billable,Active,PM_108,Project_Manager_108,ASDM_66,Account_Service_Delivery_Manager_65,Confirmed,01-03-2026,31-03-2026,Vertical_06,Unit_01,Commercial_Model_01
PID_1888,PRJ_1888,CUST_310,PRJ_Vert_03,PRJ_Exec_03,Standard Billable,Active,PM_447,Project_Manager_447,ASDM_07,Account_Service_Delivery_Manager_07,Yet to be confirmed,01-03-2026,31-03-2026,Vertical_03,Unit_01,Commercial_Model_04
PID_634,PRJ_634,CUST_11,PRJ_Vert_05,PRJ_Exec_09,Standard Billable,Active,PM_11,Project_Manager_11,ASDM_11,Account_Service_Delivery_Manager_11,Confirmed,01-03-2026,31-03-2026,Vertical_05,Unit_01,Commercial_Model_04
PID_1142,PRJ_1142,CUST_44,PRJ_Vert_03,PRJ_Exec_03,Standard Billable,Active,PM_432,Project_Manager_432,ASDM_43,Account_Service_Delivery_Manager_43,Confirmed,01-03-2026,31-03-2026,Vertical_03,Unit_01,Commercial_Model_04
PID_1889,PRJ_1889,CUST_33,PRJ_Vert_02,PRJ_Exec_23,Standard Billable,Active,PM_292,Project_Manager_292,ASDM_34,Account_Service_Delivery_Manager_34,Yet to be confirmed,01-03-2026,31-03-2026,Vertical_02,Unit_01,Commercial_Model_01
PID_1414,PRJ_1414,CUST_369,PRJ_Vert_04,PRJ_Exec_08,Standard Billable,Active,PM_585,Project_Manager_585,ASDM_10,Account_Service_Delivery_Manager_10,Confirmed,01-03-2026,31-03-2026,Vertical_04,Unit_01,Commercial_Model_04
PID_349,PRJ_349,CUST_44,PRJ_Vert_03,PRJ_Exec_03,Standard Billable,Active,PM_233,Project_Manager_233,ASDM_43,Account_Service_Delivery_Manager_43,Confirmed,01-03-2026,31-03-2026,Vertical_03,Unit_01,Commercial_Model_04
PID_871,PRJ_871,CUST_299,PRJ_Vert_02,PRJ_Exec_19,Standard Billable,Active,PM_308,Project_Manager_308,ASDM_116,Account_Service_Delivery_Manager_115,Confirmed,01-03-2026,31-03-2026,Vertical_02,Unit_01,Commercial_Model_04
PID_1890,PRJ_1890,CUST_71,PRJ_Vert_02,PRJ_Exec_23,Standard Billable,Active,PM_150,Project_Manager_150,ASDM_60,Account_Service_Delivery_Manager_59,Yet to be confirmed,01-03-2026,31-03-2026,Vertical_02,Unit_01,Commercial_Model_01
PID_1891,PRJ_1891,CUST_41,PRJ_Vert_02,PRJ_Exec_02,Standard Billable,Active,PM_700,Project_Manager_698,ASDM_02,Account_Service_Delivery_Manager_02,Confirmed,01-03-2026,31-03-2026,Vertical_02,Unit_01,Commercial_Model_02
PID_597,PRJ_597,CUST_204,PRJ_Vert_05,PRJ_Exec_09,Standard Billable,Active,PM_276,Project_Manager_276,ASDM_76,Account_Service_Delivery_Manager_75,Confirmed,01-03-2026,31-03-2026,Vertical_05,Unit_01,Commercial_Model_04
PID_1892,PRJ_1892,CUST_17,PRJ_Vert_04,PRJ_Exec_40,Standard Billable,Active,PM_701,Project_Manager_699,ASDM_09,Account_Service_Delivery_Manager_09,Confirmed,01-03-2026,31-03-2026,Vertical_04,Unit_01,Commercial_Model_04
PID_161,PRJ_161,CUST_40,PRJ_Vert_01,PRJ_Exec_16,Standard Billable,Active,PM_130,Project_Manager_130,ASDM_41,Account_Service_Delivery_Manager_41,Confirmed,01-03-2026,31-03-2026,Vertical_01,Unit_01,Commercial_Model_02
PID_1893,PRJ_1893,CUST_108,PRJ_Vert_02,PRJ_Exec_15,Standard Billable,Active,PM_153,Project_Manager_153,ASDM_21,Account_Service_Delivery_Manager_21,Yet to be confirmed,01-03-2026,31-03-2026,Vertical_02,Unit_01,Commercial_Model_05
PID_1894,PRJ_1894,CUST_132,PRJ_Vert_01,PRJ_Exec_24,Standard Billable,Active,PM_158,Project_Manager_158,ASDM_87,Account_Service_Delivery_Manager_86,Confirmed,01-03-2026,31-03-2026,Vertical_01,Unit_01,Commercial_Model_01
PID_1895,PRJ_1895,CUST_52,PRJ_Vert_02,PRJ_Exec_07,Standard Billable,Active,PM_456,Project_Manager_456,ASDM_08,Account_Service_Delivery_Manager_08,Confirmed,01-03-2026,31-03-2026,Vertical_02,Unit_02,Commercial_Model_03
PID_1896,PRJ_1896,CUST_424,PRJ_Vert_04,PRJ_Exec_40,Standard Billable,Active,PM_246,Project_Manager_246,ASDM_106,Account_Service_Delivery_Manager_105,Confirmed,01-03-2026,31-03-2026,Vertical_04,Unit_01,Commercial_Model_02
PID_1897,PRJ_1897,CUST_263,PRJ_Vert_01,PRJ_Exec_01,Standard Billable,Active,PM_702,Project_Manager_700,ASDM_124,Account_Service_Delivery_Manager_123,Confirmed,01-03-2026,31-03-2026,Vertical_01,Unit_01,Commercial_Model_02
PID_360,PRJ_360,CUST_40,PRJ_Vert_01,PRJ_Exec_26,Standard Billable,Active,PM_241,Project_Manager_241,ASDM_41,Account_Service_Delivery_Manager_41,Confirmed,01-03-2026,31-03-2026,Vertical_01,Unit_02,Commercial_Model_01
PID_1900,PRJ_1900,CUST_266,PRJ_Vert_01,PRJ_Exec_07,Standard Billable,Active,PM_500,Project_Manager_500,ASDM_35,Account_Service_Delivery_Manager_35,Confirmed,01-03-2026,31-03-2026,Vertical_01,Unit_02,Commercial_Model_02
PID_1167,PRJ_1167,CUST_176,PRJ_Vert_02,PRJ_Exec_02,Standard Billable,Active,PM_374,Project_Manager_374,ASDM_02,Account_Service_Delivery_Manager_02,Confirmed,01-03-2026,31-03-2026,Vertical_02,Unit_01,Commercial_Model_05
PID_1901,PRJ_1901,CUST_27,PRJ_Vert_03,PRJ_Exec_03,Standard Billable,Active,PM_705,Project_Manager_703,ASDM_27,Account_Service_Delivery_Manager_27,Confirmed,01-03-2026,31-03-2026,Vertical_03,Unit_01,Commercial_Model_04
PID_1431,PRJ_1431,CUST_126,PRJ_Vert_04,PRJ_Exec_34,Standard Billable,Active,PM_591,Project_Manager_591,ASDM_10,Account_Service_Delivery_Manager_10,Confirmed,01-03-2026,31-03-2026,Vertical_04,Unit_01,Commercial_Model_01
PID_1902,PRJ_1902,CUST_425,PRJ_Vert_04,PRJ_Exec_26,Standard Billable,Active,PM_706,Project_Manager_704,ASDM_133,Account_Service_Delivery_Manager_132,Confirmed,01-03-2026,31-03-2026,Vertical_04,Unit_02,Commercial_Model_02
PID_1903,PRJ_1903,CUST_116,PRJ_Vert_03,PRJ_Exec_03,Standard Billable,Active,PM_448,Project_Manager_448,ASDM_46,Account_Service_Delivery_Manager_46,Confirmed,01-03-2026,31-03-2026,Vertical_03,Unit_01,Commercial_Model_04
PID_1904,PRJ_1904,CUST_89,PRJ_Vert_03,PRJ_Exec_16,Standard Billable,Active,PM_105,Project_Manager_105,ASDM_70,Account_Service_Delivery_Manager_69,Confirmed,01-03-2026,31-03-2026,Vertical_03,Unit_01,Commercial_Model_04
PID_1905,PRJ_1905,CUST_94,PRJ_Vert_01,PRJ_Exec_16,Standard Billable,Active,PM_112,Project_Manager_112,ASDM_45,Account_Service_Delivery_Manager_45,Yet to be confirmed,01-03-2026,31-03-2026,Vertical_01,Unit_01,Commercial_Model_04
PID_1906,PRJ_1906,CUST_12,PRJ_Vert_03,PRJ_Exec_10,Standard Billable,Active,PM_12,Project_Manager_12,ASDM_12,Account_Service_Delivery_Manager_12,Yet to be confirmed,01-03-2026,31-03-2026,Vertical_03,Unit_02,Commercial_Model_02
PID_1907,PRJ_1907,CUST_132,PRJ_Vert_01,PRJ_Exec_24,Standard Billable,Active,PM_347,Project_Manager_347,ASDM_87,Account_Service_Delivery_Manager_86,Yet to be confirmed,01-03-2026,31-03-2026,Vertical_01,Unit_01,Commercial_Model_01
PID_1909,PRJ_1909,CUST_177,PRJ_Vert_02,PRJ_Exec_02,Standard Billable,Active,PM_07,Project_Manager_07,ASDM_44,Account_Service_Delivery_Manager_44,Confirmed,01-03-2026,31-03-2026,Vertical_02,Unit_01,Commercial_Model_04
PID_1910,PRJ_1910,CUST_38,PRJ_Vert_03,PRJ_Exec_03,Standard Billable,Active,PM_42,Project_Manager_42,ASDM_40,Account_Service_Delivery_Manager_40,Confirmed,01-03-2026,31-03-2026,Vertical_03,Unit_01,Commercial_Model_04
PID_1911,PRJ_1911,CUST_426,PRJ_Vert_02,PRJ_Exec_06,Standard Billable,Active,PM_707,Project_Manager_705,ASDM_06,Account_Service_Delivery_Manager_06,Confirmed,01-03-2026,31-03-2026,Vertical_02,Unit_01,Commercial_Model_01
PID_1912,PRJ_1912,CUST_161,PRJ_Vert_05,PRJ_Exec_09,Standard Billable,Active,PM_671,Project_Manager_669,ASDM_99,Account_Service_Delivery_Manager_98,Yet to be confirmed,01-03-2026,31-03-2026,Vertical_05,Unit_01,Commercial_Model_05
PID_1913,PRJ_1913,CUST_155,PRJ_Vert_02,PRJ_Exec_26,Standard Billable,Active,PM_196,Project_Manager_196,ASDM_84,Account_Service_Delivery_Manager_83,Confirmed,01-03-2026,31-03-2026,Vertical_02,Unit_02,Commercial_Model_02
PID_1914,PRJ_1914,CUST_113,PRJ_Vert_01,PRJ_Exec_01,Standard Billable,Active,PM_138,Project_Manager_138,ASDM_79,Account_Service_Delivery_Manager_78,Confirmed,01-03-2026,31-03-2026,Vertical_01,Unit_01,Commercial_Model_04
PID_618,PRJ_618,CUST_54,PRJ_Vert_02,PRJ_Exec_19,Standard Billable,Active,PM_71,Project_Manager_71,ASDM_58,Account_Service_Delivery_Manager_50,Confirmed,01-03-2026,31-03-2026,Vertical_02,Unit_01,Commercial_Model_02
PID_1800,PRJ_1800,CUST_73,PRJ_Vert_02,PRJ_Exec_15,Standard Billable,Active,PM_87,Project_Manager_87,ASDM_26,Account_Service_Delivery_Manager_26,Confirmed,01-03-2026,31-03-2026,Vertical_02,Unit_01,Commercial_Model_04
PID_1691,PRJ_1691,CUST_44,PRJ_Vert_03,PRJ_Exec_03,Standard Billable,Active,PM_653,Project_Manager_652,ASDM_43,Account_Service_Delivery_Manager_43,Confirmed,01-03-2026,31-03-2026,Vertical_03,Unit_01,Commercial_Model_04
PID_1908,PRJ_1908,CUST_62,PRJ_Vert_06,PRJ_Exec_32,Standard Billable,Active,PM_139,Project_Manager_139,ASDM_56,Account_Service_Delivery_Manager_56,Confirmed,01-03-2026,31-03-2026,Vertical_06,Unit_01,Commercial_Model_02
PID_1693,PRJ_1693,CUST_211,PRJ_Vert_05,PRJ_Exec_16,Standard Billable,Active,PM_326,Project_Manager_326,ASDM_11,Account_Service_Delivery_Manager_11,Confirmed,01-03-2026,31-03-2026,Vertical_05,Unit_01,Commercial_Model_02
PID_1917,PRJ_1917,CUST_08,PRJ_Vert_02,PRJ_Exec_07,Standard Billable,Active,PM_56,Project_Manager_56,ASDM_08,Account_Service_Delivery_Manager_08,Confirmed,01-03-2026,31-03-2026,Vertical_02,Unit_02,Commercial_Model_03
PID_1918,PRJ_1918,CUST_42,PRJ_Vert_05,PRJ_Exec_09,Standard Billable,Active,PM_709,Project_Manager_707,ASDM_42,Account_Service_Delivery_Manager_42,Yet to be confirmed,01-03-2026,31-03-2026,Vertical_05,Unit_01,Commercial_Model_04
PID_1919,PRJ_1919,CUST_354,PRJ_Vert_02,PRJ_Exec_15,Standard Billable,Active,PM_541,Project_Manager_541,ASDM_77,Account_Service_Delivery_Manager_76,Confirmed,01-03-2026,31-03-2026,Vertical_02,Unit_01,Commercial_Model_01
PID_1920,PRJ_1920,CUST_265,PRJ_Vert_01,PRJ_Exec_20,Standard Billable,Active,PM_70,Project_Manager_70,ASDM_57,Account_Service_Delivery_Manager_57,Confirmed,01-03-2026,31-03-2026,Vertical_01,Unit_01,Commercial_Model_02
PID_1921,PRJ_1921,CUST_261,PRJ_Vert_01,PRJ_Exec_16,Standard Billable,Active,PM_268,Project_Manager_268,ASDM_74,Account_Service_Delivery_Manager_73,Yet to be confirmed,01-03-2026,31-03-2026,Vertical_01,Unit_01,Commercial_Model_01
PID_1922,PRJ_1922,CUST_193,PRJ_Vert_07,PRJ_Exec_39,Standard Billable,Active,PM_137,Project_Manager_137,ASDM_16,Account_Service_Delivery_Manager_16,Confirmed,01-03-2026,31-03-2026,Vertical_07,Unit_01,Commercial_Model_01
PID_1923,PRJ_1923,CUST_369,PRJ_Vert_04,PRJ_Exec_08,Standard Billable,Active,PM_710,Project_Manager_708,ASDM_10,Account_Service_Delivery_Manager_10,Confirmed,01-03-2026,31-03-2026,Vertical_04,Unit_01,Commercial_Model_02
PID_1924,PRJ_1924,CUST_428,PRJ_Vert_04,PRJ_Exec_08,Standard Billable,Active,PM_240,Project_Manager_240,ASDM_105,Account_Service_Delivery_Manager_104,Confirmed,01-03-2026,31-03-2026,Vertical_04,Unit_01,Commercial_Model_05
PID_1925,PRJ_1925,CUST_92,PRJ_Vert_03,PRJ_Exec_03,Standard Billable,Active,PM_109,Project_Manager_109,ASDM_46,Account_Service_Delivery_Manager_46,Confirmed,01-03-2026,31-03-2026,Vertical_03,Unit_01,Commercial_Model_04
PID_1915,PRJ_1915,CUST_427,PRJ_Vert_05,PRJ_Exec_16,Standard Billable,Active,PM_177,Project_Manager_177,ASDM_42,Account_Service_Delivery_Manager_42,Confirmed,01-03-2026,31-03-2026,Vertical_05,Unit_01,Commercial_Model_02
PID_904,PRJ_904,CUST_05,PRJ_Vert_01,PRJ_Exec_17,Standard Billable,Active,PM_151,Project_Manager_151,ASDM_05,Account_Service_Delivery_Manager_05,Confirmed,01-03-2026,31-03-2026,Vertical_01,Unit_02,Commercial_Model_04
PID_1926,PRJ_1926,CUST_406,PRJ_Vert_05,PRJ_Exec_09,Standard Billable,Active,PM_252,Project_Manager_252,ASDM_76,Account_Service_Delivery_Manager_75,Yet to be confirmed,01-03-2026,31-03-2026,Vertical_05,Unit_01,Commercial_Model_04
PID_1927,PRJ_1927,CUST_32,PRJ_Vert_05,PRJ_Exec_09,Standard Billable,Active,PM_711,Project_Manager_709,ASDM_33,Account_Service_Delivery_Manager_33,Confirmed,01-03-2026,31-03-2026,Vertical_05,Unit_01,Commercial_Model_04
PID_1928,PRJ_1928,CUST_429,PRJ_Vert_08,PRJ_Exec_05,Standard Billable,Active,PM_532,Project_Manager_532,ASDM_54,Account_Service_Delivery_Manager_54,Yet to be confirmed,01-03-2026,31-03-2026,Vertical_08,Unit_01,Commercial_Model_02
PID_1929,PRJ_1929,CUST_71,PRJ_Vert_02,PRJ_Exec_23,Standard Billable,Active,PM_297,Project_Manager_297,ASDM_60,Account_Service_Delivery_Manager_59,Confirmed,01-03-2026,31-03-2026,Vertical_02,Unit_01,Commercial_Model_01
PID_1930,PRJ_1930,CUST_137,PRJ_Vert_05,PRJ_Exec_16,Standard Billable,Active,PM_475,Project_Manager_475,ASDM_89,Account_Service_Delivery_Manager_88,Confirmed,01-03-2026,31-03-2026,Vertical_05,Unit_01,Commercial_Model_04
PID_1931,PRJ_1931,CUST_108,PRJ_Vert_02,PRJ_Exec_42,Standard Billable,Active,PM_377,Project_Manager_377,ASDM_21,Account_Service_Delivery_Manager_21,Yet to be confirmed,01-03-2026,31-03-2026,Vertical_02,Unit_01,Commercial_Model_01
PID_1198,PRJ_1198,CUST_18,PRJ_Vert_01,PRJ_Exec_24,Standard Billable,Active,PM_86,Project_Manager_86,ASDM_45,Account_Service_Delivery_Manager_45,Confirmed,01-03-2026,31-03-2026,Vertical_01,Unit_01,Commercial_Model_04
PID_1932,PRJ_1932,CUST_89,PRJ_Vert_03,PRJ_Exec_31,Standard Billable,Active,PM_349,Project_Manager_349,ASDM_70,Account_Service_Delivery_Manager_69,Confirmed,01-03-2026,31-03-2026,Vertical_03,Unit_01,Commercial_Model_04
PID_1933,PRJ_1933,CUST_12,PRJ_Vert_03,PRJ_Exec_10,Standard Billable,Active,PM_12,Project_Manager_12,ASDM_12,Account_Service_Delivery_Manager_12,Yet to be confirmed,01-03-2026,31-03-2026,Vertical_03,Unit_02,Commercial_Model_02
PID_1937,PRJ_1937,CUST_132,PRJ_Vert_01,PRJ_Exec_24,Standard Billable,Active,PM_511,Project_Manager_511,ASDM_87,Account_Service_Delivery_Manager_86,Confirmed,01-03-2026,31-03-2026,Vertical_01,Unit_01,Commercial_Model_01
PID_1938,PRJ_1938,CUST_189,PRJ_Vert_03,PRJ_Exec_03,Standard Billable,Active,PM_401,Project_Manager_401,ASDM_46,Account_Service_Delivery_Manager_46,Confirmed,01-03-2026,31-03-2026,Vertical_03,Unit_01,Commercial_Model_04
PID_1939,PRJ_1939,CUST_180,PRJ_Vert_02,PRJ_Exec_06,Standard Billable,Active,PM_229,Project_Manager_229,ASDM_103,Account_Service_Delivery_Manager_102,Yet to be confirmed,01-03-2026,31-03-2026,Vertical_02,Unit_01,Commercial_Model_05
PID_1940,PRJ_1940,CUST_92,PRJ_Vert_03,PRJ_Exec_03,Standard Billable,Active,PM_109,Project_Manager_109,ASDM_46,Account_Service_Delivery_Manager_46,Confirmed,01-03-2026,31-03-2026,Vertical_03,Unit_01,Commercial_Model_04
PID_1941,PRJ_1941,CUST_132,PRJ_Vert_01,PRJ_Exec_24,Standard Billable,Active,PM_158,Project_Manager_158,ASDM_87,Account_Service_Delivery_Manager_86,Confirmed,01-03-2026,31-03-2026,Vertical_01,Unit_01,Commercial_Model_04
PID_1942,PRJ_1942,CUST_430,PRJ_Vert_05,PRJ_Exec_09,Standard Billable,Active,PM_124,Project_Manager_124,ASDM_11,Account_Service_Delivery_Manager_11,Yet to be confirmed,01-03-2026,31-03-2026,Vertical_05,Unit_01,Commercial_Model_02
PID_1943,PRJ_1943,CUST_154,PRJ_Vert_03,PRJ_Exec_03,Standard Billable,Active,PM_659,Project_Manager_658,ASDM_95,Account_Service_Delivery_Manager_94,Confirmed,01-03-2026,31-03-2026,Vertical_03,Unit_01,Commercial_Model_04
PID_1944,PRJ_1944,CUST_27,PRJ_Vert_03,PRJ_Exec_03,Standard Billable,Active,PM_470,Project_Manager_470,ASDM_27,Account_Service_Delivery_Manager_27,Confirmed,01-03-2026,31-03-2026,Vertical_03,Unit_01,Commercial_Model_04
PID_653,PRJ_653,CUST_52,PRJ_Vert_02,PRJ_Exec_05,Standard Billable,Active,PM_287,Project_Manager_287,ASDM_121,Account_Service_Delivery_Manager_120,Yet to be confirmed,01-03-2026,31-03-2026,Vertical_02,Unit_01,Commercial_Model_01
PID_1945,PRJ_1945,CUST_202,PRJ_Vert_05,PRJ_Exec_09,Standard Billable,Active,PM_275,Project_Manager_275,ASDM_76,Account_Service_Delivery_Manager_75,Confirmed,01-03-2026,31-03-2026,Vertical_05,Unit_01,Commercial_Model_04
PID_1211,PRJ_1211,CUST_322,PRJ_Vert_02,PRJ_Exec_19,Standard Billable,Active,PM_71,Project_Manager_71,ASDM_116,Account_Service_Delivery_Manager_115,Confirmed,01-03-2026,31-03-2026,Vertical_02,Unit_01,Commercial_Model_04
PID_1946,PRJ_1946,CUST_95,PRJ_Vert_01,PRJ_Exec_01,Standard Billable,Active,PM_113,Project_Manager_113,ASDM_74,Account_Service_Delivery_Manager_73,Confirmed,01-03-2026,31-03-2026,Vertical_01,Unit_01,Commercial_Model_04
PID_1947,PRJ_1947,CUST_63,PRJ_Vert_01,PRJ_Exec_20,Standard Billable,Active,PM_70,Project_Manager_70,ASDM_57,Account_Service_Delivery_Manager_57,Confirmed,01-03-2026,31-03-2026,Vertical_01,Unit_01,Commercial_Model_04
PID_1948,PRJ_1948,CUST_205,PRJ_Vert_01,PRJ_Exec_01,Standard Billable,Active,PM_01,Project_Manager_01,ASDM_01,Account_Service_Delivery_Manager_01,Confirmed,01-03-2026,31-03-2026,Vertical_01,Unit_01,Commercial_Model_04
PID_1949,PRJ_1949,CUST_265,PRJ_Vert_01,PRJ_Exec_20,Standard Billable,Active,PM_70,Project_Manager_70,ASDM_57,Account_Service_Delivery_Manager_57,Confirmed,01-03-2026,31-03-2026,Vertical_01,Unit_01,Commercial_Model_02
PID_1950,PRJ_1950,CUST_52,PRJ_Vert_02,PRJ_Exec_07,Standard Billable,Active,PM_133,Project_Manager_133,ASDM_08,Account_Service_Delivery_Manager_08,Confirmed,01-03-2026,31-03-2026,Vertical_02,Unit_02,Commercial_Model_03
PID_1952,PRJ_1952,CUST_104,PRJ_Vert_05,PRJ_Exec_09,Standard Billable,Active,PM_127,Project_Manager_127,ASDM_76,Account_Service_Delivery_Manager_75,Yet to be confirmed,01-03-2026,31-03-2026,Vertical_05,Unit_01,Commercial_Model_04
PID_1953,PRJ_1953,CUST_63,PRJ_Vert_01,PRJ_Exec_20,Standard Billable,Active,PM_70,Project_Manager_70,ASDM_57,Account_Service_Delivery_Manager_57,Confirmed,01-03-2026,31-03-2026,Vertical_01,Unit_01,Commercial_Model_02
PID_1954,PRJ_1954,CUST_40,PRJ_Vert_01,PRJ_Exec_05,Standard Billable,Active,PM_130,Project_Manager_130,ASDM_41,Account_Service_Delivery_Manager_41,Confirmed,01-03-2026,31-03-2026,Vertical_01,Unit_01,Commercial_Model_02
PID_1955,PRJ_1955,CUST_12,PRJ_Vert_03,PRJ_Exec_10,Standard Billable,Active,PM_12,Project_Manager_12,ASDM_12,Account_Service_Delivery_Manager_12,Yet to be confirmed,01-03-2026,31-03-2026,Vertical_03,Unit_02,Commercial_Model_02
PID_1956,PRJ_1956,CUST_67,PRJ_Vert_02,PRJ_Exec_23,Standard Billable,Active,PM_253,Project_Manager_253,ASDM_59,Account_Service_Delivery_Manager_58,Confirmed,01-03-2026,31-03-2026,Vertical_02,Unit_01,Commercial_Model_01
PID_1957,PRJ_1957,CUST_317,PRJ_Vert_03,PRJ_Exec_10,Standard Billable,Active,PM_309,Project_Manager_309,ASDM_117,Account_Service_Delivery_Manager_116,Confirmed,01-03-2026,31-03-2026,Vertical_03,Unit_02,Commercial_Model_04
PID_1958,PRJ_1958,CUST_223,PRJ_Vert_02,PRJ_Exec_19,Standard Billable,Active,PM_308,Project_Manager_308,ASDM_116,Account_Service_Delivery_Manager_115,Confirmed,01-03-2026,31-03-2026,Vertical_02,Unit_01,Commercial_Model_04
PID_1959,PRJ_1959,CUST_376,PRJ_Vert_01,PRJ_Exec_24,Standard Billable,Active,PM_91,Project_Manager_91,ASDM_62,Account_Service_Delivery_Manager_61,Confirmed,01-03-2026,31-03-2026,Vertical_01,Unit_01,Commercial_Model_01
PID_285,PRJ_285,CUST_19,PRJ_Vert_04,PRJ_Exec_08,Standard Billable,Active,PM_01,Project_Manager_01,ASDM_19,Account_Service_Delivery_Manager_19,Yet to be confirmed,01-03-2026,31-03-2026,Vertical_04,Unit_01,Commercial_Model_04
PID_1960,PRJ_1960,CUST_10,PRJ_Vert_04,PRJ_Exec_08,Standard Billable,Active,PM_10,Project_Manager_10,ASDM_10,Account_Service_Delivery_Manager_10,Confirmed,01-03-2026,31-03-2026,Vertical_04,Unit_01,Commercial_Model_02
PID_1961,PRJ_1961,CUST_431,PRJ_Vert_07,PRJ_Exec_39,Standard Billable,Active,PM_143,Project_Manager_143,ASDM_72,Account_Service_Delivery_Manager_71,Confirmed,01-03-2026,31-03-2026,Vertical_07,Unit_01,Commercial_Model_04
PID_1962,PRJ_1962,CUST_198,PRJ_Vert_05,PRJ_Exec_09,Standard Billable,Active,PM_257,Project_Manager_257,ASDM_75,Account_Service_Delivery_Manager_74,Confirmed,01-03-2026,31-03-2026,Vertical_05,Unit_01,Commercial_Model_04
PID_1963,PRJ_1963,CUST_13,PRJ_Vert_06,PRJ_Exec_28,Standard Billable,Active,PM_328,Project_Manager_328,ASDM_48,Account_Service_Delivery_Manager_48,Confirmed,01-03-2026,31-03-2026,Vertical_06,Unit_01,Commercial_Model_04
PID_1964,PRJ_1964,CUST_166,PRJ_Vert_02,PRJ_Exec_15,Standard Billable,Active,PM_196,Project_Manager_196,ASDM_84,Account_Service_Delivery_Manager_83,Confirmed,01-03-2026,31-03-2026,Vertical_02,Unit_01,Commercial_Model_04
PID_1965,PRJ_1965,CUST_54,PRJ_Vert_02,PRJ_Exec_19,Standard Billable,Active,PM_71,Project_Manager_71,ASDM_58,Account_Service_Delivery_Manager_50,Confirmed,01-03-2026,31-03-2026,Vertical_02,Unit_01,Commercial_Model_02
PID_181,PRJ_181,CUST_119,PRJ_Vert_02,PRJ_Exec_02,Standard Billable,Active,PM_144,Project_Manager_144,ASDM_59,Account_Service_Delivery_Manager_58,Yet to be confirmed,01-03-2026,31-03-2026,Vertical_02,Unit_01,Commercial_Model_04
PID_1966,PRJ_1966,CUST_20,PRJ_Vert_03,PRJ_Exec_03,Standard Billable,Active,PM_28,Project_Manager_28,ASDM_20,Account_Service_Delivery_Manager_20,Confirmed,01-03-2026,31-03-2026,Vertical_03,Unit_01,Commercial_Model_04
PID_410,PRJ_410,CUST_71,PRJ_Vert_02,PRJ_Exec_23,Standard Billable,Active,PM_262,Project_Manager_262,ASDM_60,Account_Service_Delivery_Manager_59,Confirmed,01-03-2026,31-03-2026,Vertical_02,Unit_01,Commercial_Model_01
PID_1967,PRJ_1967,CUST_432,PRJ_Vert_01,PRJ_Exec_24,Standard Billable,Active,PM_01,Project_Manager_01,ASDM_45,Account_Service_Delivery_Manager_45,Yet to be confirmed,01-03-2026,31-03-2026,Vertical_01,Unit_01,Commercial_Model_04
PID_1968,PRJ_1968,CUST_149,PRJ_Vert_02,PRJ_Exec_16,Standard Billable,Active,PM_187,Project_Manager_187,ASDM_93,Account_Service_Delivery_Manager_92,Confirmed,01-03-2026,31-03-2026,Vertical_02,Unit_01,Commercial_Model_04
PID_1969,PRJ_1969,CUST_47,PRJ_Vert_01,PRJ_Exec_24,Standard Billable,Active,PM_128,Project_Manager_128,ASDM_45,Account_Service_Delivery_Manager_45,Yet to be confirmed,01-03-2026,31-03-2026,Vertical_01,Unit_01,Commercial_Model_01
PID_1970,PRJ_1970,CUST_81,PRJ_Vert_05,PRJ_Exec_09,Standard Billable,Active,PM_712,Project_Manager_710,ASDM_33,Account_Service_Delivery_Manager_33,Confirmed,01-03-2026,31-03-2026,Vertical_05,Unit_01,Commercial_Model_04
PID_1971,PRJ_1971,CUST_05,PRJ_Vert_01,PRJ_Exec_26,Standard Billable,Active,PM_46,Project_Manager_46,ASDM_100,Account_Service_Delivery_Manager_99,Confirmed,01-03-2026,31-03-2026,Vertical_01,Unit_02,Commercial_Model_02
PID_1973,PRJ_1973,CUST_73,PRJ_Vert_02,PRJ_Exec_15,Standard Billable,Active,PM_87,Project_Manager_87,ASDM_26,Account_Service_Delivery_Manager_26,Confirmed,01-03-2026,31-03-2026,Vertical_02,Unit_01,Commercial_Model_05
PID_1974,PRJ_1974,CUST_65,PRJ_Vert_01,PRJ_Exec_33,Standard Billable,Active,PM_714,Project_Manager_712,ASDM_39,Account_Service_Delivery_Manager_39,Confirmed,01-03-2026,31-03-2026,Vertical_01,Unit_01,Commercial_Model_04
PID_185,PRJ_185,CUST_121,PRJ_Vert_01,PRJ_Exec_24,Standard Billable,Active,PM_146,Project_Manager_146,ASDM_81,Account_Service_Delivery_Manager_80,Confirmed,01-03-2026,31-03-2026,Vertical_01,Unit_01,Commercial_Model_04
PID_1975,PRJ_1975,CUST_02,PRJ_Vert_02,PRJ_Exec_02,Standard Billable,Active,PM_715,Project_Manager_713,ASDM_02,Account_Service_Delivery_Manager_02,Confirmed,01-03-2026,31-03-2026,Vertical_02,Unit_01,Commercial_Model_05
PID_1976,PRJ_1976,CUST_59,PRJ_Vert_08,PRJ_Exec_05,Standard Billable,Active,PM_716,Project_Manager_714,ASDM_54,Account_Service_Delivery_Manager_54,Confirmed,01-03-2026,31-03-2026,Vertical_08,Unit_01,Commercial_Model_02
PID_1977,PRJ_1977,CUST_32,PRJ_Vert_05,PRJ_Exec_09,Standard Billable,Active,PM_717,Project_Manager_715,ASDM_33,Account_Service_Delivery_Manager_33,Confirmed,01-03-2026,31-03-2026,Vertical_05,Unit_01,Commercial_Model_04
PID_1978,PRJ_1978,CUST_27,PRJ_Vert_03,PRJ_Exec_03,Standard Billable,Active,PM_718,Project_Manager_716,ASDM_27,Account_Service_Delivery_Manager_27,Confirmed,01-03-2026,31-03-2026,Vertical_03,Unit_01,Commercial_Model_04
PID_1979,PRJ_1979,CUST_349,PRJ_Vert_01,PRJ_Exec_01,Standard Billable,Active,PM_01,Project_Manager_01,ASDM_01,Account_Service_Delivery_Manager_01,Confirmed,01-03-2026,31-03-2026,Vertical_01,Unit_01,Commercial_Model_04
PID_1980,PRJ_1980,CUST_12,PRJ_Vert_03,PRJ_Exec_10,Standard Billable,Active,PM_12,Project_Manager_12,ASDM_12,Account_Service_Delivery_Manager_12,Yet to be confirmed,01-03-2026,31-03-2026,Vertical_03,Unit_02,Commercial_Model_02
PID_1981,PRJ_1981,CUST_231,PRJ_Vert_01,PRJ_Exec_01,Standard Billable,Active,PM_322,Project_Manager_322,ASDM_52,Account_Service_Delivery_Manager_52,Yet to be confirmed,01-03-2026,31-03-2026,Vertical_01,Unit_01,Commercial_Model_04
PID_1982,PRJ_1982,CUST_47,PRJ_Vert_01,PRJ_Exec_24,Standard Billable,Active,PM_165,Project_Manager_165,ASDM_45,Account_Service_Delivery_Manager_45,Confirmed,01-03-2026,31-03-2026,Vertical_01,Unit_01,Commercial_Model_02
PID_1421,PRJ_1421,CUST_27,PRJ_Vert_03,PRJ_Exec_16,Standard Billable,Active,PM_587,Project_Manager_587,ASDM_27,Account_Service_Delivery_Manager_27,Confirmed,01-03-2026,31-03-2026,Vertical_03,Unit_01,Commercial_Model_04
PID_1985,PRJ_1985,CUST_256,PRJ_Vert_03,PRJ_Exec_03,Standard Billable,Active,PM_93,Project_Manager_93,ASDM_46,Account_Service_Delivery_Manager_46,Confirmed,01-03-2026,31-03-2026,Vertical_03,Unit_01,Commercial_Model_04
PID_1987,PRJ_1987,CUST_20,PRJ_Vert_03,PRJ_Exec_03,Standard Billable,Active,PM_28,Project_Manager_28,ASDM_20,Account_Service_Delivery_Manager_20,Confirmed,01-03-2026,31-03-2026,Vertical_03,Unit_01,Commercial_Model_04
PID_1754,PRJ_1754,CUST_91,PRJ_Vert_02,PRJ_Exec_19,Standard Billable,Active,PM_71,Project_Manager_71,ASDM_58,Account_Service_Delivery_Manager_50,Confirmed,01-03-2026,31-03-2026,Vertical_02,Unit_01,Commercial_Model_02
PID_1988,PRJ_1988,CUST_198,PRJ_Vert_05,PRJ_Exec_09,Standard Billable,Active,PM_257,Project_Manager_257,ASDM_75,Account_Service_Delivery_Manager_74,Confirmed,01-03-2026,31-03-2026,Vertical_05,Unit_01,Commercial_Model_04
PID_1989,PRJ_1989,CUST_180,PRJ_Vert_02,PRJ_Exec_06,Standard Billable,Active,PM_229,Project_Manager_229,ASDM_103,Account_Service_Delivery_Manager_102,Yet to be confirmed,01-03-2026,31-03-2026,Vertical_02,Unit_01,Commercial_Model_05
PID_1991,PRJ_1991,CUST_12,PRJ_Vert_03,PRJ_Exec_10,Standard Billable,Active,PM_12,Project_Manager_12,ASDM_12,Account_Service_Delivery_Manager_12,Yet to be confirmed,01-03-2026,31-03-2026,Vertical_03,Unit_02,Commercial_Model_02
PID_1992,PRJ_1992,CUST_47,PRJ_Vert_01,PRJ_Exec_24,Standard Billable,Active,PM_165,Project_Manager_165,ASDM_45,Account_Service_Delivery_Manager_45,Confirmed,01-03-2026,31-03-2026,Vertical_01,Unit_01,Commercial_Model_04
PID_1993,PRJ_1993,CUST_97,PRJ_Vert_03,PRJ_Exec_03,Standard Billable,Active,PM_116,Project_Manager_116,ASDM_43,Account_Service_Delivery_Manager_43,Yet to be confirmed,01-03-2026,31-03-2026,Vertical_03,Unit_01,Commercial_Model_04
PID_1842,PRJ_1842,CUST_05,PRJ_Vert_01,PRJ_Exec_20,Standard Billable,Active,PM_269,Project_Manager_269,ASDM_05,Account_Service_Delivery_Manager_05,Confirmed,01-03-2026,31-03-2026,Vertical_01,Unit_01,Commercial_Model_02
PID_1994,PRJ_1994,CUST_139,PRJ_Vert_02,PRJ_Exec_19,Standard Billable,Active,PM_168,Project_Manager_168,ASDM_38,Account_Service_Delivery_Manager_38,Yet to be confirmed,01-03-2026,31-03-2026,Vertical_02,Unit_01,Commercial_Model_04
PID_1995,PRJ_1995,CUST_67,PRJ_Vert_02,PRJ_Exec_23,Standard Billable,Active,PM_253,Project_Manager_253,ASDM_59,Account_Service_Delivery_Manager_58,Confirmed,01-03-2026,31-03-2026,Vertical_02,Unit_01,Commercial_Model_01
PID_977,PRJ_977,CUST_312,PRJ_Vert_02,PRJ_Exec_37,Standard Billable,Active,PM_71,Project_Manager_71,ASDM_58,Account_Service_Delivery_Manager_50,Confirmed,01-03-2026,31-03-2026,Vertical_02,Unit_01,Commercial_Model_01
PID_1996,PRJ_1996,CUST_134,PRJ_Vert_03,PRJ_Exec_03,Standard Billable,Active,PM_160,Project_Manager_160,ASDM_88,Account_Service_Delivery_Manager_87,Confirmed,01-03-2026,31-03-2026,Vertical_03,Unit_01,Commercial_Model_01
PID_1997,PRJ_1997,CUST_249,PRJ_Vert_06,PRJ_Exec_32,Standard Billable,Active,PM_58,Project_Manager_58,ASDM_49,Account_Service_Delivery_Manager_49,Confirmed,01-03-2026,31-03-2026,Vertical_06,Unit_01,Commercial_Model_02
PID_1999,PRJ_1999,CUST_01,PRJ_Vert_01,PRJ_Exec_01,Standard Billable,Active,PM_01,Project_Manager_01,ASDM_01,Account_Service_Delivery_Manager_01,Confirmed,01-03-2026,31-03-2026,Vertical_01,Unit_01,Commercial_Model_04
PID_206,PRJ_206,CUST_06,PRJ_Vert_02,PRJ_Exec_06,Standard Billable,Active,PM_06,Project_Manager_06,ASDM_06,Account_Service_Delivery_Manager_06,Confirmed,01-03-2026,31-03-2026,Vertical_02,Unit_01,Commercial_Model_04
PID_2001,PRJ_2001,CUST_01,PRJ_Vert_01,PRJ_Exec_01,Standard Billable,Active,PM_01,Project_Manager_01,ASDM_01,Account_Service_Delivery_Manager_01,Yet to be confirmed,01-03-2026,31-03-2026,Vertical_01,Unit_01,Commercial_Model_01
PID_1262,PRJ_1262,CUST_211,PRJ_Vert_05,PRJ_Exec_09,Standard Billable,Active,PM_326,Project_Manager_326,ASDM_11,Account_Service_Delivery_Manager_11,Confirmed,01-03-2026,31-03-2026,Vertical_05,Unit_01,Commercial_Model_04
PID_2003,PRJ_2003,CUST_134,PRJ_Vert_03,PRJ_Exec_03,Standard Billable,Active,PM_160,Project_Manager_160,ASDM_88,Account_Service_Delivery_Manager_87,Confirmed,01-03-2026,31-03-2026,Vertical_03,Unit_01,Commercial_Model_01
PID_2004,PRJ_2004,CUST_47,PRJ_Vert_01,PRJ_Exec_24,Standard Billable,Active,PM_131,Project_Manager_131,ASDM_45,Account_Service_Delivery_Manager_45,Yet to be confirmed,01-03-2026,31-03-2026,Vertical_01,Unit_01,Commercial_Model_04
PID_2005,PRJ_2005,CUST_148,PRJ_Vert_02,PRJ_Exec_15,Standard Billable,Active,PM_186,Project_Manager_186,ASDM_77,Account_Service_Delivery_Manager_76,Confirmed,01-03-2026,31-03-2026,Vertical_02,Unit_01,Commercial_Model_01
PID_2006,PRJ_2006,CUST_389,PRJ_Vert_03,PRJ_Exec_59,Standard Billable,Active,PM_171,Project_Manager_171,ASDM_20,Account_Service_Delivery_Manager_20,Confirmed,01-03-2026,31-03-2026,Vertical_03,Unit_01,Commercial_Model_05
PID_2007,PRJ_2007,CUST_134,PRJ_Vert_03,PRJ_Exec_03,Standard Billable,Active,PM_160,Project_Manager_160,ASDM_88,Account_Service_Delivery_Manager_87,Confirmed,01-03-2026,31-03-2026,Vertical_03,Unit_01,Commercial_Model_01
PID_2008,PRJ_2008,CUST_230,PRJ_Vert_06,PRJ_Exec_17,Standard Billable,Active,PM_25,Project_Manager_25,ASDM_25,Account_Service_Delivery_Manager_25,Confirmed,01-03-2026,31-03-2026,Vertical_06,Unit_02,Commercial_Model_02
PID_727,PRJ_727,CUST_271,PRJ_Vert_03,PRJ_Exec_03,Standard Billable,Active,PM_62,Project_Manager_62,ASDM_07,Account_Service_Delivery_Manager_07,Confirmed,01-03-2026,31-03-2026,Vertical_03,Unit_01,Commercial_Model_05
PID_2009,PRJ_2009,CUST_58,PRJ_Vert_01,PRJ_Exec_05,Standard Billable,Active,PM_455,Project_Manager_455,ASDM_53,Account_Service_Delivery_Manager_53,Yet to be confirmed,01-03-2026,31-03-2026,Vertical_01,Unit_01,Commercial_Model_01
PID_2010,PRJ_2010,CUST_05,PRJ_Vert_01,PRJ_Exec_53,Standard Billable,Active,PM_162,Project_Manager_162,ASDM_05,Account_Service_Delivery_Manager_05,Confirmed,01-03-2026,31-03-2026,Vertical_01,Unit_01,Commercial_Model_04
PID_2011,PRJ_2011,CUST_62,PRJ_Vert_06,PRJ_Exec_32,Standard Billable,Active,PM_139,Project_Manager_139,ASDM_56,Account_Service_Delivery_Manager_56,Confirmed,01-03-2026,31-03-2026,Vertical_06,Unit_01,Commercial_Model_05
PID_1857,PRJ_1857,CUST_433,PRJ_Vert_01,PRJ_Exec_01,Standard Billable,Active,PM_693,Project_Manager_691,ASDM_74,Account_Service_Delivery_Manager_73,Confirmed,01-03-2026,31-03-2026,Vertical_01,Unit_01,Commercial_Model_01
PID_2012,PRJ_2012,CUST_05,PRJ_Vert_01,PRJ_Exec_53,Standard Billable,Active,PM_162,Project_Manager_162,ASDM_05,Account_Service_Delivery_Manager_05,Confirmed,01-03-2026,31-03-2026,Vertical_01,Unit_01,Commercial_Model_04
PID_2014,PRJ_2014,CUST_213,PRJ_Vert_02,PRJ_Exec_19,Standard Billable,Active,PM_202,Project_Manager_202,ASDM_30,Account_Service_Delivery_Manager_30,Confirmed,01-03-2026,31-03-2026,Vertical_02,Unit_01,Commercial_Model_02
PID_2013,PRJ_2013,CUST_82,PRJ_Vert_06,PRJ_Exec_16,Standard Billable,Active,PM_108,Project_Manager_108,ASDM_66,Account_Service_Delivery_Manager_65,Confirmed,01-03-2026,31-03-2026,Vertical_06,Unit_01,Commercial_Model_01
PID_2015,PRJ_2015,CUST_113,PRJ_Vert_01,PRJ_Exec_01,Standard Billable,Active,PM_138,Project_Manager_138,ASDM_79,Account_Service_Delivery_Manager_78,Confirmed,01-03-2026,31-03-2026,Vertical_01,Unit_01,Commercial_Model_04
PID_2016,PRJ_2016,CUST_207,PRJ_Vert_01,PRJ_Exec_01,Standard Billable,Active,PM_720,Project_Manager_718,ASDM_107,Account_Service_Delivery_Manager_106,Yet to be confirmed,01-03-2026,31-03-2026,Vertical_01,Unit_01,Commercial_Model_04
PID_2017,PRJ_2017,CUST_72,PRJ_Vert_01,PRJ_Exec_35,Standard Billable,Active,PM_86,Project_Manager_86,ASDM_55,Account_Service_Delivery_Manager_55,Confirmed,01-03-2026,31-03-2026,Vertical_01,Unit_01,Commercial_Model_01
PID_2018,PRJ_2018,CUST_120,PRJ_Vert_02,PRJ_Exec_23,Standard Billable,Active,PM_121,Project_Manager_121,ASDM_60,Account_Service_Delivery_Manager_59,Yet to be confirmed,01-03-2026,31-03-2026,Vertical_02,Unit_01,Commercial_Model_01
PID_2019,PRJ_2019,CUST_42,PRJ_Vert_05,PRJ_Exec_09,Standard Billable,Active,PM_721,Project_Manager_719,ASDM_42,Account_Service_Delivery_Manager_42,Yet to be confirmed,01-03-2026,31-03-2026,Vertical_05,Unit_01,Commercial_Model_05
PID_2020,PRJ_2020,CUST_92,PRJ_Vert_03,PRJ_Exec_03,Standard Billable,Active,PM_109,Project_Manager_109,ASDM_46,Account_Service_Delivery_Manager_46,Confirmed,01-03-2026,31-03-2026,Vertical_03,Unit_01,Commercial_Model_04
PID_2021,PRJ_2021,CUST_81,PRJ_Vert_05,PRJ_Exec_09,Standard Billable,Active,PM_722,Project_Manager_720,ASDM_33,Account_Service_Delivery_Manager_33,Confirmed,01-03-2026,31-03-2026,Vertical_05,Unit_01,Commercial_Model_04
PID_1425,PRJ_1425,CUST_154,PRJ_Vert_03,PRJ_Exec_03,Standard Billable,Active,PM_294,Project_Manager_294,ASDM_95,Account_Service_Delivery_Manager_94,Yet to be confirmed,01-03-2026,31-03-2026,Vertical_03,Unit_01,Commercial_Model_04
PID_1914,PRJ_1914,CUST_113,PRJ_Vert_01,PRJ_Exec_01,Standard Billable,Active,PM_138,Project_Manager_138,ASDM_79,Account_Service_Delivery_Manager_78,Confirmed,01-03-2026,31-03-2026,Vertical_01,Unit_01,Commercial_Model_04
PID_2015,PRJ_2015,CUST_113,PRJ_Vert_01,PRJ_Exec_01,Standard Billable,Active,PM_138,Project_Manager_138,ASDM_79,Account_Service_Delivery_Manager_78,Confirmed,01-03-2026,31-03-2026,Vertical_01,Unit_01,Commercial_Model_04
PID_2020,PRJ_2020,CUST_92,PRJ_Vert_03,PRJ_Exec_03,Standard Billable,Active,PM_109,Project_Manager_139,ASDM_56,Account_Service_Delivery_Manager_56,Confirmed,01-03-2026,31-03-2026,Vertical_03,Unit_01,Commercial_Model_04
PID_2021,PRJ_2021,CUST_81,PRJ_Vert_05,PRJ_Exec_09,Standard Billable,Active,PM_722,Project_Manager_691,ASDM_74,Account_Service_Delivery_Manager_73,Confirmed,01-03-2026,31-03-2026,Vertical_05,Unit_01,Commercial_Model_04
PID_1425,PRJ_1425,CUST_154,PRJ_Vert_03,PRJ_Exec_03,Standard Billable,Active,PM_294,Project_Manager_162,ASDM_05,Account_Service_Delivery_Manager_05,Yet to be confirmed,01-03-2026,31-03-2026,Vertical_03,Unit_01,Commercial_Model_04
PID_2021,PRJ_2021,CUST_81,PRJ_Vert_05,PRJ_Exec_09,Standard Billable,Active,PM_722,Project_Manager_108,ASDM_66,Account_Service_Delivery_Manager_65,Confirmed,01-03-2026,31-03-2026,Vertical_05,Unit_01,Commercial_Model_04
PID_1425,PRJ_1425,CUST_154,PRJ_Vert_03,PRJ_Exec_03,Standard Billable,Active,PM_294,Project_Manager_202,ASDM_30,Account_Service_Delivery_Manager_30,Yet to be confirmed,01-03-2026,31-03-2026,Vertical_03,Unit_01,Commercial_Model_04
PID_2016,PRJ_2016,CUST_207,PRJ_Vert_01,PRJ_Exec_01,Standard Billable,Active,PM_138,Project_Manager_138,ASDM_79,Account_Service_Delivery_Manager_78,Yet to be confirmed,01-03-2026,31-03-2026,Vertical_01,Unit_01,Commercial_Model_04
PID_2017,PRJ_2017,CUST_72,PRJ_Vert_01,PRJ_Exec_35,Standard Billable,Active,PM_720,Project_Manager_718,ASDM_107,Account_Service_Delivery_Manager_106,Confirmed,01-03-2026,31-03-2026,Vertical_01,Unit_01,Commercial_Model_01
PID_2018,PRJ_2018,CUST_120,PRJ_Vert_02,PRJ_Exec_23,Standard Billable,Active,PM_86,Project_Manager_86,ASDM_55,Account_Service_Delivery_Manager_55,Yet to be confirmed,01-03-2026,31-03-2026,Vertical_02,Unit_01,Commercial_Model_01
PID_2019,PRJ_2019,CUST_42,PRJ_Vert_05,PRJ_Exec_09,Standard Billable,Active,PM_121,Project_Manager_121,ASDM_60,Account_Service_Delivery_Manager_59,Yet to be confirmed,01-03-2026,31-03-2026,Vertical_05,Unit_01,Commercial_Model_05
PID_2020,PRJ_2020,CUST_92,PRJ_Vert_03,PRJ_Exec_03,Standard Billable,Active,PM_721,Project_Manager_719,ASDM_42,Account_Service_Delivery_Manager_42,Confirmed,01-03-2026,31-03-2026,Vertical_03,Unit_01,Commercial_Model_04
PID_2021,PRJ_2021,CUST_81,PRJ_Vert_05,PRJ_Exec_09,Standard Billable,Active,PM_109,Project_Manager_109,ASDM_46,Account_Service_Delivery_Manager_46,Confirmed,01-03-2026,31-03-2026,Vertical_05,Unit_01,Commercial_Model_04
PID_104,PRJ_104,CUST_74,PRJ_Vert_04,PRJ_Exec_34,Standard Billable,Active,PM_722,Project_Manager_720,ASDM_33,Account_Service_Delivery_Manager_33,Yet to be confirmed,01-03-2026,31-03-2026,Vertical_04,Unit_01,Commercial_Model_04
PID_1425,PRJ_1425,CUST_154,PRJ_Vert_03,PRJ_Exec_03,Standard Billable,Active,PM_723,Project_Manager_721,ASDM_09,Account_Service_Delivery_Manager_09,Yet to be confirmed,01-03-2026,31-03-2026,Vertical_03,Unit_01,Commercial_Model_04
PID_1425,PRJ_1425,CUST_154,PRJ_Vert_03,PRJ_Exec_03,Standard Billable,Active,PM_294,Project_Manager_294,ASDM_95,Account_Service_Delivery_Manager_94,Yet to be confirmed,01-03-2026,31-03-2026,Vertical_03,Unit_01,Commercial_Model_04
